{"energy": -457.11604084999993, "atomic_charge": [-0.284864, 0.18947899999999998, -0.24526500000000007, 0.020907999999999982, -0.223598, -0.06462600000000002, -0.13535200000000003, 0.15995700000000002, -0.19086000000000003, 0.09796399999999998, 0.12030099999999999, 0.112127, 0.136232, 0.15054299999999998, 0.157058], "bond_order": [[0, 1, 0.9021999999999999], [0, 9, 0.9187], [0, 10, 0.9117], [0, 11, 0.9129999999999999], [1, 2, 1.0110000000000001], [1, 4, 0.8160000000000001], [1, 5, 0.8326000000000001], [2, 3, 0.9174], [3, 4, 0.9173000000000001], [3, 7, 0.8698], [3, 12, 0.9081], [4, 5, 0.858], [4, 13, 0.8746999999999999], [5, 6, 0.9618], [5, 14, 0.9087000000000001], [6, 7, 1.1351000000000002], [7, 8, 2.1129]], "x": 0.52798, "y": 7.59681, "z": 2.4403900000000003, "xx": 184.88423999999998, "yy": 619.2749899999999, "zz": 163.79456, "xy": 5.97891, "xz": -21.68554, "yz": 108.5384, "E_nn": 462.4885171831, "Ee": [45460.6, 52452.3, 59514.2], "T": [[0.05652, 0.11927, 0.00106], [0.01067, 0.52237, 0.10149], [0.15499, 0.41168, 0.17096]], "alpha": [[55.56934, 5.10637, -1.41009], [5.10637, 78.9527, 3.56424], [-1.41009, 3.56424, 53.73333]], "name": "1"}