{"energy": -382.79901524999997, "atomic_charge": [-0.300243, -0.04433599999999999, 0.027504000000000015, -0.04956500000000001, -0.22602699999999998, -0.39134, 0.48694400000000004, 0.228363, -0.5425019999999999, 0.20545099999999997, 0.072466, 0.078176, 0.150197, 0.147729, 0.157186], "bond_order": [[0, 1, 1.011], [0, 9, 0.9468999999999999], [1, 2, 1.0666999999999998], [1, 10, 0.9047999999999999], [1, 11, 0.9046], [2, 3, 2.3240000000000003], [3, 4, 1.0267000000000002], [4, 5, 0.9906999999999999], [4, 6, 0.1054], [4, 12, 0.9015], [4, 13, 0.8988], [5, 6, 2.2778], [5, 7, 0.0884], [5, 8, 0.23609999999999998], [6, 7, 1.6063999999999998], [6, 8, -0.1451], [7, 8, 2.1769], [8, 14, 0.9440999999999999]], "x": 3.0724600000000004, "y": 3.9833999999999996, "z": -0.5732699999999998, "xx": 702.87503, "yy": 1533.08438, "zz": 83.43612000000002, "xy": 788.63098, "xz": 44.059400000000004, "yz": 4.29953, "E_nn": 320.8052445038, "Ee": [45298.5, 47435.8, 47530.3], "T": [[0.00084, 0.00013, 0.0125], [0.0828, 0.02914, 0.00291], [0.00585, 0.00756, 0.03739]], "alpha": [[73.57078, 22.56356, 0.68971], [22.56356, 127.76569, -4.65551], [0.68971, -4.65551, 45.01631]], "name": "13"}