{"energy": -406.4185528699999, "atomic_charge": [-0.21585599999999996, 0.07046799999999998, -0.11638100000000001, -0.03811099999999995, -0.188178, -0.08970699999999998, -0.026197, -0.05707699999999999, 0.163336, 0.18233799999999997, 0.145465, 0.1699], "bond_order": [[0, 1, 1.1684], [0, 8, 0.9204000000000001], [0, 9, 0.9039], [1, 2, 1.6973], [1, 7, 1.0972], [2, 3, 1.1586999999999998], [3, 4, 1.9409999999999998], [3, 5, 1.0327000000000002], [4, 10, 0.8993], [5, 6, 1.6214000000000002], [6, 7, 0.9293999999999999], [7, 11, 0.9151]], "x": -0.5934900000000001, "y": 2.2873, "z": -0.24272999999999997, "xx": 308.73771999999997, "yy": 466.05313, "zz": 39.89512999999999, "xy": 93.38020999999999, "xz": 4.12922, "yz": 3.4495499999999995, "E_nn": 362.0959254954, "Ee": [33178.6, 40914.0, 44779.3], "T": [[0.05702, 0.02994, 0.27502], [0.25943, 0.41973, 0.00424], [0.04685, 0.014, 0.0582]], "alpha": [[67.80623, 19.69527, -0.20129], [19.69527, 81.00762, 0.2141], [-0.20129, 0.2141, 27.61615]], "name": "16"}