{"energy": -325.35324818999993, "atomic_charge": [-0.3159, -0.169493, 0.07018399999999998, -0.237404, 0.043563999999999936, -0.21260000000000007, -0.19702200000000003, 0.10773900000000002, 0.09383100000000001, 0.11380699999999999, 0.09998500000000002, 0.095506, 0.10265200000000001, 0.12976200000000004, 0.12119000000000002, 0.15419699999999997], "bond_order": [[0, 1, 0.9027], [0, 7, 0.9270999999999999], [0, 8, 0.9249], [0, 9, 0.9201], [1, 2, 0.922], [1, 10, 0.9119], [1, 11, 0.9173], [2, 3, 0.9023], [2, 6, 0.8888], [2, 12, 0.9153], [3, 4, 0.894], [3, 13, 0.9144], [3, 14, 0.9138000000000001], [4, 5, 2.0358000000000005], [4, 6, 1.1119], [5, 15, 0.8869]], "x": 3.2748199999999996, "y": 4.841140000000001, "z": -4.349279999999999, "xx": 143.00703, "yy": 469.87512, "zz": 260.77745, "xy": 156.21459999999996, "xz": -98.24151999999998, "yz": -177.80027999999996, "E_nn": 304.3579108838, "Ee": [56944.3, 65718.2, 71899.7], "T": [[0.24378, 0.00074, 0.04567], [0.17575, 0.60688, 0.71164], [0.03897, 0.15762, 0.2274]], "alpha": [[49.52594, 5.42024, -4.65785], [5.42024, 68.46066, -10.20498], [-4.65785, -10.20498, 66.12376]], "name": "17"}