{"energy": -423.6723494599999, "atomic_charge": [-0.28335499999999997, -0.027163999999999994, -0.22359599999999996, 0.172093, -0.262501, -0.290501, 0.14363599999999996, -0.337436, -0.21530699999999997, 0.092835, 0.10448999999999999, 0.102107, 0.080374, 0.067913, 0.13626, 0.125108, 0.133139, 0.131696, 0.11977, 0.125817, 0.104621], "bond_order": [[0, 1, 0.9258], [0, 9, 0.9184], [0, 10, 0.9214], [0, 11, 0.9234], [1, 2, 0.9523], [1, 12, 0.9083999999999999], [1, 13, 0.9012], [2, 3, 1.029], [3, 4, 0.8016], [3, 5, 0.8181], [3, 6, 0.8703000000000001], [4, 5, 0.9212999999999999], [4, 14, 0.9207], [4, 15, 0.9257], [5, 16, 0.9236], [5, 17, 0.9132], [6, 7, 0.8937], [6, 8, 2.0208999999999997], [7, 18, 0.9055000000000001], [7, 19, 0.9208], [7, 20, 0.9048]], "x": 0.06180999999999999, "y": 7.182679999999999, "z": -1.1408299999999998, "xx": 374.45221999999995, "yy": 791.0353199999998, "zz": 185.52146000000002, "xy": -40.06199000000001, "xz": -95.42432000000002, "yz": -71.79508999999999, "E_nn": 472.6591525007, "Ee": [36813.0, 60611.0, 63217.7], "T": [[0.03247, 0.00292, 0.01954], [0.64774, 0.27159, 0.39159], [0.23694, 0.12098, 0.31568]], "alpha": [[78.81298, 1.58959, -5.19505], [1.58959, 86.69231, -2.56882], [-5.19505, -2.56882, 68.54113]], "name": "19"}