{"energy": -437.28926293000006, "atomic_charge": [-0.182751, 0.04233199999999998, -0.13247600000000004, -0.22093400000000002, -0.021126999999999993, -0.226606, -0.112537, 0.13343900000000003, -0.18573799999999996, 0.10563499999999998, 0.146274, 0.12533100000000003, 0.12936699999999998, 0.13110899999999998, 0.13688100000000003, 0.131799], "bond_order": [[0, 1, 2.0349], [1, 2, 0.8457], [1, 9, 0.9001], [2, 3, 0.8838], [2, 7, 0.8320000000000001], [2, 10, 0.8944000000000001], [3, 4, 0.9005000000000001], [3, 11, 0.9270999999999999], [3, 12, 0.9071], [4, 5, 0.9138000000000001], [4, 6, 0.8414999999999999], [4, 13, 0.9128], [5, 6, 0.8533], [5, 14, 0.9156000000000001], [5, 15, 0.9116], [6, 7, 1.0253999999999999], [7, 8, 2.0982]], "x": 0.17621000000000003, "y": 1.6507600000000002, "z": -3.72293, "xx": 208.46212000000003, "yy": 465.5298700000001, "zz": 334.7211999999999, "xy": 107.80297000000002, "xz": 49.03249999999999, "yz": 10.79914, "E_nn": 445.0807180859, "Ee": [36176.8, 40550.0, 52233.9], "T": [[0.04422, 0.03729, 0.03989], [0.08287, 0.0121, 0.08662], [0.16666, 0.20723, 0.22815]], "alpha": [[59.25491, 1.28093, 1.22588], [1.28093, 69.33979, -5.05341], [1.22588, -5.05341, 69.75824]], "name": "2"}