{"energy": -477.29076342999997, "atomic_charge": [-0.326131, -0.03032800000000002, 0.22157499999999997, -0.08447299999999999, 0.016835999999999962, -0.231852, -0.08472099999999999, 0.014736999999999997, -0.18395, 0.11520500000000002, 0.11821399999999997, 0.127382, 0.15715, 0.170357], "bond_order": [[0, 1, 0.9006999999999998], [0, 9, 0.9181999999999999], [0, 10, 0.9176], [0, 11, 0.9208999999999999], [1, 2, 1.5446], [1, 8, 0.9132], [2, 3, 1.1197000000000001], [2, 4, 0.9473], [4, 5, 1.9445999999999999], [4, 6, 1.1029], [5, 12, 0.8950999999999999], [6, 7, 0.8641000000000001], [7, 8, 1.8172], [8, 13, 0.9089999999999999]], "x": 3.5570500000000003, "y": 4.6618699999999995, "z": -0.6918800000000002, "xx": 426.72763, "yy": 572.7910799999999, "zz": 64.72819, "xy": 45.24729999999999, "xz": -89.18201, "yz": 5.91774, "E_nn": 439.2847695337, "Ee": [41620.4, 43626.5, 50953.2], "T": [[0.76662, 0.08452, 0.17842], [0.00607, 0.00064, 0.02224], [0.06933, 0.00877, 0.29078]], "alpha": [[77.10403, 17.06453, -9.82285], [17.06453, 83.56065, -1.97812], [-9.82285, -1.97812, 36.13807]], "name": "21"}