{"energy": -387.81334041, "atomic_charge": [-0.349368, -0.06745800000000002, -0.253131, 0.087141, -0.25803699999999996, -0.07015800000000003, -0.35642, 0.05556699999999998, -0.2714619999999999, 0.096673, 0.11693100000000001, 0.10651399999999998, 0.10327999999999998, 0.11463300000000001, 0.090255, 0.10494700000000001, 0.115984, 0.09225000000000001, 0.10960099999999999, 0.09553600000000001, 0.108297, 0.118553, 0.109868], "bond_order": [[0, 1, 0.8907999999999999], [0, 9, 0.9190999999999999], [0, 10, 0.9241], [0, 11, 0.9256000000000001], [1, 2, 0.8834], [1, 7, 0.9007000000000001], [1, 12, 0.9272], [2, 3, 0.8914000000000001], [2, 13, 0.9297], [2, 14, 0.9257], [3, 4, 0.8922], [3, 8, 0.9767], [3, 15, 0.9286000000000001], [4, 5, 0.883], [4, 16, 0.9299000000000001], [4, 17, 0.9251], [5, 6, 0.8893], [5, 7, 0.8981], [5, 18, 0.9255], [6, 19, 0.9198999999999999], [6, 20, 0.9252], [6, 21, 0.924], [7, 8, 0.9458], [7, 22, 0.9195]], "x": 1.0618599999999998, "y": 7.17177, "z": -0.32202, "xx": 436.55821999999995, "yy": 410.11421, "zz": 253.23692, "xy": -24.631860000000003, "xz": 55.16965999999999, "yz": 86.80678000000002, "E_nn": 501.6986766296, "Ee": [66049.7, 70609.7, 74346.5], "T": [[0.15903, 0.02199, 0.03454], [0.04978, 0.00688, 0.01083], [0.15783, 0.02182, 0.03423]], "alpha": [[85.06509, -1.70878, 1.80352], [-1.70878, 81.08776, 5.8839], [1.80352, 5.8839, 81.04287]], "name": "22"}