{"energy": -380.2554182199999, "atomic_charge": [-0.16182099999999994, -0.09246900000000002, -0.019262, -0.194336, -0.11964899999999999, -0.005176999999999987, -0.11258800000000008, -0.208844, -0.19721, 0.180377, 0.14316800000000002, 0.15285100000000001, 0.13570100000000002, 0.12439, 0.127165, 0.12378800000000001, 0.123917], "bond_order": [[0, 1, 2.5042999999999997], [0, 9, 0.8777999999999998], [1, 2, 0.9432], [2, 3, 0.8767999999999999], [2, 6, 0.9706000000000001], [2, 10, 0.9083], [3, 4, 0.9494999999999999], [3, 11, 0.9121], [3, 12, 0.9035000000000001], [4, 5, 2.8958], [6, 7, 0.876], [6, 8, 0.8848999999999999], [7, 8, 0.91], [7, 13, 0.9219], [7, 14, 0.9101], [8, 15, 0.9152], [8, 16, 0.9237]], "x": -3.5159, "y": -3.3747399999999996, "z": -2.1279300000000005, "xx": 470.83356999999995, "yy": 591.1348199999999, "zz": 222.70549999999997, "xy": 238.21148, "xz": 131.36117000000002, "yz": -58.50904999999999, "E_nn": 393.0341372279, "Ee": [59816.5, 62197.1, 63069.5], "T": [[0.04799, 0.03037, 0.00234], [0.1728, 0.1185, 0.19875], [0.05852, 0.02192, 0.05535]], "alpha": [[68.46105, 7.14474, 3.70467], [7.14474, 93.04311, -5.72202], [3.70467, -5.72202, 62.49999]], "name": "23"}