{"energy": -417.36057122999995, "atomic_charge": [-0.294702, -0.07641800000000001, -0.21870100000000003, 0.031895, -0.091413, -0.214798, -0.14371, 0.12919199999999997, -0.17552900000000005, 0.09884300000000001, 0.10668300000000001, 0.10549099999999997, 0.13532899999999998, 0.13515099999999997, 0.176336, 0.130523, 0.165828], "bond_order": [[0, 1, 0.8985000000000001], [0, 9, 0.9208000000000001], [0, 10, 0.9238999999999999], [0, 11, 0.9213], [1, 2, 0.9091], [1, 3, 0.8579], [1, 12, 0.9159], [2, 3, 0.8807], [2, 13, 0.9206000000000001], [3, 4, 0.8594999999999999], [3, 7, 0.8945], [4, 5, 0.9115000000000001], [4, 6, 0.8365], [4, 14, 0.9003000000000001], [5, 6, 0.8566], [5, 15, 0.9196], [6, 7, 0.8673], [6, 16, 0.9061999999999999], [7, 8, 2.0947]], "x": 0.01328, "y": 6.82035, "z": -2.6133100000000002, "xx": 130.98350000000005, "yy": 462.1676, "zz": 493.50272000000007, "xy": 4.3655, "xz": 44.221239999999995, "yz": -134.90981, "E_nn": 441.9327327555, "Ee": [36558.4, 49456.8, 56472.8], "T": [[0.01844, 0.01038, 0.08125], [0.07651, 0.11031, 0.30113], [0.10034, 0.57941, 0.4018]], "alpha": [[56.80896, 2.19505, 5.38392], [2.19505, 78.39675, -4.48176], [5.38392, -4.48176, 80.65343]], "name": "35"}