{"energy": -434.77924733000003, "atomic_charge": [-0.219723, 0.17776700000000004, -0.18495, 0.026094, -0.05022300000000002, 0.19245299999999999, -0.288648, 0.0023310000000000275, -0.20092800000000005, 0.18434999999999999, 0.181472, 0.18000300000000002], "bond_order": [[0, 1, 1.9985], [1, 2, 0.8983], [1, 6, 0.9621000000000002], [2, 3, 1.7706], [2, 9, 0.8835], [3, 4, 0.8710999999999999], [4, 5, 1.1017000000000001], [5, 6, 1.4153000000000002], [5, 7, 1.0566999999999998], [6, 10, 0.8744], [7, 8, 2.4114], [8, 11, 0.8918999999999999]], "x": 1.4688299999999999, "y": -0.2967000000000001, "z": -0.02161, "xx": 506.01955, "yy": 596.4279200000001, "zz": 37.74897, "xy": 253.22164, "xz": -5.434990000000001, "yz": -0.96422, "E_nn": 383.1291038202, "Ee": [31223.5, 43147.7, 50961.6], "T": [[0.00063, 0.00028, 0.04898], [0.00126, 2e-05, 0.07615], [0.00231, 0.00295, 0.07343]], "alpha": [[82.50713, 27.01505, -0.41082], [27.01505, 97.56372, 0.74622], [-0.41082, 0.74622, 28.85048]], "name": "38"}