{"energy": -366.6234419599999, "atomic_charge": [-0.321467, -0.15967199999999998, -0.175477, -0.044001, -0.13501200000000002, -0.0037859999999999994, -0.265156, 0.0024550000000000023, -0.19033100000000008, 0.10725900000000001, 0.09305, 0.09265000000000001, 0.1101, 0.090246, 0.098918, 0.088608, 0.09309, 0.096792, 0.107416, 0.10397899999999999, 0.10146799999999999, 0.10887], "bond_order": [[0, 1, 0.9016000000000001], [0, 9, 0.929], [0, 10, 0.9266], [0, 11, 0.9246000000000001], [1, 2, 0.9051], [1, 12, 0.9183], [1, 13, 0.9253], [2, 3, 0.9326], [2, 14, 0.9174], [2, 15, 0.9134], [3, 4, 0.9457], [3, 8, 0.8783], [3, 16, 0.9198999999999999], [4, 5, 0.8781], [4, 7, 0.896], [4, 17, 0.8878999999999999], [5, 6, 0.9125], [5, 8, 0.8581], [5, 18, 0.9023], [6, 7, 0.9129], [6, 19, 0.932], [6, 20, 0.9178], [7, 8, 0.8559], [7, 21, 0.9022]], "x": 3.1074100000000007, "y": 7.5240100000000005, "z": 1.8511099999999998, "xx": 385.59192, "yy": 885.57571, "zz": 242.75833999999998, "xy": 419.06314000000003, "xz": 136.10601000000005, "yz": 238.23560000000003, "E_nn": 452.2524673635, "Ee": [63460.7, 65702.6, 66968.4], "T": [[0.08175, 0.07601, 0.04842], [0.22798, 0.0939, 0.18135], [0.10107, 0.11391, 0.11272]], "alpha": [[82.07708, 10.69188, 6.20781], [10.69188, 96.33561, 7.93099], [6.20781, 7.93099, 81.64259]], "name": "40"}