{"energy": -386.51697233999994, "atomic_charge": [-0.32661500000000004, 0.06856100000000001, -0.30393000000000003, -0.111375, -0.14144, -0.10267400000000002, -0.23761200000000002, -0.03309799999999999, -0.23364399999999996, 0.092646, 0.098797, 0.10681100000000002, 0.084621, 0.19585000000000002, 0.109979, 0.13139299999999998, 0.132228, 0.10338399999999999, 0.099139, 0.12155400000000001, 0.145426], "bond_order": [[0, 1, 0.9019], [0, 9, 0.9248000000000001], [0, 10, 0.9125], [0, 11, 0.9207000000000001], [1, 2, 0.9891], [1, 3, 0.9006000000000001], [1, 12, 0.9202], [2, 13, 0.9442], [3, 4, 0.9428000000000001], [3, 7, 0.8836], [3, 14, 0.9175000000000001], [4, 5, 0.8215], [4, 8, 0.8673], [4, 15, 0.9024], [5, 6, 0.9426], [5, 8, 0.8609999999999999], [5, 16, 0.9082], [6, 7, 0.8996999999999999], [6, 17, 0.9287], [6, 18, 0.9127], [7, 8, 0.8696], [7, 19, 0.9056], [8, 20, 0.8904000000000001]], "x": 0.47140000000000004, "y": 4.045970000000001, "z": -0.24554000000000004, "xx": 414.54309000000006, "yy": 447.14173999999997, "zz": 248.00717000000003, "xy": 204.57738, "xz": -84.96761000000001, "yz": -102.75890999999999, "E_nn": 471.7078511141, "Ee": [62549.9, 66932.0, 69124.5], "T": [[0.04266, 0.13428, 0.05961], [0.06655, 0.01443, 0.01846], [0.0049, 0.01696, 0.00924]], "alpha": [[79.59073, 6.22835, -2.29256], [6.22835, 83.24018, -3.34526], [-2.29256, -3.34526, 78.57399]], "name": "41"}