{"energy": -459.52450844, "atomic_charge": [-0.320467, 0.071673, -0.31394, -0.020871, -0.311028, -0.054786, -0.015090999999999993, -0.04294200000000001, -0.305031, 0.11485500000000001, 0.108413, 0.078795, 0.09612100000000001, 0.199398, 0.107649, 0.21180200000000002, 0.104936, 0.08419500000000002, 0.206316], "bond_order": [[0, 1, 0.916], [0, 9, 0.9242], [0, 10, 0.909], [0, 11, 0.9184], [1, 2, 0.9953000000000001], [1, 3, 0.8831000000000001], [1, 12, 0.908], [2, 13, 0.9438], [3, 4, 0.9961], [3, 5, 1.0926], [3, 14, 0.9067000000000001], [4, 15, 0.9340999999999999], [5, 6, 2.452], [6, 7, 0.9826000000000001], [7, 8, 1.0108], [7, 16, 0.9171999999999999], [7, 17, 0.9082], [8, 18, 0.9408]], "x": 2.5158900000000006, "y": 5.03554, "z": 0.33308000000000004, "xx": 353.30462000000006, "yy": 1369.7209899999998, "zz": 156.78357999999997, "xy": 375.62149, "xz": 113.85039, "yz": 20.806330000000006, "E_nn": 434.3923480066, "Ee": [57208.8, 60031.1, 60799.0], "T": [[0.06373, 0.07151, 0.07088], [0.08968, 0.04472, 0.02285], [0.11223, 0.13363, 0.11969]], "alpha": [[59.75146, 4.94464, 1.01615], [4.94464, 96.69384, 1.91765], [1.01615, 1.91765, 60.14833]], "name": "48"}