{"energy": -390.24374759, "atomic_charge": [-0.336406, -0.17318, -0.026853000000000016, -0.368384, -0.226265, 0.204076, -0.332592, -0.336849, -0.3293650000000001, 0.110886, 0.10035100000000001, 0.09426, 0.093361, 0.093454, 0.100772, 0.08573800000000001, 0.126337, 0.108064, 0.088945, 0.102606, 0.09426599999999999, 0.109562, 0.09377799999999999, 0.11255800000000002, 0.11503999999999999, 0.095691, 0.20015400000000003], "bond_order": [[0, 1, 0.9007000000000001], [0, 9, 0.9276], [0, 10, 0.9258], [0, 11, 0.9256], [1, 2, 0.9060999999999999], [1, 12, 0.9192], [1, 13, 0.928], [2, 3, 0.8934], [2, 4, 0.9069999999999999], [2, 14, 0.9117], [3, 15, 0.923], [3, 16, 0.9102], [3, 17, 0.9241999999999999], [4, 5, 0.9089], [4, 18, 0.9122], [4, 19, 0.914], [5, 6, 0.9151999999999999], [5, 7, 0.8785000000000001], [5, 8, 0.9529], [6, 20, 0.9171], [6, 21, 0.9267], [6, 22, 0.9179], [7, 23, 0.9208], [7, 24, 0.9246], [7, 25, 0.9254], [8, 26, 0.9379000000000001]], "x": 2.61833, "y": 3.7361800000000005, "z": 2.2333599999999993, "xx": 416.43536, "yy": 1060.9879600000002, "zz": 265.1466700000001, "xy": 384.94119, "xz": 53.04164999999999, "yz": 24.847389999999997, "E_nn": 501.8317177331, "Ee": [62698.2, 75589.0, 77748.2], "T": [[0.06826, 0.21514, 0.0102], [0.05265, 0.09123, 0.01641], [0.39453, 0.285, 0.09197]], "alpha": [[87.06292, 6.10568, 0.17844], [6.10568, 101.78649, 0.04299], [0.17844, 0.04299, 86.19194]], "name": "49"}