{"energy": -349.4507633399999, "atomic_charge": [-0.238007, -0.24569200000000002, 0.131633, -0.211264, -0.165588, -0.201276, -0.08787799999999998, -0.245087, -0.09227400000000001, 0.101786, 0.11702100000000001, 0.10022600000000001, 0.10237199999999999, 0.14979299999999998, 0.14809799999999998, 0.09717299999999998, 0.11010700000000001, 0.108104, 0.101591, 0.10685800000000001, 0.11230599999999999], "bond_order": [[0, 1, 0.9006], [0, 8, 0.8929], [0, 9, 0.9267], [0, 10, 0.9276], [1, 2, 0.8748], [1, 11, 0.9271], [1, 12, 0.9219], [2, 3, 0.9023], [2, 6, 0.8806999999999999], [2, 8, 0.8498], [3, 4, 1.6915], [3, 13, 0.8891], [4, 5, 0.908], [4, 14, 0.8992000000000001], [5, 6, 0.8987999999999999], [5, 15, 0.9211], [5, 16, 0.923], [6, 7, 0.8963999999999999], [6, 17, 0.9198999999999999], [7, 8, 0.8958], [7, 18, 0.9273000000000001], [7, 19, 0.9234000000000001], [8, 20, 0.9123000000000001]], "x": -1.46051, "y": 1.1108799999999999, "z": 1.4828199999999998, "xx": 356.24051, "yy": 472.1566499999999, "zz": 219.88105, "xy": -177.02249, "xz": -42.88587000000001, "yz": -69.00143999999999, "E_nn": 450.458103447, "Ee": [57823.4, 64669.8, 65388.6], "T": [[0.63134, 0.93153, 0.30188], [0.09163, 0.11885, 0.01122], [0.04977, 0.01107, 0.17057]], "alpha": [[83.19524, -11.99243, -2.60543], [-11.99243, 94.51371, -7.16214], [-2.60543, -7.16214, 81.70698]], "name": "5"}