{"energy": -439.69664680000005, "atomic_charge": [-0.30974499999999994, -0.213624, -0.01927999999999999, -0.19898700000000002, 0.168767, -0.323055, -0.20001999999999998, -0.020201999999999998, -0.24506499999999998, 0.09377200000000001, 0.10685300000000002, 0.11240000000000001, 0.115017, 0.123821, 0.128903, 0.12038299999999999, 0.10658000000000001, 0.11187599999999999, 0.12179299999999998, 0.21981299999999998], "bond_order": [[0, 1, 0.8826999999999999], [0, 9, 0.9261], [0, 10, 0.924], [0, 11, 0.9198999999999999], [1, 2, 0.9207000000000001], [1, 12, 0.9107], [1, 13, 0.9111999999999999], [2, 3, 0.8986999999999999], [2, 7, 1.8177999999999999], [3, 4, 0.8382000000000001], [3, 14, 0.9122], [3, 15, 0.9097000000000001], [4, 5, 0.8888], [4, 6, 2.0373000000000006], [5, 16, 0.9047], [5, 17, 0.9037000000000001], [5, 18, 0.9214], [7, 8, 0.858], [8, 19, 0.9400999999999999]], "x": 0.65799, "y": 1.24559, "z": -2.3729199999999993, "xx": 264.52140999999995, "yy": 789.26051, "zz": 403.13129, "xy": 278.4667999999999, "xz": 24.340770000000003, "yz": -99.72452999999997, "E_nn": 456.2176884071, "Ee": [35987.2, 50905.9, 57887.6], "T": [[0.05325, 0.12175, 0.04718], [0.16602, 0.03881, 0.01613], [0.40216, 0.63856, 0.70884]], "alpha": [[65.68626, 8.31013, 6.86682], [8.31013, 81.63706, 0.74073], [6.86682, 0.74073, 80.21235]], "name": "0"}