{"energy": -420.00592852, "E_nn": 414.7397498951, "x": -1.821349, "y": 2.520429, "z": 2.229928, "xx": 286.137138, "yy": 659.13189, "zz": 173.281633, "xy": -204.521716, "yz": 113.403109, "xz": 18.964818, "atomic_charge": [-0.349617, 0.359348, -0.215996, -0.118659, -0.291079, 0.124083, -0.295282, 0.010908, -0.133906, 0.142686, 0.139783, 0.140114, 0.136813, 0.162687, 0.188118], "bond_order": [[0, 1, 2.1616], [1, 2, 0.9493], [1, 6, 1.1361], [2, 3, 0.9833], [2, 9, 0.9678], [2, 10, 0.9704], [3, 4, 0.9098], [3, 5, 0.8814], [3, 7, 1.0248], [4, 5, 0.9491], [4, 11, 0.9692], [4, 12, 0.9713], [5, 6, 0.9692], [5, 13, 0.9703], [7, 8, 2.724], [8, 14, 0.9441]], "Ee": [48220.8, 57309.5, 60694.4], "T": [[0.00805, 0.02936, 0.04837], [0.02229, 0.06803, 0.05471], [0.27657, 0.29703, 0.0648]], "alpha": [[62.93331, -12.07498, 5.85514], [-12.07498, 87.93662, 3.43115], [5.85514, 3.43115, 55.23258]], "name": "044983"}