{"energy": -416.25550672, "E_nn": 404.4655724125, "x": -0.096197, "y": 4.095871, "z": 0.276923, "xx": 590.3694, "yy": 461.880414, "zz": 124.139774, "xy": -221.905302, "yz": -74.429105, "xz": 172.501869, "atomic_charge": [-0.37835, 0.281152, -0.167354, -0.075615, -0.310885, -0.029641, -0.156625, -0.062585, -0.10248, 0.197674, 0.183065, 0.184846, 0.147918, 0.147314, 0.141565], "bond_order": [[0, 1, 2.1321], [1, 2, 1.1577], [1, 5, 0.9166], [2, 3, 1.0788], [2, 9, 0.9509], [3, 4, 1.8417], [3, 10, 0.9494], [4, 5, 0.971], [4, 11, 0.9472], [5, 6, 0.9565], [5, 12, 0.9594], [6, 7, 0.9933], [6, 13, 0.9707], [6, 14, 0.9644], [7, 8, 3.1129]], "Ee": [44239.5, 46315.5, 58440.2], "T": [[0.04637, 0.03909, 0.08062], [0.5481, 0.70068, 0.06388], [0.00395, 0.0217, 0.01429]], "alpha": [[78.01296, -8.97918, 5.54462], [-8.97918, 80.80067, -1.27425], [5.54462, -1.27425, 43.06512]], "name": "045774"}