{"energy": -386.51298103999994, "atomic_charge": [-0.318198, -0.15724000000000002, 0.17107500000000003, -0.27108799999999994, 0.03490400000000002, -0.223762, -0.218707, -0.021709000000000034, -0.259523, 0.09608900000000001, 0.113844, 0.101722, 0.09167800000000001, 0.10381200000000002, 0.11696800000000002, 0.099291, 0.098689, 0.132453, 0.09827200000000001, 0.106359, 0.10507100000000001], "bond_order": [[0, 1, 0.8908], [0, 9, 0.9246000000000001], [0, 10, 0.9217], [0, 11, 0.928], [1, 2, 0.9153], [1, 12, 0.918], [1, 13, 0.9165], [2, 3, 1.0129000000000001], [2, 6, 0.8420000000000001], [2, 7, 0.8246], [3, 4, 0.9527], [4, 5, 0.9118999999999999], [4, 7, 0.9241], [4, 14, 0.9075000000000001], [5, 6, 0.9495], [5, 15, 0.9266], [5, 16, 0.9243], [6, 7, 0.7635], [6, 17, 0.8941000000000001], [7, 8, 0.8954], [8, 18, 0.9139], [8, 19, 0.9173], [8, 20, 0.9175]], "x": -0.6559599999999999, "y": -0.28057999999999994, "z": 4.6380099999999995, "xx": 272.86839000000003, "yy": 513.3969699999999, "zz": 377.04690000000005, "xy": -56.83358, "xz": -134.19055, "yz": 150.88904, "E_nn": 469.5836848128, "Ee": [61375.1, 63620.0, 65363.1], "T": [[0.07652, 0.07532, 0.04492], [0.19885, 0.20853, 0.05098], [0.05186, 0.09962, 0.06281]], "alpha": [[78.93994, 0.20812, -6.29749], [0.20812, 83.99233, 5.62295], [-6.29749, 5.62295, 81.20504]], "name": "5"}