{"energy": -437.24582692999996, "atomic_charge": [-0.19677999999999995, 0.14776399999999995, -0.07533599999999999, -0.224736, -0.14805899999999994, -0.085899, -0.042948, -0.2399849999999999, -0.027851, 0.13666, 0.121696, 0.141481, 0.10931099999999999, 0.10831700000000002, 0.13067600000000001, 0.145687], "bond_order": [[0, 1, 2.0248], [1, 2, 0.9058], [1, 8, 0.8801], [2, 3, 0.8681], [2, 4, 0.8601000000000001], [2, 9, 0.911], [3, 4, 0.9049], [3, 10, 0.9183], [3, 11, 0.898], [4, 5, 0.9483], [5, 6, 0.8981999999999999], [5, 12, 0.9197], [5, 13, 0.9205], [6, 7, 0.9338000000000001], [6, 8, 0.8792], [6, 14, 0.9136], [7, 8, 0.8936999999999999], [8, 15, 0.9136000000000001]], "x": -1.4413999999999996, "y": 2.7785599999999993, "z": 2.5726899999999997, "xx": 364.1682500000001, "yy": 265.64484000000004, "zz": 302.48636999999997, "xy": -1.2569700000000001, "xz": -7.7757700000000005, "yz": 140.50912000000002, "E_nn": 457.2260397453, "Ee": [34779.8, 48716.9, 58569.8], "T": [[0.04152, 0.01863, 0.00849], [0.36331, 0.19475, 0.42671], [0.07924, 0.13795, 0.26214]], "alpha": [[67.25866, 3.50546, -3.69669], [3.50546, 64.58963, 12.22943], [-3.69669, 12.22943, 69.00609]], "name": "7"}