{"energy": -386.48878447, "atomic_charge": [-0.30284300000000003, 0.006595999999999963, -0.27282700000000004, 0.13705700000000004, -0.287802, -0.05855600000000001, -0.21947499999999998, -0.24841500000000002, -0.12123400000000001, 0.20425700000000002, 0.10528300000000002, 0.11168199999999999, 0.10741600000000001, 0.109904, 0.103179, 0.114865, 0.110848, 0.10336499999999998, 0.105153, 0.09851000000000001, 0.09303900000000001], "bond_order": [[0, 1, 1.009], [0, 9, 0.9421], [1, 2, 0.8813000000000001], [1, 8, 0.8463999999999999], [1, 10, 0.9391000000000002], [2, 3, 0.8666999999999999], [2, 11, 0.9208], [2, 12, 0.9195000000000001], [3, 4, 0.8728000000000001], [3, 7, 0.8824], [3, 8, 0.8210000000000001], [4, 5, 0.8922], [4, 13, 0.9279999999999999], [4, 14, 0.9235], [5, 6, 0.8982], [5, 8, 0.8724], [5, 15, 0.9091], [6, 7, 0.8843], [6, 16, 0.9274], [6, 17, 0.9306], [7, 18, 0.9300999999999999], [7, 19, 0.9172], [8, 20, 0.9261]], "x": -1.80491, "y": -0.8760399999999999, "z": 1.88865, "xx": 504.69300000000004, "yy": 286.30354, "zz": 217.80118999999996, "xy": 50.24888000000001, "xz": -68.43328, "yz": -32.544889999999995, "E_nn": 482.1144832606, "Ee": [58270.1, 62936.1, 65429.2], "T": [[0.0251, 0.15062, 0.01647], [0.01108, 0.06615, 0.16506], [0.14132, 0.2366, 0.07021]], "alpha": [[93.80452, 1.93349, -2.68026], [1.93349, 79.72936, 1.7295], [-2.68026, 1.7295, 74.46602]], "name": "9"}