{
    "opt_E": -2.21016961515376,
    "HF_E": -2.1808642577414448,
    "B3LYP_E": -2.1828291643672264,
    "sto-3G_E": -2.1753559683709742,
    "proj": [
        [
            0.5691042293634494,
            0.3474621991426092,
            0.03519537985491313,
            -0.17157086481695577,
            -0.0316402052290125,
            -0.0021363778953377758,
            0.17209707740881802,
            0.05819258949696719,
            -0.2294358909018581,
            -0.04304775054729907,
            0.039834343634704984,
            0.019547807709170775,
            -0.0017363303448400895,
            0.038400287433040074,
            0.006170115155688854,
            0.005980348088547284,
            -0.025343499631856864,
            -0.004795760088535485,
            -0.033534460579546156,
            -0.0024058874034282897
        ],
        [
            0.3474621991426092,
            0.2339203688083605,
            0.00933729256378098,
            -0.04789884421345049,
            -0.00888383313886063,
            0.10555179810508564,
            0.14317097694212005,
            0.028888368624454364,
            -0.13588885824244631,
            -0.024841575214407725,
            0.02250953709468955,
            0.02297353704526678,
            -0.0015402850521070053,
            -0.03634336928027362,
            -0.00578681102332037,
            -0.02572101058436411,
            -0.03058346670031493,
            -0.002509155000583163,
            -0.021378070100213517,
            -0.0018192410838030638
        ],
        [
            0.03519537985491313,
            0.00933729256378098,
            0.010359983711557023,
            -0.0485319152977439,
            -0.008910747173572608,
            -0.06866993619868535,
            -0.011770943965775571,
            0.007861566556073734,
            -0.008765904444299201,
            -0.0022546733123252633,
            0.016527816467931587,
            -0.009372990464175737,
            -0.0026865749853525103,
            0.025540691377738192,
            0.0055394924306152536,
            -0.004462681398852558,
            -0.004369477017213493,
            -0.003160111525751865,
            -0.019789209528592675,
            -0.0015175957797603995
        ],
        [
            -0.17157086481695577,
            -0.04789884421345049,
            -0.0485319152977439,
            0.22762430164961778,
            0.041790664484547255,
            0.3200398862252935,
            0.05415986696281201,
            -0.037310144968325944,
            0.04843111781661561,
            0.011827819964834672,
            -0.06800573166479904,
            0.04567785099478416,
            0.01180314007180069,
            -0.12183915786141825,
            -0.025905775595961154,
            0.019160643359627007,
            0.021018497511445574,
            0.01377862573608654,
            0.08564409284624276,
            0.006508165199595511
        ],
        [
            -0.0316402052290125,
            -0.00888383313886063,
            -0.008910747173572608,
            0.041790664484547255,
            0.007672965363434327,
            0.05863680888427943,
            0.009799230605303544,
            -0.006862724714550306,
            0.008821726874723148,
            0.0021602254635183864,
            -0.012829345651103708,
            0.008164579855978703,
            0.0021580849475781017,
            -0.022459113874871137,
            -0.004764753778022422,
            0.0031938872176989954,
            0.003624980281765396,
            0.002542642793085905,
            0.015812741568829242,
            0.0012018415584895276
        ],
        [
            -0.0021363778953377758,
            0.10555179810508564,
            -0.06866993619868535,
            0.3200398862252935,
            0.05863680888427943,
            0.5926727146222276,
            0.21004931978716862,
            -0.03598516882178322,
            0.00112175207608391,
            0.004431914855382871,
            -0.020800201828562685,
            0.11800168332224374,
            0.015258263409039696,
            -0.21991462107355142,
            -0.044328129617535454,
            0.03413976615706241,
            0.033005765058170634,
            0.014582047508868221,
            0.0826492353195435,
            0.005864121034935333
        ],
        [
            0.17209707740881802,
            0.14317097694212005,
            -0.011770943965775571,
            0.05415986696281201,
            0.009799230605303544,
            0.21004931978716862,
            0.1426385008762382,
            0.006023009190613538,
            -0.02780887293878494,
            -0.004634571740669872,
            0.09782422092369411,
            0.07904484255595594,
            0.00030929890577466535,
            -0.07220891714154773,
            -0.012638916172167511,
            0.028810465975459616,
            0.025160484441907067,
            -0.004431896154080652,
            -0.037041529534226014,
            -0.0033628130386619153
        ],
        [
            0.05819258949696719,
            0.028888368624454364,
            0.007861566556073734,
            -0.037310144968325944,
            -0.006862724714550306,
            -0.03598516882178322,
            0.006023009190613538,
            0.008207705579983819,
            -0.020767404352877678,
            -0.004209969726631317,
            0.011988877877049942,
            -0.0020285816715052032,
            -0.0011769634961920588,
            0.01837745982851363,
            0.003520572816819545,
            0.0024663263293737154,
            -0.0013551042290082724,
            -0.0017913636245981762,
            -0.011272834177049506,
            -0.0008329858896673228
        ],
        [
            -0.2294358909018581,
            -0.13588885824244631,
            -0.008765904444299201,
            0.04843111781661561,
            0.008821726874723148,
            0.00112175207608391,
            -0.02780887293878494,
            -0.020767404352877678,
            0.20804245876918584,
            0.03645646948026551,
            0.23199161403640606,
            0.05847877082966341,
            -0.016320988759660107,
            -0.06146806540804207,
            -0.0016274014425671102,
            -0.0177486151303115,
            0.0335839175982063,
            -0.022921523533984696,
            -0.15867750222876836,
            -0.013599101753138299
        ],
        [
            -0.04304775054729907,
            -0.024841575214407725,
            -0.0022546733123252633,
            0.011827819964834672,
            0.0021602254635183864,
            0.004431914855382871,
            -0.004634571740669872,
            -0.004209969726631317,
            0.03645646948026551,
            0.006444272333336038,
            0.03788465035468207,
            0.010408348674889639,
            -0.0025578419244609413,
            -0.011963333311099049,
            -0.0006310113564027173,
            -0.0025351401121126104,
            0.0061449749360694035,
            -0.003634084152906764,
            -0.025281978513583696,
            -0.002179272101314323
        ],
        [
            0.039834343634704984,
            0.02250953709468955,
            0.016527816467931587,
            -0.06800573166479904,
            -0.012829345651103708,
            -0.020800201828562685,
            0.09782422092369411,
            0.011988877877049942,
            0.23199161403640606,
            0.03788465035468207,
            0.5566909944780027,
            0.17690179414593607,
            -0.029474178185129277,
            -0.033488037548655133,
            0.008581304414484925,
            0.06957263285348937,
            0.11183332218255869,
            -0.050333218641793555,
            -0.3466216149651545,
            -0.029047231079206478
        ],
        [
            0.019547807709170775,
            0.02297353704526678,
            -0.009372990464175737,
