{"energy": -423.62551776, "atomic_charge": [-0.286212, -0.005847000000000019, -0.20860699999999993, 0.06514, -0.26781400000000005, -0.126272, -0.036651000000000045, -0.257356, 0.016127000000000002, 0.103732, 0.10352399999999999, 0.088897, 0.056134, 0.058062, 0.06001000000000001, 0.120797, 0.10591300000000001, 0.129131, 0.082949, 0.074088, 0.12425599999999998], "bond_order": [[0, 1, 0.9251999999999999], [0, 9, 0.9234], [0, 10, 0.9236], [0, 11, 0.9198999999999999], [1, 2, 0.9779], [1, 12, 0.9075000000000001], [1, 13, 0.9026], [2, 3, 1.0407000000000002], [3, 4, 0.8735999999999999], [3, 8, 0.8749], [3, 14, 0.9067999999999999], [4, 5, 0.8890000000000001], [4, 15, 0.9181], [4, 16, 0.9165], [5, 6, 0.9503999999999999], [5, 8, 0.8956000000000001], [5, 17, 0.911], [6, 7, 0.9747], [6, 18, 0.914], [6, 19, 0.9106], [7, 8, 0.9929], [8, 20, 0.9311999999999999]], "x": -4.85909, "y": 3.13437, "z": 3.1307000000000005, "xx": 272.15700000000004, "yy": 671.98194, "zz": 495.63567, "xy": -166.07627999999997, "xz": -191.03468000000004, "yz": 394.70701999999994, "E_nn": 477.7642993654, "Ee": [61320.6, 65027.1, 66993.7], "T": [[0.02629, 0.02565, 0.01276], [0.00486, 0.12681, 0.31497], [0.44303, 0.20843, 0.03194]], "alpha": [[71.8899, -4.75068, -3.9783], [-4.75068, 80.38168, 9.49613], [-3.9783, 9.49613, 81.68008]], "name": "10"}