{"energy": -400.13883899000007, "atomic_charge": [-0.24118, -0.09809499999999999, 0.11731100000000001, -0.20875, -0.06556199999999995, 0.059003, -0.30797300000000005, 0.09327099999999999, -0.272327, 0.07860700000000001, 0.111073, 0.10075800000000001, 0.13358599999999998, 0.17779399999999998, 0.157462, 0.16502499999999998], "bond_order": [[0, 1, 0.9487], [0, 9, 0.9], [0, 10, 0.9285999999999999], [0, 11, 0.9153], [1, 2, 1.0811000000000002], [1, 12, 0.9292], [2, 3, 1.4006], [2, 6, 1.0864000000000003], [3, 4, 1.0738], [3, 13, 0.8974999999999999], [4, 5, 1.0805], [5, 6, 1.4457], [5, 7, 1.1416], [6, 14, 0.8798], [7, 8, 2.3605], [8, 15, 0.9049999999999999]], "x": -2.5427, "y": 6.43234, "z": -4.94104, "xx": 187.50198, "yy": 860.1978499999999, "zz": 401.49375999999995, "xy": -261.24336, "xz": 221.01977, "yz": -409.34275, "E_nn": 397.3008117741, "Ee": [42820.1, 50365.8, 51371.2], "T": [[0.11489, 1.12194, 0.15827], [0.01168, 0.03793, 0.02793], [0.44908, 0.92933, 0.65114]], "alpha": [[52.20771, -16.41651, 20.76849], [-16.41651, 113.45015, -23.80609], [20.76849, -23.80609, 73.26742]], "name": "104"}