{"energy": -417.32841890000003, "atomic_charge": [-0.18436399999999997, -0.042326, -0.09300600000000003, 0.07647900000000002, -0.134568, -0.17755599999999994, -0.129347, -0.20907799999999999, -0.064342, 0.14786800000000003, 0.069386, 0.11832999999999999, 0.09708800000000001, 0.11485, 0.098143, 0.152929, 0.159512], "bond_order": [[0, 1, 1.9406], [0, 9, 0.8979], [1, 2, 1.0677999999999999], [1, 10, 0.89], [2, 3, 1.0030999999999999], [3, 4, 0.9364999999999999], [3, 7, 0.7973], [3, 8, 0.8936], [4, 5, 0.8996999999999999], [4, 11, 0.9247], [4, 12, 0.9248999999999999], [5, 6, 0.8909], [5, 8, 0.9002], [6, 7, 0.9410000000000001], [6, 13, 0.9275], [6, 14, 0.9299000000000001], [7, 8, 0.8627999999999999], [7, 15, 0.8927], [8, 16, 0.8870000000000001]], "x": 1.9716799999999997, "y": -2.51566, "z": 1.5065700000000002, "xx": 154.51401, "yy": 861.4880800000001, "zz": 174.79790000000003, "xy": 105.50251999999999, "xz": -8.144670000000001, "yz": -16.761439999999997, "E_nn": 445.0357056592, "Ee": [52623.8, 59298.3, 63665.4], "T": [[0.0837, 0.02368, 0.10346], [0.08875, 0.15014, 0.02701], [0.13009, 0.70388, 0.10517]], "alpha": [[63.73491, 5.29669, 1.22886], [5.29669, 89.86298, -1.96379], [1.22886, -1.96379, 63.03579]], "name": "105"}