{"energy": -510.31374514000004, "atomic_charge": [-0.19870699999999997, 0.07768600000000003, -0.045462, -0.04158400000000001, -0.32216, -0.09523600000000004, 0.17591, -0.20792199999999994, -0.10308200000000001, 0.16327899999999998, 0.163254, 0.104436, 0.116133, 0.213457], "bond_order": [[0, 1, 1.1106999999999998], [0, 9, 0.9134], [0, 10, 0.9092], [1, 2, 1.5587], [1, 8, 1.0725], [2, 3, 0.8926999999999999], [2, 5, 1.0049000000000001], [3, 4, 0.9919999999999999], [3, 11, 0.9309000000000001], [3, 12, 0.9185], [4, 13, 0.9311], [5, 6, 1.1455], [6, 7, 2.1542000000000003], [6, 8, 1.0861]], "x": -5.28941, "y": 4.131010000000001, "z": -1.04534, "xx": 627.5326200000001, "yy": 472.02475999999996, "zz": 78.83827000000001, "xy": -212.84104999999997, "xz": 71.72724000000001, "yz": -98.47583999999999, "E_nn": 463.242119192, "Ee": [51916.4, 58732.9, 59056.2], "T": [[0.54441, 0.38827, 0.13768], [0.44548, 0.80501, 0.11421], [0.84532, 0.32739, 0.10984]], "alpha": [[67.22625, -4.29537, -0.37768], [-4.29537, 67.32531, -7.666], [-0.37768, -7.666, 37.08763]], "name": "108"}