{"energy": -379.43266990999996, "atomic_charge": [-0.341098, 0.08713499999999999, -0.124911, -0.29564000000000007, 0.07489499999999999, 0.068799, -0.24567100000000008, -0.369871, 0.104726, 0.07859899999999999, 0.104063, 0.15659299999999998, 0.15597199999999994, 0.175388, 0.22795599999999996, 0.14306499999999997], "bond_order": [[0, 1, 0.8994000000000002], [0, 8, 0.9183], [0, 9, 0.9329], [0, 10, 0.9188999999999999], [1, 2, 1.461], [1, 7, 1.0914000000000001], [2, 3, 1.0575999999999999], [2, 4, 1.1111000000000002], [3, 11, 0.9341], [3, 12, 0.935], [4, 5, 1.1869999999999998], [4, 13, 0.9], [5, 6, 1.1457], [5, 7, 1.4243], [6, 14, 0.9336], [7, 15, 0.8894]], "x": -0.04806, "y": 6.82801, "z": -1.1360299999999999, "xx": 48.89982, "yy": 544.4235399999999, "zz": 405.70480000000003, "xy": -7.22462, "xz": 26.46658, "yz": -135.15718999999999, "E_nn": 368.9534546363, "Ee": [49452.3, 53187.5, 57723.9], "T": [[0.06018, 0.00198, 0.00479], [0.10723, 0.00295, 0.00811], [0.00377, 0.00404, 0.02323]], "alpha": [[37.90832, -0.00892, 2.96233], [-0.00892, 79.27538, -3.74373], [2.96233, -3.74373, 76.78889]], "name": "109"}