{
    "opt_E": -2.1691932338880107,
    "HF_E": -2.1389757938522673,
    "B3LYP_E": -2.140467446910011,
    "sto-3G_E": -2.1216862981864932,
    "proj": [
        [
            0.5413652106895995,
            0.35418519944546173,
            0.011334846856375745,
            -0.18472893941928506,
            0.0012399352620986977,
            0.03076780095246288,
            0.17957740318381854,
            0.02156779429925023,
            -0.21924093560884506,
            -0.016794399149217223,
            0.04292968205486521,
            0.028979287575201625,
            -0.008087330496682366,
            0.04291640361051137,
            -0.005208061733442915,
            -0.0001375852857761828,
            -0.03171394904011908,
            0.008050124543536567,
            -0.029817421633316157,
            -0.001294594549830474
        ],
        [
            0.35418519944546173,
            0.24330925061410708,
            0.004270409222957362,
            -0.08001307334616899,
            0.0013970653401470519,
            0.08574223583049465,
            0.13778907453430336,
            0.013416193001940363,
            -0.13667195880904592,
            -0.008271962367828484,
            0.04013397727355917,
            0.02306826090616092,
            -0.0002502841328185461,
            -0.025582650312878825,
            0.0045772906612845145,
            -0.03542600810668547,
            -0.039923146454711546,
            0.009197362372646678,
            -0.03497620556393338,
            -0.00025781425316746874
        ],
        [
            0.011334846856375745,
            0.004270409222957362,
            0.0015124734116362152,
            -0.020675791483053037,
            -0.0002658660348096718,
            -0.02523154598102459,
            -0.003745869381854173,
            0.0006923488729881648,
            -0.0022383962619914035,
            -0.0023988453296299576,
            0.001021172326427924,
            -0.0047275854853466494,
            0.0009208251992003258,
            0.014231083894098566,
            -0.003822138465071364,
            -0.00234268349182855,
            -0.0026362665496137048,
            0.0012557909386521396,
            -0.0043133389612849665,
            -0.0001083366487839426
        ],
        [
            -0.18472893941928506,
            -0.08001307334616899,
            -0.020675791483053037,
            0.28677223531891444,
            0.003520370533164727,
            0.3279046707544562,
            0.03115920714423927,
            -0.011002955490947737,
            0.024834787446437006,
            0.037402195457986925,
            -0.04956375098596253,
            0.04950916074938402,
            -0.013441694167358999,
            -0.1924424633161952,
            0.05242356692575245,
            0.024469000724978915,
            0.02890182686563426,
            -0.02289437128610292,
            0.07814387852008521,
            0.0016253120643751964
        ],
        [
            0.0012399352620986977,
            0.0013970653401470519,
            -0.0002658660348096718,
            0.003520370533164727,
            7.703349877416202e-05,
            0.005843846578159938,
            0.0018424777145639062,
            -1.9704900928504017e-05,
            -0.0020917869259256395,
            0.0006672478145975916,
            -0.0014913239322054965,
            0.001158008531735016,
            -0.000559926008649664,
            -0.0024201989225813643,
            0.0009335702862378081,
            0.0015048476826465583,
            0.0007956975787754012,
            -0.0006333216061436062,
            0.0021913150325667432,
            8.333212327885595e-06
        ],
        [
            0.03076780095246288,
            0.08574223583049465,
            -0.02523154598102459,
            0.3279046707544562,
            0.005843846578159938,
            0.5303810075051414,
            0.17043879265431433,
            -0.003152492756654633,
            -0.03497288158174662,
            0.03457845066751342,
            0.04146040922913935,
            0.11978474734329464,
            -0.018300459649111808,
            -0.2716458367390751,
            0.07277476448568448,
            0.043148044481377365,
            0.040440595323984606,
            -0.013093918673873639,
            0.044128293538615665,
            0.001556209959042345
        ],
        [
            0.17957740318381854,
            0.13778907453430336,
            -0.003745869381854173,
            0.03115920714423927,
            0.0018424777145639062,
            0.17043879265431433,
            0.123059796158244,
            0.007135297711354463,
            -0.03026787355637513,
            -0.00743528512723208,
            0.11243895956302973,
            0.07357421058950157,
            -0.0037341860549016115,
            -0.057894101501727996,
            0.015074805727167864,
            0.03326063811094348,
            0.024893021203310526,
            0.013499024465046524,
            -0.04544578533841086,
            -0.0002910661978023415
        ],
        [
            0.02156779429925023,
            0.013416193001940363,
            0.0006923488729881648,
            -0.011002955490947737,
            -1.9704900928504017e-05,
            -0.003152492756654633,
            0.007135297711354463,
            0.0010203927743961676,
            -0.00467581637549279,
            -0.0019974271780873513,
            0.008695038323709211,
            0.0032624812551487812,
            -0.00018209145215682313,
            0.0060282036374120955,
            -0.0012301281963326097,
            0.003661936854748768,
            0.0017355436537564565,
            0.0014583270248275744,
            -0.004821158028670541,
            -0.00011790491615253539
        ],
        [
            -0.21924093560884506,
            -0.13667195880904592,
            -0.0022383962619914035,
            0.024834787446437006,
            -0.0020917869259256395,
            -0.03497288158174662,
            -0.03026787355637513,
            -0.00467581637549279,
            0.27204468552634264,
            -0.039643615712806515,
            0.2776470537191863,
            0.049126016930987865,
            0.03545870641146547,
            -0.017193880435172452,
            -0.020892297410708714,
            -0.03352105133371951,
            0.025887136364428652,
            0.05905372561778269,
            -0.20039908917020224,
            0.0002280725351916937
        ],
        [
            -0.016794399149217223,
            -0.008271962367828484,
            -0.0023988453296299576,
            0.037402195457986925,
            0.0006672478145975916,
            0.03457845066751342,
            -0.00743528512723208,
            -0.0019974271780873513,
            -0.039643615712806515,
            0.01413275042179028,
            -0.07371578744708605,
            -0.012350931770428732,
            -0.007431915104771312,
            -0.021206899260338155,
            0.009966022493081877,
            0.0019474363604091284,
            -0.005503567439039667,
            -0.015842741947511136,
            0.0536175731587623,
            0.00029532666949497313
        ],
        [
            0.04292968205486521,
            0.04013397727355917,
            0.001021172326427924,
            -0.04956375098596253,
            -0.0014913239322054965,
            0.04146040922913935,
            0.11243895956302973,
            0.008695038323709211,
            0.2776470537191863,
            -0.07371578744708605,
            0.5128933955422922,
            0.15806013762822005,
            0.03325479582517824,
            0.01856672946914564,
            -0.027271522470234084,
            0.062392695830196104,
            0.09633844316138208,
            0.09336830454662552,
            -0.3128739460127477,
            -0.0014843555510277006
        ],
        [
            0.028979287575201625,
            0.02306826090616092,
