{
    "opt_E": -2.2122099900676955,
    "HF_E": -2.1811896760727523,
    "B3LYP_E": -2.1831891183143544,
    "sto-3G_E": -2.172728499785081,
    "proj": [
        [
            0.568099877169338,
            0.35425564433844287,
            0.0008202462651412538,
            -0.1740136709979123,
            0.02835591787802973,
            -0.003531208083630663,
            0.17228263514234615,
            0.008542370079743764,
            -0.22601212408639554,
            0.054675508759313776,
            0.03560522223745222,
            0.026382485410251136,
            0.00401754320365271,
            0.04129650271275826,
            0.004264676407915852,
            -0.0019039754534991528,
            -0.025158673526317506,
            0.0017397270344997517,
            -0.024090446865193092,
            0.004331319454614511
        ],
        [
            0.35425564433844287,
            0.24019584497600444,
            -0.00017416232932798727,
            -0.0546054770264524,
            0.0079912761847497,
            0.09781332888489713,
            0.14229178729291936,
            0.002591774802717946,
            -0.1371980671278979,
            0.026477051612156254,
            0.02424970850784523,
            0.025788127511933562,
            -0.0034288257418404306,
            -0.03191166906771779,
            -0.003961112682805018,
            -0.02979546301432952,
            -0.03278845735908643,
            0.0008093301769507383,
            -0.018580067221081263,
            0.0024546050063235267
        ],
        [
            0.0008202462651412538,
            -0.00017416232932798727,
            5.363340855941899e-05,
            -0.003045108754456037,
            0.0005855211657178424,
            -0.004797470741340426,
            -0.0010169524904046906,
            0.0003271112025334075,
            0.0009555475654361055,
            0.0006758534818143601,
            0.002461007217981136,
            -0.00046112957346007636,
            0.00043700578410711465,
            0.001057269653921433,
            0.0006260507190194221,
            -0.0018244506397155468,
            -0.0006703346042409265,
            7.236206425817553e-05,
            -0.0024455373013005906,
            0.00022653307645122549
        ],
        [
            -0.1740136709979123,
            -0.0546054770264524,
            -0.003045108754456037,
            0.23273619397651124,
            -0.042192340893368076,
            0.3245898841568131,
            0.05133045393285816,
            -0.015915505241806342,
            0.04392158195001749,
            -0.046761644244072795,
            -0.061254576284719815,
            0.03636302792731535,
            -0.024635417778137613,
            -0.13615461555575495,
            -0.032017821146032584,
            0.02687744035752763,
            0.012975021882601667,
            -0.00295661562673414,
            0.07034298224130273,
            -0.007966540401708069
        ],
        [
            0.02835591787802973,
            0.0079912761847497,
            0.0005855211657178424,
            -0.042192340893368076,
            0.007731342323450577,
            -0.05990785983359276,
            -0.00983537959057057,
            0.0032077825381014472,
            -0.0041354241790940854,
            0.008696786429140782,
            0.01574847445625401,
            -0.006207057113282665,
            0.00474363391541802,
            0.022938954355326995,
            0.006303304455450879,
            -0.008141959654845548,
            -0.003295311315033781,
            0.0006253173223659418,
            -0.016696525605196372,
            0.0017648392726101474
        ],
        [
            -0.003531208083630663,
            0.09781332888489713,
            -0.004797470741340426,
            0.3245898841568131,
            -0.05990785983359276,
            0.5941537301153189,
            0.2039530920199754,
            -0.019297699622119316,
            -0.008103297742329672,
            -0.04840637163968213,
            -0.013973983790503278,
            0.10742645284012652,
            -0.0402444210836196,
            -0.23411537589681533,
            -0.052041802109916734,
            0.045878545186134496,
            0.022420930209033903,
            -0.00320255843887585,
            0.06819656457123986,
            -0.008014938001395107
        ],
        [
            0.17228263514234615,
            0.14229178729291936,
            -0.0010169524904046906,
            0.05133045393285816,
            -0.00983537959057057,
            0.2039530920199754,
            0.14065449332540897,
            0.002411963476543499,
            -0.026371885376519643,
            0.00888063316021508,
            0.105559970220159,
            0.08195166120731376,
            -0.009433554043477592,
            -0.0700691490412884,
            -0.011850335023803461,
            0.02634662721164825,
            0.024396314142481158,
            0.0009433001499793098,
            -0.039142466476952346,
            0.003535891119484353
        ],
        [
            0.008542370079743764,
            0.002591774802717946,
            0.0003271112025334075,
            -0.015915505241806342,
            0.0032077825381014472,
            -0.019297699622119316,
            0.002411963476543499,
            0.0031752194546657317,
            0.014230022301367136,
            0.005677616373836726,
            0.03777071244573379,
            0.008921331785014993,
            0.0026636036889856243,
            0.004683230527082928,
            0.00382310089654272,
            -0.003098070360289301,
            0.004515681543782071,
            0.0007206080896730781,
            -0.024962740852008496,
            0.002300585787982626
        ],
        [
            -0.22601212408639554,
            -0.1371980671278979,
            0.0009555475654361055,
            0.04392158195001749,
            -0.0041354241790940854,
            -0.008103297742329672,
            -0.026371885376519643,
            0.014230022301367136,
            0.21514051719367894,
            0.002435339305522704,
            0.24656368172786802,
            0.06529278468387194,
            0.008757350219883308,
            -0.050759330675243075,
            0.015217842065449332,
            -0.037872239886715064,
            0.03353140085227313,
            0.003685776318264544,
            -0.1592160246592421,
            0.0130396152329287
        ],
        [
            0.054675508759313776,
            0.026477051612156254,
            0.0006758534818143601,
            -0.046761644244072795,
            0.008696786429140782,
            -0.04840637163968213,
            0.00888063316021508,
            0.005677616373836726,
            0.002435339305522704,
            0.013659788132445555,
            0.054913407867725826,
            0.011203171834128871,
            0.005359278381957176,
            0.019704887923308486,
            0.007287308152766809,
            -0.002786960729430271,
            0.005415713635142828,
            0.001217589335297865,
            -0.03736968184481766,
            0.0036913933754076714
        ],
        [
            0.03560522223745222,
            0.02424970850784523,
            0.002461007217981136,
            -0.061254576284719815,
            0.01574847445625401,
            -0.013973983790503278,
            0.105559970220159,
            0.03777071244573379,
            0.24656368172786802,
            0.054913407867725826,
            0.5656874079354258,
            0.19731657899523763,
            0.020130293055741016,
            -0.020655793756664324,
            0.030565777834977027,
            0.025335805949063293,
            0.11407357672928234,
            0.008961043830987376,
            -0.3285483433464834,
            0.02950024595814206
        ],
        [
            0.026382485410251136,
            0.025788127511933562,
            -0.00046112957346007636,
