{
    "opt_E": -2.203376094247149,
    "HF_E": -2.1714440727751008,
    "B3LYP_E": -2.173767701605856,
    "sto-3G_E": -2.157686389571264,
    "proj": [
        [
            0.5781469052003484,
            0.36221926819134714,
            -0.05940230282217354,
            -0.16505104828962175,
            0.008165180113679699,
            -0.013792793369870908,
            0.1642983731206053,
            -0.09277163671561194,
            -0.1991301509904476,
            -0.004374430769322166,
            0.03989085571882586,
            0.022666179899216772,
            0.002044696960260987,
            0.0514692045353443,
            -0.00869993146144152,
            -0.002607682273922285,
            -0.02710751218938413,
            0.002663213050233225,
            -0.026552808790098716,
            -0.010131070135115655
        ],
        [
            0.36221926819134714,
            0.2479382700649392,
            -0.017182674081833382,
            -0.05096294844942967,
            0.0034340169078943884,
            0.09613315561769492,
            0.14036842604629293,
            -0.05000896233170182,
            -0.12974993399232063,
            0.002353671145012995,
            0.02133130174649851,
            0.02338431651715173,
            -0.0015732969217720529,
            -0.02792866156914985,
            0.007193107489657792,
            -0.028724752924341374,
            -0.033801656638768884,
            0.0007846152563699892,
            -0.015829779069892108,
            -0.0040656178150551055
        ],
        [
            -0.05940230282217354,
            -0.017182674081833382,
            0.027480656001785165,
            0.07276904808208123,
            -0.0024566169630091707,
            0.11065633099501469,
            0.02103106520576061,
            0.017072932742838564,
            0.005916280031764514,
            0.008247900286822546,
            -0.021479224372080906,
            0.012558711047432529,
            -0.005911067182953643,
            -0.05360815455323702,
            0.02027416669663822,
            0.006181544411633798,
            0.004237577666685145,
            -0.003110184760213214,
            0.02137223682034276,
            0.007554362914801039
        ],
        [
            -0.16505104828962175,
            -0.05096294844942967,
            0.07276904808208123,
            0.19294870906852948,
            -0.006573899187075188,
            0.29056775487606523,
            0.05390293252984847,
            0.04638819262201359,
            0.02268033487881776,
            0.020561104885512955,
            -0.04858377248822159,
            0.03568617995384845,
            -0.01512915814313065,
            -0.14103288243746687,
            0.052398357840432314,
            0.017197704944031125,
            0.01349460890817796,
            -0.007700819116727493,
            0.052219153560836944,
            0.018843259727442458
        ],
        [
            0.008165180113679699,
            0.0034340169078943884,
            -0.0024566169630091707,
            -0.006573899187075188,
            0.000250771720669577,
            -0.008742473303967444,
            -0.0008268972376070198,
            -0.001970710366129697,
            -0.002614986878286228,
            -0.00041455100446976157,
            0.00034809406378928583,
            -0.000739561872015847,
            0.00026072984581825774,
            0.0054304668878657125,
            -0.0011523203870200164,
            0.001695852721071243,
            0.0006097150517514116,
            9.204339191384675e-05,
            -0.00030750052034696804,
            -0.00028663560387873514
        ],
        [
            -0.013792793369870908,
            0.09613315561769492,
            0.11065633099501469,
            0.29056775487606523,
            -0.008742473303967444,
            0.5756935322503222,
            0.21125481873360014,
            0.043574188327922654,
            -0.023307692228467295,
            0.02726821106009407,
            0.007638810563145393,
            0.11116485567488069,
            -0.02444590499077662,
            -0.25563165612365674,
            0.08951385389880902,
            0.030075781372029684,
            0.02383621436908686,
            -0.008642367610585793,
            0.04410041534049267,
            0.020188369376999075
        ],
        [
            0.1642983731206053,
            0.14036842604629293,
            0.02103106520576061,
            0.05390293252984847,
            -0.0008268972376070198,
            0.21125481873360014,
            0.1413778426497577,
            -0.009834758810543414,
            -0.025789657297843983,
            -0.0030229435333899747,
            0.10290508262286621,
            0.08306724104279581,
            -0.0046687634360653915,
            -0.0723857742996091,
            0.022148403771184946,
            0.028433912853545434,
            0.026435280210850974,
            0.002574630058440812,
            -0.03379361994867293,
            -0.0068699164925153135
        ],
        [
            -0.09277163671561194,
            -0.05000896233170182,
            0.017072932742838564,
            0.04638819262201359,
            -0.001970710366129697,
            0.043574188327922654,
            -0.009834758810543414,
            0.018236840840838358,
            0.035192253777894755,
            0.001211009520166205,
            0.0031744293957514007,
            0.004125316338587292,
            -0.0009297371572054456,
            -0.031307983538626905,
            0.005196985913959839,
            -0.008763368164718146,
            0.0004364759428487021,
            -0.0001268884944383381,
            -0.0009444480870892362,
            0.0010513986496012635
        ],
        [
            -0.1991301509904476,
            -0.12974993399232063,
            0.005916280031764514,
            0.02268033487881776,
            -0.002614986878286228,
            -0.023307692228467295,
            -0.025789657297843983,
            0.035192253777894755,
            0.20576124036145063,
            -0.03852779556314303,
            0.25972847617916167,
            0.06703016919008123,
            0.018037919256259048,
            -0.02088874999321995,
            -0.04118924877281407,
            -0.040976762015804975,
            0.02756751659957758,
            0.01805619165934519,
            -0.15407551398763372,
            -0.039162130968456416
        ],
        [
            -0.004374430769322166,
            0.002353671145012995,
            0.008247900286822546,
            0.020561104885512955,
            -0.00041455100446976157,
            0.02726821106009407,
            -0.0030229435333899747,
            0.001211009520166205,
            -0.03852779556314303,
            0.012366341264213241,
            -0.07847953422436685,
            -0.018841557129466717,
            -0.0060218562208298005,
            -0.009268852768165846,
            0.015296897758655224,
            0.009885375256143383,
            -0.006206741907024622,
            -0.005651534276220915,
            0.047514768284440866,
            0.012774241531172235
        ],
        [
            0.03989085571882586,
            0.02133130174649851,
            -0.021479224372080906,
            -0.04858377248822159,
            0.00034809406378928583,
            0.007638810563145393,
            0.10290508262286621,
            0.0031744293957514007,
            0.25972847617916167,
            -0.07847953422436685,
            0.5707711565294907,
            0.19706466363577516,
            0.030703131158937524,
            0.0076866139232467795,
            -0.06940475494946428,
            0.011224448661021728,
            0.0973894508462173,
            0.03559406819693683,
            -0.30626930828458343,
            -0.08071979980349121
        ],
        [
            0.022666179899216772,
            0.02338431651715173,
            0.012558711047432529,
