{
    "opt_E": -2.2046427707732517,
    "HF_E": -2.173837437001414,
    "B3LYP_E": -2.175944957619404,
    "sto-3G_E": -2.1646989779922605,
    "proj": [
        [
            0.5692060741114636,
            0.34922909024190374,
            0.04264544276673058,
            -0.1705198203789997,
            0.02400346826993754,
            0.0032379963761988277,
            0.16935440054758774,
            0.07456671157383755,
            -0.22281129967045196,
            0.04666282327865197,
            0.03986404891718244,
            0.023621654891069297,
            0.0030812715021030757,
            0.043399543616207084,
            0.001095899156362689,
            -0.00041629224342849835,
            -0.02641149533526947,
            -0.011312952258131927,
            -0.028583140727543803,
            0.004450415583336849
        ],
        [
            0.34922909024190374,
            0.2341014907628573,
            0.011530058517253524,
            -0.050395098741096656,
            0.006002032630685073,
            0.103367776986237,
            0.13951836415773128,
            0.03618656089407276,
            -0.13596002321161435,
            0.022867133101290644,
            0.022749374149618452,
            0.02408354333849445,
            -0.002262934069972249,
            -0.032806572021937416,
            -0.002333361322971089,
            -0.025937130560651257,
            -0.03121111698708426,
            -0.005561708428075272,
            -0.01713634037159274,
            0.002185757006862638
        ],
        [
            0.04264544276673058,
            0.011530058517253524,
            0.0156671862748799,
            -0.05860317949363596,
            0.00928511210483657,
            -0.08274175182635062,
            -0.014611837329555361,
            0.01384655214006886,
            -0.007740916241943246,
            0.008801808174376072,
            0.01928451486922306,
            -0.009192459608285073,
            -0.0032212531998010055,
            0.039491511730953215,
            0.004250365770688262,
            -0.0059368401662409425,
            -0.0039030790411209086,
            -0.008542802853876404,
            -0.019703581869189885,
            0.0021618350001781496
        ],
        [
            -0.1705198203789997,
            -0.050395098741096656,
            -0.05860317949363596,
            0.21991041590617358,
            -0.03472419955946113,
            0.30695177166999993,
            0.053113746076559845,
            -0.052327172125535,
            0.04113333859515526,
            -0.03294855179976576,
            -0.05645015681875476,
            0.039193493314381635,
            0.010396222382306822,
            -0.14714642544927714,
            -0.015310626110216063,
            0.02357239452261725,
            0.018443680520516332,
            0.0285797655191177,
            0.0652130598980499,
            -0.007362384452542269
        ],
        [
            0.02400346826993754,
            0.006002032630685073,
            0.00928511210483657,
            -0.03472419955946113,
            0.005510933592934449,
            -0.04980719706474191,
            -0.009442999383111194,
            0.008073482505213971,
            -0.004278387236929741,
            0.005120746265615506,
            0.010678613982899475,
            -0.006277485128022019,
            -0.0021288606122450613,
            0.023026407117065405,
            0.0025893207276541912,
            -0.00498362757044146,
            -0.003261298071732117,
            -0.005098758569620377,
            -0.011779219416603004,
            0.001281590043443404
        ],
        [
            0.0032379963761988277,
            0.103367776986237,
            -0.08274175182635062,
            0.30695177166999993,
            -0.04980719706474191,
            0.5731515012183097,
            0.20684914089706005,
            -0.05215382572101805,
            -0.00933802595653473,
            -0.031459728927985556,
            -0.002048114936244375,
            0.11028208577228217,
            0.010814969604329431,
            -0.2541933492624453,
            -0.02480299209432755,
            0.037090424789585526,
            0.027808340962906245,
            0.028124979949124385,
            0.057630300112081236,
            -0.007043868723335858
        ],
        [
            0.16935440054758774,
            0.13951836415773128,
            -0.014611837329555361,
            0.053113746076559845,
            -0.009442999383111194,
            0.20684914089706005,
            0.13872459397934978,
            0.00703462430183525,
            -0.027196269734814316,
            0.006522896670999303,
            0.10038391056267754,
            0.07974098586000686,
            -0.00233125719639711,
            -0.07384082105219267,
            -0.006154025136818447,
            0.028072143830656097,
            0.02501123106475356,
            -0.011297866036326957,
            -0.03333240358516247,
            0.0028607562036711545
        ],
        [
            0.07456671157383755,
            0.03618656089407276,
            0.01384655214006886,
            -0.052327172125535,
            0.008073482505213971,
            -0.05215382572101805,
            0.00703462430183525,
            0.015564335060394636,
            -0.01766277442299729,
            0.01007006689950552,
            0.02854455463200554,
            0.0018329222810114217,
            -0.002254879740076104,
            0.03063916955961686,
            0.0030082997427673917,
            0.0013028878840474374,
            0.00043976465565839475,
            -0.00862964659849846,
            -0.020541754611268843,
            0.0022642482960111717
        ],
        [
            -0.22281129967045196,
            -0.13596002321161435,
            -0.007740916241943246,
            0.04113333859515526,
            -0.004278387236929741,
            -0.00933802595653473,
            -0.027196269734814316,
            -0.01766277442299729,
            0.22101795468733398,
            -0.005845160405497025,
            0.25440543099113183,
            0.0664517075741992,
            -0.03791313651648051,
            -0.03432045724983057,
            0.010723638234142626,
            -0.033405278539020346,
            0.031149465379141046,
            -0.05996592265587041,
            -0.1529322800204696,
            0.012538625033911564
        ],
        [
            0.04666282327865197,
            0.022867133101290644,
            0.008801808174376072,
            -0.03294855179976576,
            0.005120746265615506,
            -0.031459728927985556,
            0.006522896670999303,
            0.01007006689950552,
            -0.005845160405497025,
            0.006717590770492493,
            0.02862531691783567,
            0.004816064169426355,
            -0.0026095156756150615,
            0.018369058100610364,
            0.0022078801413674643,
            0.0008055528945879021,
            0.0019329918013069624,
            -0.007745814600683764,
            -0.018845510738565146,
            0.001938542656163897
        ],
        [
            0.03986404891718244,
            0.022749374149618452,
            0.01928451486922306,
            -0.05645015681875476,
            0.010678613982899475,
            -0.002048114936244375,
            0.10038391056267754,
            0.02854455463200554,
            0.25440543099113183,
            0.02862531691783567,
            0.5653476793863972,
            0.19117539078994225,
            -0.05698829266568611,
            0.004718793922104819,
            0.018314727982884593,
            0.029664621292177597,
            0.10268409311507123,
            -0.12232347339599199,
            -0.31018489338452027,
            0.02753009477686061
        ],
        [
            0.023621654891069297,
            0.02408354333849445,
            -0.009192459608285073,
            0.039193493314381635,
