{
    "opt_E": -2.1649913835945678,
    "HF_E": -2.1334288105232035,
    "B3LYP_E": -2.1356173347812977,
    "sto-3G_E": -2.1087768566908247,
    "proj": [
        [
            0.5417361163739244,
            0.3556964999018455,
            0.018921138277874335,
            -0.18192007874587787,
            -0.038930272652640124,
            0.034836855733660875,
            0.17211950255730604,
            0.0035239603992224316,
            -0.21418111965503406,
            -0.05350350897162997,
            0.0495673633007175,
            0.02991647194752662,
            -0.0032694319387114577,
            0.04359008273226592,
            -0.0028612989641212828,
            -0.003084706075666792,
            -0.030824943790458047,
            -0.01303368595035726,
            -0.024955083395139882,
            0.0126120725657027
        ],
        [
            0.3556964999018455,
            0.2439209065474381,
            0.008931350964793194,
            -0.07679443228909032,
            -0.016077565086353007,
            0.08973054242272521,
            0.1319178799458671,
            0.005299639322420917,
            -0.14291464973986387,
            -0.03096203809396933,
            0.03326847913287425,
            0.022335734454300756,
            0.006642616108295988,
            -0.019791511523313467,
            -0.0024086214222108493,
            -0.02963544497310326,
            -0.03683886748390484,
            -0.006859562929552092,
            -0.020491918276524197,
            0.007279214592127994
        ],
        [
            0.018921138277874335,
            0.008931350964793194,
            0.0020759210074189115,
            -0.023408998951038117,
            -0.00520343402651197,
            -0.024741399547581817,
            -0.0011378107056886583,
            -0.0023166990053124013,
            -0.0030011025019675173,
            -0.0029099841133867843,
            0.006378247336746449,
            -0.0015044690992592313,
            -0.006036781744432188,
            0.017251142162172505,
            0.002424087171669927,
            -0.0006366246903155417,
            -0.0010876379002574485,
            -0.0028505301426510793,
            -0.0046738790181304985,
            0.002842128805688422
        ],
        [
            -0.18192007874587787,
            -0.07679443228909032,
            -0.023408998951038117,
            0.26895094089432925,
            0.05952311796758224,
            0.31049867029102174,
            0.03667797688996075,
            0.022572556458382877,
            0.03590125702215847,
            0.03245128629802098,
            -0.03827903486062998,
            0.035123206553607754,
            0.06955544045027028,
            -0.20263440669388957,
            -0.027076321536138377,
            0.012334291084047513,
            0.019033988865771814,
            0.02781283812892053,
            0.039578358397403715,
            -0.02723423434235854
        ],
        [
            -0.038930272652640124,
            -0.016077565086353007,
            -0.00520343402651197,
            0.05952311796758224,
            0.01324550500127487,
            0.06849642209581921,
            0.007511427829413688,
            0.006103813289890363,
            0.004100128827570285,
            0.006754700325701562,
            -0.014417297001988148,
            0.0056898568620159596,
            0.016266674843288694,
            -0.04557443723387991,
            -0.006623711395926999,
            0.00251740103818681,
            0.0030731804096671995,
            0.007208776927755367,
            0.011533327905290165,
            -0.007179744800455118
        ],
        [
            0.034836855733660875,
            0.08973054242272521,
            -0.024741399547581817,
            0.31049867029102174,
            0.06849642209581921,
            0.5164218509022158,
            0.1756507944686291,
            0.02156218519657021,
            -0.02174337820763709,
            0.023856069555609143,
            0.05845592992383138,
            0.10497264648937198,
            0.0949652454730489,
            -0.2825038694252467,
            -0.03520659386981368,
            0.019936880264506927,
            0.026953669255589383,
            0.020168285606372675,
            0.005720899197343767,
            -0.018045792377594315
        ],
        [
            0.17211950255730604,
            0.1319178799458671,
            -0.0011378107056886583,
            0.03667797688996075,
            0.007511427829413688,
            0.1756507944686291,
            0.1211461875008546,
            -0.006146030362855411,
            -0.027951173734425214,
            -0.005296376568952094,
            0.11446741641489276,
            0.07788401458258629,
            0.020769044464036965,
            -0.05518432083583032,
            -0.007499830004681816,
            0.03380395852570498,
            0.030021726228903905,
            -0.01026546660590017,
            -0.036767070129010614,
            0.011671564148923891
        ],
        [
            0.0035239603992224316,
            0.005299639322420917,
            -0.0023166990053124013,
            0.022572556458382877,
            0.006103813289890363,
            0.02156218519657021,
            -0.006146030362855411,
            0.019768219753534915,
            -0.05763403951448582,
            -0.004442595865378522,
            -0.09583939295509453,
            -0.023560722474578893,
            0.022570669095612658,
            -0.02052017825176269,
            -0.015429381085695451,
            0.019513524593065035,
            -0.002071190165328255,
            0.02030824217750424,
            0.05236816546651612,
            -0.022178271178226825
        ],
        [
            -0.21418111965503406,
            -0.14291464973986387,
            -0.0030011025019675173,
            0.03590125702215847,
            0.004100128827570285,
            -0.02174337820763709,
            -0.027951173734425214,
            -0.05763403951448582,
            0.2507773077045703,
            0.035975184546835313,
            0.27339997027822305,
            0.07352320505799759,
            -0.05404241550687535,
            0.017920697557217542,
            0.041501985709064916,
            -0.04324486598640448,
            0.02837511137772097,
            -0.05257936362949814,
            -0.14298008720661196,
            0.05835005609987365
        ],
        [
            -0.05350350897162997,
            -0.03096203809396933,
            -0.0029099841133867843,
            0.03245128629802098,
            0.006754700325701562,
            0.023856069555609143,
            -0.005296376568952094,
            -0.004442595865378522,
            0.035975184546835313,
            0.00845489296083213,
            0.023166983793975082,
            0.006097243404473219,
            -0.0013209736206533853,
            -0.021485960553136094,
            0.0039765810098958765,
            -0.01607550662887552,
            -0.0027604151790176384,
            -0.0035127827269502486,
            -0.013896648631396297,
            0.004387688302133313
        ],
        [
            0.0495673633007175,
            0.03326847913287425,
            0.006378247336746449,
            -0.03827903486062998,
            -0.014417297001988148,
            0.05845592992383138,
            0.11446741641489276,
            -0.09583939295509453,
            0.27339997027822305,
            0.023166983793975082,
            0.5415331827593994,
            0.19329005024271353,
            -0.0752845048235844,
            0.055890182977305886,
            0.05550225540220841,
            0.0013558744992781184,
            0.08115926053015743,
            -0.09684810436992565,
            -0.25612851095796274,
            0.1058540538623503
        ],
        [
            0.02991647194752662,
            0.022335734454300756,
            -0.0015044690992592313,
