{
    "opt_E": -2.214881736475882,
    "HF_E": -2.183836711069435,
    "B3LYP_E": -2.185873623398322,
    "sto-3G_E": -2.1755081705960984,
    "proj": [
        [
            0.5319598408770572,
            0.3244872042842466,
            0.03131208324968076,
            -0.1687952773958973,
            0.011390999090375518,
            0.0615049899435417,
            0.1822705781879631,
            0.05398562167918058,
            -0.2642437217306105,
            0.03203998301110176,
            0.02958720744064414,
            0.029936679457328707,
            0.0003280430912684172,
            0.022275697018557365,
            0.0010731996303064352,
            -1.1656252377073961e-05,
            -0.02868407773479135,
            -0.001017444883788416,
            -0.014439151894044348,
            0.003467206700489395
        ],
        [
            0.3244872042842466,
            0.21044325862511334,
            0.009636688899934272,
            -0.053941504955880466,
            0.00222458057630219,
            0.11570619883759944,
            0.13547146779591207,
            0.02813305839417613,
            -0.14544668079809242,
            0.01458284277779005,
            0.02519750766449562,
            0.026681111098131597,
            0.0023224483975246737,
            -0.029915360917694325,
            -0.009076634071249385,
            -0.023460043272663687,
            -0.030213185563622583,
            -0.0005655004126599655,
            -0.012717589680867858,
            0.0018352052733590645
        ],
        [
            0.03131208324968076,
            0.009636688899934272,
            0.010460205428715336,
            -0.054467278385777376,
            0.005249802205971393,
            -0.06481656702487923,
            -0.007591278383724466,
            0.006866185706996089,
            -0.020542705073317943,
            0.00900847095775715,
            0.014787873802860363,
            -0.005487803434021257,
            -0.003106093999392043,
            0.029596151530125833,
            0.01091503269309821,
            -0.004867320595898112,
            -0.0029276508861702496,
            -0.0009845169450980937,
            -0.013612083230265621,
            0.0014430981758169622
        ],
        [
            -0.1687952773958973,
            -0.053941504955880466,
            -0.054467278385777376,
            0.28379575656595796,
            -0.02723599012152843,
            0.3351075107109603,
            0.03854412544253329,
            -0.03634660712361867,
            0.11229593977331331,
            -0.04608377382747041,
            -0.06958582768865566,
            0.03173761267540846,
            0.015924329141259245,
            -0.15251982004110223,
            -0.05615351251472267,
            0.02788299971263145,
            0.018643389491340367,
            0.004943416389865917,
            0.06772436115307401,
            -0.0072954863554641845
        ],
        [
            0.011390999090375518,
            0.00222458057630219,
            0.005249802205971393,
            -0.02723599012152843,
            0.0027286835754543586,
            -0.03439993252503759,
            -0.0048291114392865825,
            0.0029775216950616613,
            -0.0062580446987908125,
            0.005083296239531762,
            0.012308680450881244,
            -0.002123084894940253,
            -0.001856416052171589,
            0.01410031734498253,
            0.0061448217114461875,
            -0.005555017309421151,
            -0.002231571452515459,
            -0.0006800629672669685,
            -0.010170147785895893,
            0.0009287836432736923
        ],
        [
            0.0615049899435417,
            0.11570619883759944,
            -0.06481656702487923,
            0.3351075107109603,
            -0.03439993252503759,
            0.5613242425726576,
            0.18444085548586253,
            -0.025039087637739637,
            0.04070520899886178,
            -0.042856181658436084,
            -0.020746852872440016,
            0.0919055365781013,
            0.022575108317144703,
            -0.2285245886022867,
            -0.08174788620284208,
            0.03226632159399283,
            0.017950417434481843,
            0.0050063848486644295,
            0.05934516837920577,
            -0.0066981856938777284
        ],
        [
            0.1822705781879631,
            0.13547146779591207,
            -0.007591278383724466,
            0.03854412544253329,
            -0.0048291114392865825,
            0.18444085548586253,
            0.13191542208588183,
            0.007465147070087124,
            -0.02796906366840204,
            0.012546599804093768,
            0.11596239547588953,
            0.08319574950006649,
            0.0034108280080171554,
            -0.05572348732994448,
            -0.01618124766575476,
            0.01895600137202371,
            0.024279103702219428,
            -0.0018564634547551427,
            -0.04062097556291939,
            0.002919261668145155
        ],
        [
            0.05398562167918058,
            0.02813305839417613,
            0.006866185706996089,
            -0.03634660712361867,
            0.0029775216950616613,
            -0.025039087637739637,
            0.007465147070087124,
            0.007453456737889688,
            -0.0350188998876825,
            0.0044372302459377,
            -0.0060251925642324875,
            -0.004595617316664955,
            -0.0007836444051279916,
            0.017111286843106522,
            0.0038123544104567545,
            0.0030259628217826295,
            -0.0030468359039682617,
            -3.844724572735549e-05,
            0.0015124992782151658,
            0.0003286280023001486
        ],
        [
            -0.2642437217306105,
            -0.14544668079809242,
            -0.020542705073317943,
            0.11229593977331331,
            -0.0062580446987908125,
            0.04070520899886178,
            -0.02796906366840204,
            -0.0350188998876825,
            0.2290787444152827,
            0.009595613311501555,
            0.21177320679285835,
            0.0722006607954636,
            -0.00578988414582058,
            -0.057388592216850186,
            0.006930364678696553,
            -0.04360463112729306,
            0.03110281886245857,
            -0.005864502029378726,
            -0.11143748474568144,
            0.005981792409010901
        ],
        [
            0.03203998301110176,
            0.01458284277779005,
            0.00900847095775715,
            -0.04608377382747041,
            0.005083296239531762,
            -0.042856181658436084,
            0.012546599804093768,
            0.0044372302459377,
            0.009595613311501555,
            0.017183640966199128,
            0.08691111177343468,
            0.024556774832116417,
            -0.0047136683178257595,
            0.01848654704060786,
            0.013088400111997914,
            -0.01047015782936931,
            0.00763897802270826,
            -0.002908712582272224,
            -0.049293399768339054,
            0.0038040487591122405
        ],
        [
            0.02958720744064414,
            0.02519750766449562,
            0.014787873802860363,
            -0.06958582768865566,
            0.012308680450881244,
            -0.020746852872440016,
            0.11596239547588953,
            -0.0060251925642324875,
            0.21177320679285835,
            0.08691111177343468,
            0.6127106857333116,
            0.22707433017671202,
            -0.021134154075579652,
            0.004989132294610371,
            0.04773117771210159,
            -0.03203558289930687,
            0.09604586743705032,
            -0.01767099750142755,
            -0.3144679975719049,
            0.02218408959368556
        ],
        [
            0.029936679457328707,
            0.026681111098131597,
            -0.005487803434021257,
            0.03173761267540846,
