{
    "opt_E": -2.1864288215003844,
    "HF_E": -2.155135198840746,
    "B3LYP_E": -2.157656540927939,
    "sto-3G_E": -2.139627775315824,
    "proj": [
        [
            0.5308031211329121,
            0.3337759565091635,
            -0.03439033238545808,
            -0.17421056047919156,
            0.007195000949117408,
            0.05921071540934954,
            0.17896817614417113,
            -0.05949883980805661,
            -0.24640286213048307,
            0.004960449423480981,
            0.04985516961603675,
            0.031031457022619658,
            -0.0034852093792009766,
            0.03334039729455032,
            0.003526165195566606,
            -0.002046344843097757,
            -0.03181607743091778,
            0.008630776522527821,
            -0.022538099603922557,
            -0.007926690382055006
        ],
        [
            0.3337759565091635,
            0.2196327051565937,
            -0.012482358050614862,
            -0.06621606455639578,
            0.003389159575673689,
            0.10354766496864108,
            0.13082806569998165,
            -0.032052175265622984,
            -0.14907687238466374,
            0.0026916066474456735,
            0.032710169989461066,
            0.023097718645170167,
            -0.0013847235327578,
            -0.024790057342040355,
            0.0035732255643811106,
            -0.024901127531128612,
            -0.03508777129113642,
            0.0046882662872591895,
            -0.014658056895322109,
            -0.0043101296343333925
        ],
        [
            -0.03439033238545808,
            -0.012482358050614862,
            0.012434099229836092,
            0.05953731472190996,
            -0.0017037089670940977,
            0.06769212534376763,
            0.006632938879354155,
            0.009397112561627395,
            0.013152421814247632,
            -0.000161903590372949,
            -0.015428630083046976,
            0.004928246173908335,
            -0.003529144772276206,
            -0.04389176340350487,
            0.005138512063948923,
            0.00552941695581347,
            0.0031467898523215598,
            -0.005300697235668631,
            0.013812186297558149,
            0.004339233216519937
        ],
        [
            -0.17421056047919156,
            -0.06621606455639578,
            0.05953731472190996,
            0.2857995795577728,
            -0.008168228698368727,
            0.3217554379881181,
            0.03137095708485743,
            0.04586064228403429,
            0.0753143026339077,
            -0.001490070008824157,
            -0.0579178794584623,
            0.030757269528379635,
            -0.016047879767556335,
            -0.20612827140200382,
            0.023705616701837462,
            0.030455178156504628,
            0.02155035925458598,
            -0.023303085123484987,
            0.059790491350020236,
            0.01912594584214035
        ],
        [
            0.007195000949117408,
            0.003389159575673689,
            -0.0017037089670940977,
            -0.008168228698368727,
            0.0002521761226160504,
            -0.007648704130045175,
            0.0005259605818769392,
            -0.0014758491165881105,
            -0.002493080944241468,
            5.3769865601675676e-06,
            0.003328430844029277,
            0.00037651467247003207,
            0.0003621735565077626,
            0.00589674290961056,
            -0.0005692013722948975,
            0.00036309613304162,
            0.00034973846599823245,
            0.0007867201616349655,
            -0.0020788131810332493,
            -0.0006489083389551647
        ],
        [
            0.05921071540934954,
            0.10354766496864108,
            0.06769212534376763,
            0.3217554379881181,
            -0.007648704130045175,
            0.5274846054888646,
            0.1721514153809124,
            0.033368290457839685,
            0.005633462435739392,
            -0.002432858911959336,
            0.02466759882517094,
            0.09565159397766174,
            -0.019145141074961274,
            -0.28553604046948655,
            0.031485803569712874,
            0.032080117925784454,
            0.02125104282023481,
            -0.017516258701474968,
            0.03778601345695412,
            0.014152369744289756
        ],
        [
            0.17896817614417113,
            0.13082806569998165,
            0.006632938879354155,
            0.03137095708485743,
            0.0005259605818769392,
            0.1721514153809124,
            0.12393445064632759,
            -0.00887930231053311,
            -0.0236524660310564,
            -0.003101086149540191,
            0.1253888496742344,
            0.08209731959776907,
            -0.0005565676599528663,
            -0.05368844023660624,
            0.004362256881209256,
            0.019840047238153323,
            0.024188408661641868,
            0.0116925912909842,
            -0.03929631369664915,
            -0.009641049968123367
        ],
        [
            -0.05949883980805661,
            -0.032052175265622984,
            0.009397112561627395,
            0.04586064228403429,
            -0.0014758491165881105,
            0.033368290457839685,
            -0.00887930231053311,
            0.009801375755793892,
            0.029704477947431838,
            -0.0007336523070955929,
            -0.005933310567391653,
            0.0013376471968485377,
            -0.000530767811435567,
            -0.027975048791643867,
            0.0015845618500502114,
            -0.002793157613941923,
            0.0015329169524185176,
            -0.0022975991140183243,
            0.005219640556760842,
            0.001982150112510451
        ],
        [
            -0.24640286213048307,
            -0.14907687238466374,
            0.013152421814247632,
            0.0753143026339077,
            -0.002493080944241468,
            0.005633462435739392,
            -0.0236524660310564,
            0.029704477947431838,
            0.2619247908421443,
            -0.013603372502318413,
            0.263082968583155,
            0.08756045244756452,
            0.028994002649340093,
            -0.010989290309961932,
            -0.025577357237754946,
            -0.06539770963240557,
            0.028493832655529325,
            0.0403826915261923,
            -0.12904925976921153,
            -0.03167886631194017
        ],
        [
            0.004960449423480981,
            0.0026916066474456735,
            -0.000161903590372949,
            -0.001490070008824157,
            5.3769865601675676e-06,
            -0.002432858911959336,
            -0.003101086149540191,
            -0.0007336523070955929,
            -0.013603372502318413,
            0.0009170815125129135,
            -0.021679416950350566,
            -0.008143412459667716,
            -0.001932693856379792,
            -0.00033772474311109243,
            0.001694049425638004,
            0.0033794946595543844,
            -0.0024869338332326966,
            -0.0032274775421184867,
            0.01016818403690086,
            0.0025635399738735474
        ],
        [
            0.04985516961603675,
            0.032710169989461066,
            -0.015428630083046976,
            -0.0579178794584623,
            0.003328430844029277,
            0.02466759882517094,
            0.1253888496742344,
            -0.005933310567391653,
            0.263082968583155,
            -0.021679416950350566,
            0.5782761048565123,
            0.22547909780006978,
            0.04538633470274839,
            0.06802968992754614,
            -0.04161088419746707,
            -0.04308003271110628,
            0.08307166513758224,
            0.08576079949788479,
            -0.2656844174582178,
            -0.06859220224709366
        ],
        [
            0.031031457022619658,
            0.023097718645170167,
            0.004928246173908335,
