{
    "opt_E": -2.1965209010348103,
    "HF_E": -2.1645412036306757,
    "B3LYP_E": -2.167074512191453,
    "sto-3G_E": -2.1493425322867488,
    "proj": [
        [
            0.584832797533413,
            0.3699538498718655,
            -0.034524217710409935,
            -0.16790637234230116,
            -0.008509170480927352,
            -0.023312199116429854,
            0.1628194659345134,
            -0.04303958714192626,
            -0.1963200782470118,
            -0.03403452078316267,
            0.04014019891679884,
            0.023244137200291757,
            0.007459666573374555,
            0.061649636798120785,
            -0.01341768539483034,
            -0.0011354945539227687,
            -0.029275416095476084,
            0.004106579208573322,
            -0.028464616279938012,
            -0.0011752634185666912
        ],
        [
            0.3699538498718655,
            0.25552521705150355,
            -0.01104967712706895,
            -0.053943921532765504,
            -0.001477676260605575,
            0.08851417721522771,
            0.140366236840897,
            -0.02630008898783364,
            -0.13085866677031577,
            -0.012563611204370257,
            0.024972768311271928,
            0.023517098146613916,
            -0.003469074066292025,
            -0.025770905875280924,
            0.006658507803485784,
            -0.03232328416340392,
            -0.03897305091235662,
            0.0018251563395299555,
            -0.01888921058775749,
            -6.703880085755474e-05
        ],
        [
            -0.034524217710409935,
            -0.01104967712706895,
            0.008370170061400062,
            0.04057963126717287,
            0.0029326491217609987,
            0.06038198991966343,
            0.010753499403969488,
            0.0019902691903842997,
            0.0012261819692052588,
            0.00869777358462362,
            -0.01106299727850033,
            0.007210222299172165,
            -0.007270677552458395,
            -0.031125244754427333,
            0.00975956396903645,
            0.004190335116936307,
            0.0025998030900712633,
            -0.0019124093359630396,
            0.012990764937645075,
            -0.0002072141220001386
        ],
        [
            -0.16790637234230116,
            -0.053943921532765504,
            0.04057963126717287,
            0.1968526967944646,
            0.014187623563364027,
            0.2939153342884396,
            0.053683128208643995,
            0.010258618413870492,
            0.009693295685707964,
            0.04116386314020014,
            -0.04612548995025957,
            0.03843896512226423,
            -0.034952541782076595,
            -0.15007343689315594,
            0.04705492360557573,
            0.02320050935801505,
            0.015651063766140172,
            -0.00886557105033346,
            0.059698075712331385,
            -0.000883556560505164
        ],
        [
            -0.008509170480927352,
            -0.001477676260605575,
            0.0029326491217609987,
            0.014187623563364027,
            0.001079793902776082,
            0.022474937378412378,
            0.004865081336891477,
            0.00015445913499639757,
            -0.00269326343018922,
            0.0034577040285958174,
            -0.006595936245610927,
            0.002635715774944895,
            -0.003045852158371956,
            -0.010262487647197619,
            0.003695741975201833,
            0.0038728010902740933,
            0.0017589255928418229,
            -0.0009414063541023087,
            0.006956850959477922,
            -0.0002002444616493331
        ],
        [
            -0.023312199116429854,
            0.08851417721522771,
            0.06038198991966343,
            0.2939153342884396,
            0.022474937378412378,
            0.5707284665475616,
            0.20749785361112047,
            0.005076255211932368,
            -0.036581623608059236,
            0.049408487415656226,
            0.021186122437859556,
            0.11779137083817749,
            -0.05781559220989879,
            -0.26410396377765444,
            0.08118497469398857,
            0.04249836622958948,
            0.028444826231207167,
            -0.009105390528923792,
            0.05015019071231522,
            -0.00013702704458579847
        ],
        [
            0.1628194659345134,
            0.140366236840897,
            0.010753499403969488,
            0.053683128208643995,
            0.004865081336891477,
            0.20749785361112047,
            0.1403589632671013,
            -0.003611534681318819,
            -0.025574482585837218,
            -0.005177129837886975,
            0.10912104273947822,
            0.08363450844679829,
            -0.01305136123331484,
            -0.07399251233587725,
            0.021509545017963698,
            0.026822841136632816,
            0.02353075061199165,
            0.0035376317378416895,
            -0.03710894267559927,
            0.0014995234000827172
        ],
        [
            -0.04303958714192626,
            -0.02630008898783364,
            0.0019902691903842997,
            0.010258618413870492,
            0.00015445913499639757,
            0.005076255211932368,
            -0.003611534681318819,
            0.00701028302114171,
            0.03854472896035164,
            -0.00427677471810051,
            0.04203312119444431,
            0.011169563008604872,
            0.0033275972697974377,
            -0.008926423360239348,
            -0.0009639860812374144,
            -0.008662452942888216,
            0.003899867342559139,
            0.0029618350212916623,
            -0.026095447291383772,
            0.0013408704588064144
        ],
        [
            -0.1963200782470118,
            -0.13085866677031577,
            0.0012261819692052588,
            0.009693295685707964,
            -0.00269326343018922,
            -0.036581623608059236,
            -0.025574482585837218,
            0.03854472896035164,
            0.22471634864548312,
            -0.03753059730228912,
            0.27245489607117634,
            0.06373919879608854,
            0.0284012887333241,
            -0.01445811293797756,
            -0.017415973671347656,
            -0.05128297020904456,
            0.023734204866448363,
            0.020318278072832614,
            -0.17400097994606395,
            0.00826728111761543
        ],
        [
            -0.03403452078316267,
            -0.012563611204370257,
            0.00869777358462362,
            0.04116386314020014,
            0.0034577040285958174,
            0.049408487415656226,
            -0.005177129837886975,
            -0.00427677471810051,
            -0.03753059730228912,
            0.019346359603334615,
            -0.08582709944406097,
            -0.018039241357667244,
            -0.01249895574940183,
            -0.025623662570730017,
            0.012290998516808687,
            0.008489773594091794,
            -0.006725507978595726,
            -0.006947286579837486,
            0.056156016341613046,
            -0.002082082347435001
        ],
        [
            0.04014019891679884,
            0.024972768311271928,
            -0.01106299727850033,
            -0.04612548995025957,
            -0.006595936245610927,
            0.021186122437859556,
            0.10912104273947822,
            0.04203312119444431,
            0.27245489607117634,
            -0.08582709944406097,
            0.5546454632012813,
            0.19030485741120962,
            0.042023085579956404,
            0.011640650476922997,
            -0.028362611365799453,
            0.011539039838475441,
            0.09413071855836681,
            0.037121517411516994,
            -0.3119397908032177,
            0.012827330020683049
        ],
        [
            0.023244137200291757,
            0.023517098146613916,
            0.007210222299172165,
