{
    "opt_E": -2.176691414564181,
    "HF_E": -2.1447686822333383,
    "B3LYP_E": -2.147241844783519,
    "sto-3G_E": -2.1210127625249564,
    "proj": [
        [
            0.551558397380178,
            0.3567553543177342,
            -0.029047844649063667,
            -0.16765079387098944,
            -0.04225122270277991,
            0.026750088178915676,
            0.17324194492625203,
            -0.049457678561256935,
            -0.2064582000905932,
            -0.085763794850965,
            0.03523101231492474,
            0.03252741691972464,
            -0.002338980332661238,
            0.04784958981601957,
            -0.001331481628710805,
            0.0011033072171931205,
            -0.03609182241180634,
            0.0004307411354478234,
            -0.015748072799553234,
            -0.005356418234751634
        ],
        [
            0.3567553543177342,
            0.24216116148868783,
            -0.011208058893757738,
            -0.06954205072587653,
            -0.015372235892764282,
            0.08674972304811669,
            0.13298993492143418,
            -0.028272862163523076,
            -0.1321735213896988,
            -0.04840564835674073,
            0.031945195840815364,
            0.02586780750166827,
            -0.0009328318581426488,
            -0.02094101977021474,
            0.002825942444848599,
            -0.030927695989043737,
            -0.04285483197673807,
            0.00022410391498112745,
            -0.01653342489605558,
            -0.0043708301166209464
        ],
        [
            -0.029047844649063667,
            -0.011208058893757738,
            0.008335717097603725,
            0.04294075264845983,
            0.013001910467386168,
            0.057099849028029184,
            0.006746936153045206,
            0.005689131548548259,
            0.0006137514256875565,
            0.01208907883231061,
            -0.009084912217968292,
            0.005864136299675991,
            0.00010288193833297858,
            -0.03770767932014496,
            0.007996327769285624,
            0.005340022241599985,
            0.004036603245712284,
            -0.0005210268659878123,
            0.011895837172965478,
            0.0031204868466295356
        ],
        [
            -0.16765079387098944,
            -0.06954205072587653,
            0.04294075264845983,
            0.22275669759905264,
            0.06685975741095909,
            0.28967528160856554,
            0.031881100081494036,
            0.03045629818259603,
            0.02308730758327933,
            0.062149784971852404,
            -0.02617760848173766,
            0.03510952832449419,
            0.0008975363445027326,
            -0.19148028915730567,
            0.03835471011657256,
            0.022592281859539577,
            0.02254182057717198,
            -0.0023152087330733837,
            0.04874928912896547,
            0.013145968703099585
        ],
        [
            -0.04225122270277991,
            -0.015372235892764282,
            0.013001910467386168,
            0.06685975741095909,
            0.020302238807001664,
            0.09063393974675202,
            0.011938043848770221,
            0.008664242375397625,
            -0.00037648649034569296,
            0.018534404660171335,
            -0.013913592758855519,
            0.00982722056799817,
            0.00014091396127812464,
            -0.05907537670292606,
            0.012727033052239876,
            0.009296453230996002,
            0.006737307109721728,
            -0.0008247662829525929,
            0.01883541294695194,
            0.004921243440369212
        ],
        [
            0.026750088178915676,
            0.08674972304811669,
            0.057099849028029184,
            0.28967528160856554,
            0.09063393974675202,
            0.5295434389769715,
            0.1730050729149134,
            0.02380957116163861,
            -0.03369058975814486,
            0.05043406981022737,
            0.055401217438480393,
            0.10910293844538782,
            0.0011960147944313478,
            -0.2991985804480157,
            0.059421317995991776,
            0.03515108237823765,
            0.029184537372921943,
            -0.002597201645128858,
            0.033330620042464565,
            0.009656977270404718
        ],
        [
            0.17324194492625203,
            0.13298993492143418,
            0.006746936153045206,
            0.031881100081494036,
            0.011938043848770221,
            0.1730050729149134,
            0.12385193499855572,
            -0.008910838577179397,
            -0.018094927515750456,
            -0.02127059114479385,
            0.1250006323404266,
            0.08244419861829298,
            0.0006349730617621352,
            -0.05723077443538596,
            0.010902310690739207,
            0.024498614659298135,
            0.023909950263780604,
            0.0006830907369737903,
            -0.041562867809061974,
            -0.010121169717725826
        ],
        [
            -0.049457678561256935,
            -0.028272862163523076,
            0.005689131548548259,
            0.03045629818259603,
            0.008664242375397625,
            0.02380957116163861,
            -0.008910838577179397,
            0.005886189060876859,
            0.013354564355232145,
            0.011311718455641528,
            -0.008207719729362057,
            -0.0016080908279588967,
            0.00023480606516522085,
            -0.022167328450455683,
            0.003269200157072164,
            -0.0028420506643706896,
            0.0004704930948195774,
            -0.0002522387398423159,
            0.005929461051885947,
            0.0017026492322729874
        ],
        [
            -0.2064582000905932,
            -0.1321735213896988,
            0.0006137514256875565,
            0.02308730758327933,
            -0.00037648649034569296,
            -0.03369058975814486,
            -0.018094927515750456,
            0.013354564355232145,
            0.2590763610392765,
            -0.005794469689092002,
            0.29155732642879617,
            0.07567766828152792,
            0.004988328660791606,
            0.026933048150322148,
            -0.03660793032318052,
            -0.06716180858935852,
            0.02242220389248381,
            0.005026532333086926,
            -0.1736147613575731,
            -0.04060806629757616
        ],
        [
            -0.085763794850965,
            -0.04840564835674073,
            0.01208907883231061,
            0.062149784971852404,
            0.018534404660171335,
            0.05043406981022737,
            -0.02127059114479385,
            0.011311718455641528,
            -0.005794469689092002,
            0.0262042512874029,
            -0.062133059648097774,
            -0.01624171956671496,
            -0.00021110709032060035,
            -0.04937111830924584,
            0.011945917333842737,
            0.003943767790676932,
            -0.0016705339022478744,
            -0.0012738751204792462,
            0.038604377502998236,
            0.00971550584689676
        ],
        [
            0.03523101231492474,
            0.031945195840815364,
            -0.009084912217968292,
            -0.02617760848173766,
            -0.013913592758855519,
            0.055401217438480393,
            0.1250006323404266,
            -0.008207719729362057,
            0.29155732642879617,
            -0.062133059648097774,
            0.5437388586671882,
            0.20004305258040872,
            0.006297796800597658,
            0.058815595646242835,
            -0.044218846288544195,
            -0.01894031490014599,
            0.07901312279908662,
            0.007960835889724984,
            -0.2836735444883472,
            -0.06803279074917687
        ],
        [
            0.03252741691972464,
            0.02586780750166827,
            0.005864136299675991,
            0.03510952832449419,
