{
    "opt_E": -2.1605043806090927,
    "HF_E": -2.131745141218633,
    "B3LYP_E": -2.133155307064696,
    "sto-3G_E": -2.1175330740584783,
    "proj": [
        [
            0.5385485502826343,
            0.3521360525450569,
            0.023162641921564472,
            -0.18375858987410043,
            -0.00331277974629002,
            0.03227219546197249,
            0.18044952126672162,
            0.029651205675893428,
            -0.22108964675502,
            0.002725907530051193,
            0.04489085611419718,
            0.029522889533516818,
            -0.0025149666897478036,
            0.04178652927387338,
            0.0019997745741381803,
            0.003917421323316158,
            -0.030707152703304527,
            -0.00532936548533105,
            -0.034579437322282164,
            0.0017561139089364145
        ],
        [
            0.3521360525450569,
            0.24225451962098196,
            0.010115213716641303,
            -0.08108869114939253,
            -0.0016689763961389244,
            0.08458161169264135,
            0.1386485857745604,
            0.017221249929927882,
            -0.13483909688081647,
            0.001173552931136202,
            0.04322340983820407,
            0.022376581351595533,
            -0.0016529421919548168,
            -0.03014920491378701,
            -0.001746066482956399,
            -0.03484285648199276,
            -0.03960919586895646,
            -0.0053010555451630335,
            -0.043976809415446606,
            0.0011290733168207293
        ],
        [
            0.023162641921564472,
            0.010115213716641303,
            0.004765429802340073,
            -0.037300249709479275,
            -0.000405501017912543,
            -0.04252577405775827,
            -0.004201639120211209,
            0.0014509276892073954,
            -0.0022185661645748762,
            0.0019150419898516582,
            0.008181175776991907,
            -0.006003502076419147,
            -0.003931414403877622,
            0.023834618813682616,
            0.0033260426975949414,
            -0.002221706031756373,
            -0.003832940654852842,
            -0.001969951169690501,
            -0.012424773047822236,
            0.000409434818791916
        ],
        [
            -0.18375858987410043,
            -0.08108869114939253,
            -0.037300249709479275,
            0.29220199469703917,
            0.0031789074864548555,
            0.3333150001942287,
            0.033749646024683576,
            -0.011826674135116412,
            0.022713425062406162,
            -0.014475315554057778,
            -0.055409177064710054,
            0.05133837588035609,
            0.03074903272811151,
            -0.1832969365561663,
            -0.025898175551954814,
            0.025100408426215564,
            0.035650968798622625,
            0.01500492810351041,
            0.0944305823340565,
            -0.0031066180866400972
        ],
        [
            -0.00331277974629002,
            -0.0016689763961389244,
            -0.000405501017912543,
            0.0031789074864548555,
            4.277925744929725e-05,
            0.003016207328670668,
            -0.0001284567792872322,
            -0.00025114668597624146,
            0.0014257086376343942,
            -8.859153013453258e-05,
            -2.5183920653998844e-05,
            0.0001782867181679155,
            0.0001405081591597377,
            -0.0025539545323849033,
            -0.00020259589378481666,
            -0.0009261399760228799,
            -0.00022894070601680815,
            3.588702065266313e-05,
            -4.675754759923919e-05,
            -2.1461319114370867e-05
        ],
        [
            0.03227219546197249,
            0.08458161169264135,
            -0.04252577405775827,
            0.3333150001942287,
            0.003016207328670668,
            0.5356770301633382,
            0.17375178886171336,
            -0.005597544940638369,
            -0.038187001200930645,
            -0.014410870233355659,
            0.0332970519318287,
            0.12012882811693712,
            0.038909533796332746,
            -0.26273817288533546,
            -0.03562806886360707,
            0.04857087237644972,
            0.04949546327826291,
            0.011539622908349775,
            0.05853227196261708,
            -0.002415114361622617
        ],
        [
            0.18044952126672162,
            0.1386485857745604,
            -0.004201639120211209,
            0.033749646024683576,
            -0.0001284567792872322,
            0.17375178886171336,
            0.12359544017950519,
            0.003791350188603753,
            -0.03403548845452056,
            0.0019495868833775912,
            0.10546499660753195,
            0.0704647043766403,
            0.005913610673191608,
            -0.061876006637260485,
            -0.0075802743639155285,
            0.036087585525864045,
            0.024490790210222164,
            -0.0049620671330803485,
            -0.04554416390549802,
            0.0009733147357259728
        ],
        [
            0.029651205675893428,
            0.017221249929927882,
            0.0014509276892073954,
            -0.011826674135116412,
            -0.00025114668597624146,
            -0.005597544940638369,
            0.003791350188603753,
            0.0030599543871748106,
            -0.02740128066845835,
            -0.0013699387920934147,
            -0.0220426921727554,
            -0.0042903553070319,
            0.0017043217157800953,
            0.010074222735381127,
            -0.0003695644054576883,
            0.0032665516054502354,
            -0.0021419112200091028,
            0.002063612835259822,
            0.01749229657523433,
            -0.00024002208729350204
        ],
        [
            -0.22108964675502,
            -0.13483909688081647,
            -0.0022185661645748762,
            0.022713425062406162,
            0.0014257086376343942,
            -0.038187001200930645,
            -0.03403548845452056,
            -0.02740128066845835,
            0.27678107301885313,
            0.020208192790732472,
            0.27332562242807457,
            0.04429454750134227,
            -0.02698764987117413,
            -0.036185425153324645,
            0.012094539583929774,
            -0.01717754396073872,
            0.026681877759451366,
            -0.02738773346727498,
            -0.21951715173866373,
            0.0038238913653082045
        ],
        [
            0.002725907530051193,
            0.001173552931136202,
            0.0019150419898516582,
            -0.014475315554057778,
            -8.859153013453258e-05,
            -0.014410870233355659,
            0.0019495868833775912,
            -0.0013699387920934147,
            0.020208192790732472,
            0.0027416494606968453,
            0.03294518149826341,
            0.005081558870722797,
            -0.003771917317547555,
            0.005884563631516474,
            0.0022074523021182392,
            0.000661233423880702,
            0.002467840875279555,
            -0.0034914412836740062,
            -0.026578383250159935,
            0.0005740745935893058
        ],
        [
            0.04489085611419718,
            0.04322340983820407,
            0.008181175776991907,
            -0.055409177064710054,
            -2.5183920653998844e-05,
            0.0332970519318287,
            0.10546499660753195,
            -0.0220426921727554,
            0.27332562242807457,
            0.03294518149826341,
            0.4978066237180267,
            0.14959666280020412,
            -0.03163517232460584,
            0.0040244520526726375,
            0.01477645696131295,
            0.09854981121474214,
            0.10038002220613895,
            -0.04238647423557819,
            -0.33047747051474424,
            0.007087741719731949
        ],
        [
            0.029522889533516818,
            0.022376581351595533,
