{
    "opt_E": -2.1630226704174356,
    "HF_E": -2.132071554655285,
    "B3LYP_E": -2.134511093181307,
    "sto-3G_E": -2.1108782377611073,
    "proj": [
        [
            0.506663138544675,
            0.31153095959580324,
            0.006060850479830671,
            -0.1711748546175417,
            0.014778299339545274,
            0.10495428907687658,
            0.1800869191780055,
            0.018462003185323133,
            -0.270080954576298,
            0.011585162595889304,
            0.0545879531995502,
            0.035952893436357145,
            0.00659790784261436,
            0.018105862882080558,
            0.006391818579229396,
            -0.001945253489697229,
            -0.03580676680191427,
            -0.009196057312326722,
            -0.01907116816890753,
            -0.007985324140982923
        ],
        [
            0.31153095959580324,
            0.19788721864463027,
            0.0017315847022923757,
            -0.06661903309136614,
            0.006824929226877497,
            0.11518334005339409,
            0.12210086570636929,
            0.008165112516995195,
            -0.15688380186912937,
            0.006671492076700457,
            0.03438645972735058,
            0.023563276267785732,
            -0.0012989685776173116,
            -0.026539093736053652,
            0.007466114724041714,
            -0.020794522647770104,
            -0.03453295782038494,
            -0.0047768547840648665,
            -0.011232168162153182,
            -0.003974792255618484
        ],
        [
            0.006060850479830671,
            0.0017315847022923757,
            0.0008288669177859617,
            -0.01634777090911273,
            0.0010227613918955807,
            -0.016663092529245215,
            -0.0011304791219927755,
            0.0017329711112151595,
            -0.0033161977340341246,
            -0.00018481456670543084,
            0.005897780487832833,
            0.0001772130376392474,
            0.0009125981791894464,
            0.012741010927794066,
            -0.002369581677471512,
            -0.0007929994318803752,
            1.3515801824784837e-05,
            -0.0018943033910217533,
            -0.004176727655528303,
            -0.0013863617694905718
        ],
        [
            -0.1711748546175417,
            -0.06661903309136614,
            -0.01634777090911273,
            0.3362694467103394,
            -0.02114167565302412,
            0.32199368553573243,
            0.018119791841593933,
            -0.03181382705015058,
            0.1231932210889654,
            -0.0025635128508517467,
            -0.05575860800942563,
            0.026393942298359004,
            -0.018513989552478984,
            -0.23629412087877377,
            0.04215253095741665,
            0.03216396568867477,
            0.028257485692187004,
            0.02867249446839822,
            0.060449974610670865,
            0.021590340188473316
        ],
        [
            0.014778299339545274,
            0.006824929226877497,
            0.0010227613918955807,
            -0.02114167565302412,
            0.0013803888568476468,
            -0.017354534440023408,
            0.0012456705529501062,
            0.0021660151784964284,
            -0.008626980977508088,
            7.752371885474867e-05,
            0.006173374146777586,
            0.00016025034603710472,
            0.0011760945622317916,
            0.014481486056390724,
            -0.0024765499414015893,
            -0.0009288973130921376,
            -0.0008313771375769871,
            -0.002069017702743455,
            -0.004476813041786676,
            -0.0015466794217879431
        ],
        [
            0.10495428907687658,
            0.11518334005339409,
            -0.016663092529245215,
            0.32199368553573243,
            -0.017354534440023408,
            0.4911179265557876,
            0.15517217045835294,
            -0.024423952403161548,
            0.023505611837875317,
            -0.001965683501686417,
            0.04018733228256143,
            0.08754720297268712,
            -0.023667453756589633,
            -0.2847394280434401,
            0.05125134319436378,
            0.026082291077587444,
            0.020245066810989334,
            0.0176490998808647,
            0.03185723689693136,
            0.01374680729150684
        ],
        [
            0.1800869191780055,
            0.12210086570636929,
            -0.0011304791219927755,
            0.018119791841593933,
            0.0012456705529501062,
            0.15517217045835294,
            0.11413870340157657,
            0.006666211655753323,
            -0.027725004695357155,
            -0.0050579335745706685,
            0.132089530578544,
            0.08186510806638878,
            -0.0049282870401768705,
            -0.03859535475369952,
            0.0066272249803867355,
            0.018588260581032915,
            0.02486522482921339,
            -0.014978036608903223,
            -0.03901204924231621,
            -0.010268885224117003
        ],
        [
            0.018462003185323133,
            0.008165112516995195,
            0.0017329711112151595,
            -0.03181382705015058,
            0.0021660151784964284,
            -0.024423952403161548,
            0.006666211655753323,
            0.005038880377806462,
            0.003930852171712051,
            -0.002365932724567576,
            0.039190579319083124,
            0.011962073082754019,
            0.00023984070627274196,
            0.025607702533724307,
            -0.006660458497389606,
            -0.006473098253776692,
            0.0020137219776965648,
            -0.008330741562188453,
            -0.019897559160695206,
            -0.005805809011132771
        ],
        [
            -0.270080954576298,
            -0.15688380186912937,
            -0.0033161977340341246,
            0.1231932210889654,
            -0.008626980977508088,
            0.023505611837875317,
            -0.027725004695357155,
            0.003930852171712051,
            0.28938738295618344,
            -0.02839816381006375,
            0.2462788527562796,
            0.09047518298683609,
            -0.02320672099957415,
            -0.01685895232011167,
            -0.025747027249293574,
            -0.06918240870210687,
            0.030762807726372736,
            -0.04212273456495203,
            -0.11013729881613742,
            -0.026817243531471226
        ],
        [
            0.011585162595889304,
            0.006671492076700457,
            -0.00018481456670543084,
            -0.0025635128508517467,
            7.752371885474867e-05,
            -0.001965683501686417,
            -0.0050579335745706685,
            -0.002365932724567576,
            -0.02839816381006375,
            0.0038189109316834864,
            -0.04353467596313262,
            -0.016600751073934206,
            0.0025481629226679807,
            -0.00459397721208455,
            0.004461992477541057,
            0.008865547454346982,
            -0.004325146084249698,
            0.007665938472785558,
            0.019423132496652732,
            0.0050794433060933715
        ],
        [
            0.0545879531995502,
            0.03438645972735058,
            0.005897780487832833,
            -0.05575860800942563,
            0.006173374146777586,
            0.04018733228256143,
            0.132089530578544,
            0.039190579319083124,
            0.2462788527562796,
            -0.04353467596313262,
            0.5764742728823459,
            0.2368119307813024,
            -0.02197566576128684,
            0.09694638938092752,
            -0.052382781292638514,
            -0.06160192895258004,
            0.07546370139081578,
            -0.09887647457321976,
            -0.24748980580712313,
            -0.06661590872400767
        ],
        [
            0.035952893436357145,
            0.023563276267785732,
