{
    "opt_E": -2.1784514023588066,
    "HF_E": -2.1478022472432308,
    "B3LYP_E": -2.149588953993331,
    "sto-3G_E": -2.1325066135298973,
    "proj": [
        [
            0.5320469033200271,
            0.3373899127978037,
            -0.01734532632431099,
            -0.180467202683365,
            -0.01952056192699838,
            0.055671348914451205,
            0.1769442585102825,
            -0.00989458005558895,
            -0.24368124223650608,
            -0.02005281077088611,
            0.05327585696855581,
            0.032791458179986355,
            0.004000199784726258,
            0.03750282356583165,
            0.004341338784510094,
            -0.0011297675133947556,
            -0.03565744037995101,
            0.007481085061208193,
            -0.03021805940485211,
            0.0022020222332967115
        ],
        [
            0.3373899127978037,
            0.22418552457425617,
            -0.0075568388769247105,
            -0.07153522220162983,
            -0.00801198045531477,
            0.09968396725842692,
            0.13044934221142937,
            -0.007636751104379337,
            -0.14761868037982934,
            -0.012874820632188422,
            0.038713951570175646,
            0.02421903862254837,
            -0.005095439390206653,
            -0.025132304212623302,
            -0.003569744575330287,
            -0.030471349458942344,
            -0.03946798451248865,
            0.004382247924181375,
            -0.024992954873781333,
            0.0008990238065790643
        ],
        [
            -0.01734532632431099,
            -0.0075568388769247105,
            0.0019650597541237876,
            0.023976150236285024,
            0.002452782949283699,
            0.024616525908163583,
            0.0014452580095355614,
            -0.0010722088057692914,
            0.007409538104257924,
            -1.2556827716537552e-05,
            -0.003911750556657478,
            0.0025040156120005137,
            -0.004727087317975405,
            -0.01661723112349789,
            -0.0032338128316023776,
            -7.950625446482926e-05,
            0.0013666855345701701,
            -0.0011684746419833919,
            0.004938068759673131,
            -0.0003404182671194286
        ],
        [
            -0.180467202683365,
            -0.07153522220162983,
            0.023976150236285024,
            0.296543207998191,
            0.030193282453015564,
            0.32342216030056764,
            0.032858744555560926,
            -0.016499181457818507,
            0.0684782081894386,
            -0.003118663703381766,
            -0.05513706869170392,
            0.04006210738261926,
            -0.06407604259699773,
            -0.201701923332022,
            -0.04259258638671049,
            0.025612387163647197,
            0.03053864785246766,
            -0.016194488546413557,
            0.07524513627705397,
            -0.004363694276119474
        ],
        [
            -0.01952056192699838,
            -0.00801198045531477,
            0.002452782949283699,
            0.030193282453015564,
            0.0030792936927955994,
            0.03229460610100633,
            0.002838959424728993,
            -0.0015668509784793041,
            0.007770947508437905,
            -0.0002146320303769561,
            -0.005376554110509166,
            0.003734740270151526,
            -0.00632295713225041,
            -0.020726065107775044,
            -0.004246236801870586,
            0.0015688778458063423,
            0.0025598576659220575,
            -0.0015844430867896506,
            0.007132601759067241,
            -0.00043887648001986537
        ],
        [
            0.055671348914451205,
            0.09968396725842692,
            0.024616525908163583,
            0.32342216030056764,
            0.03229460610100633,
            0.5164004841115712,
            0.1707958406141247,
            -0.01858767587254284,
            -0.002801759477972401,
            -0.00866135434285731,
            0.034189613394247476,
            0.10655876725956766,
            -0.08316174372246479,
            -0.2714658685067279,
            -0.05548687952916123,
            0.03581034984566149,
            0.03517587482726066,
            -0.012462361328826744,
            0.044046158008487095,
            -0.004153032556170436
        ],
        [
            0.1769442585102825,
            0.13044934221142937,
            0.0014452580095355614,
            0.032858744555560926,
            0.002838959424728993,
            0.1707958406141247,
            0.11970341903078918,
            0.003923276148912305,
            -0.029647703097449168,
            -0.0001864553343159948,
            0.11581831899225724,
            0.07674054208170226,
            -0.014738365251211255,
            -0.05346505259033808,
            -0.00990345468193091,
            0.030745551700757857,
            0.026144625449344247,
            0.00536787715863718,
            -0.041929152054458074,
            0.00047889503636697797
        ],
        [
            -0.00989458005558895,
            -0.007636751104379337,
            -0.0010722088057692914,
            -0.016499181457818507,
            -0.0015668509784793041,
            -0.01858767587254284,
            0.003923276148912305,
            0.012108928869843572,
            0.04512126120122635,
            0.008346834424308011,
            0.07568768018108273,
            0.01828603163182815,
            0.012673397263242691,
            0.011421037516801291,
            0.006985646738307985,
            -0.010835424800016206,
            0.00472173284251347,
            0.007192430535121145,
            -0.04968256335139883,
            0.0010550589332843116
        ],
        [
            -0.24368124223650608,
            -0.14761868037982934,
            0.007409538104257924,
            0.0684782081894386,
            0.007770947508437905,
            -0.002801759477972401,
            -0.029647703097449168,
            0.04512126120122635,
            0.26421241931132217,
            0.03724493664627121,
            0.25859401581438346,
            0.06642550844335471,
            0.03152274100158784,
            -0.026297156040372083,
            0.014476074155792447,
            -0.04836017604703693,
            0.02766134138333304,
            0.021472342400758432,
            -0.16543864398007418,
            0.00224371503835194
        ],
        [
            -0.02005281077088611,
            -0.012874820632188422,
            -1.2556827716537552e-05,
            -0.003118663703381766,
            -0.0002146320303769561,
            -0.00866135434285731,
            -0.0001864553343159948,
            0.008346834424308011,
            0.03724493664627121,
            0.006146620311868353,
            0.05058473120514663,
            0.012321891564065364,
            0.007772835755110768,
            0.003334340313529751,
            0.004089963865932208,
            -0.008418915964354153,
            0.0036022440622843093,
            0.004627656153540213,
            -0.03308658266987587,
            0.0006196535221847949
        ],
        [
            0.05327585696855581,
            0.038713951570175646,
            -0.003911750556657478,
            -0.05513706869170392,
            -0.005376554110509166,
            0.034189613394247476,
            0.11581831899225724,
            0.07568768018108273,
            0.25859401581438346,
            0.05058473120514663,
            0.5496142206670693,
            0.18779056723594786,
            0.05868961390478064,
            0.03816571864274356,
            0.0318227059677996,
            0.009746393081796116,
            0.08440085004987352,
            0.04543411583138913,
            -0.31602518660246454,
            0.006493940732883046
        ],
        [
            0.032791458179986355,
            0.02421903862254837,
            0.0025040156120005137,
