{
    "opt_E": -2.193064189680193,
    "HF_E": -2.1613402423313413,
    "B3LYP_E": -2.163732898190809,
    "sto-3G_E": -2.144762890229901,
    "proj": [
        [
            0.5975773957218911,
            0.38086371600580476,
            0.05916603858211416,
            -0.1514059316720141,
            0.02032661622780718,
            -0.04610570508506305,
            0.15288472110850287,
            0.09401569743436144,
            -0.16240094755668744,
            0.04193269422403316,
            0.028254935352394726,
            0.021707194265820445,
            0.003364569775365566,
            0.05986003662782006,
            0.006645771429002377,
            -0.0028007933619436987,
            -0.023878720725159047,
            -0.0001227441518959893,
            -0.02440687997677565,
            0.005575595340292161
        ],
        [
            0.38086371600580476,
            0.2675795352909136,
            0.017199494901288945,
            -0.04761610126307748,
            0.005348162943930555,
            0.08386348024573131,
            0.14306753584393236,
            0.05034165486624217,
            -0.11499117055570722,
            0.020364163991720016,
            0.019909767086811418,
            0.025955731515194296,
            -0.0003149063725887345,
            -0.029710630489183838,
            -0.002496418035563736,
            -0.03305417813049295,
            -0.034672365837931214,
            0.00021553938239047543,
            -0.019787486253946072,
            0.003604253782959169
        ],
        [
            0.05916603858211416,
            0.017199494901288945,
            0.026559478041790242,
            -0.06303217297388909,
            0.009842618047735003,
            -0.11196687787309456,
            -0.025349065802552778,
            0.018603145590228208,
            0.010983849795699111,
            0.01232397894157852,
            0.02274960082136874,
            -0.01433010206624844,
            0.001473497965696916,
            0.04865901655738087,
            0.013953568140530979,
            -0.009974372927960846,
            -0.004413835715397324,
            -0.0014820986154808105,
            -0.02734922147470504,
            0.0057725416480939795
        ],
        [
            -0.1514059316720141,
            -0.04761610126307748,
            -0.06303217297388909,
            0.15045399395186124,
            -0.023280278562988675,
            0.264990079053989,
            0.05919292819148555,
            -0.04521652911534184,
            -0.012819159409204032,
            -0.028349655564998726,
            -0.037380560862724864,
            0.03662161434181245,
            -0.003978541652341114,
            -0.12008010291411024,
            -0.030721786657868407,
            0.017815106391943347,
            0.009890102768535613,
            0.002994170573591669,
            0.05204377137855707,
            -0.011196103992567935
        ],
        [
            0.02032661622780718,
            0.005348162943930555,
            0.009842618047735003,
            -0.023280278562988675,
            0.0036580864440884458,
            -0.04198081743955791,
            -0.009948568603293358,
            0.006698937181925223,
            0.005187075024110468,
            0.004569207939693959,
            0.009150019538341892,
            -0.00567608292952105,
            0.0005022662077875775,
            0.01733566941613277,
            0.0054698356310117335,
            -0.005176584001298178,
            -0.0023459482568383393,
            -0.0005979806793074613,
            -0.011195004434485553,
            0.002331560187124614
        ],
        [
            -0.04610570508506305,
            0.08386348024573131,
            -0.11196687787309456,
            0.264990079053989,
            -0.04198081743955791,
            0.5899394316674865,
            0.22796757154520494,
            -0.053555527960369526,
            -0.0648712283074851,
            -0.03637557556597635,
            0.015235682637439072,
            0.12254899903479974,
            -0.009090302261186695,
            -0.25149812079149386,
            -0.059876467808982745,
            0.043995109638110236,
            0.02611258028114361,
            0.004831480247999207,
            0.05392629712704165,
            -0.012089718813897286
        ],
        [
            0.15288472110850287,
            0.14306753584393236,
            -0.025349065802552778,
            0.05919292819148555,
            -0.009948568603293358,
            0.22796757154520494,
            0.14929511863057474,
            0.008241475484464031,
            -0.030557473578406633,
            0.004396272325465099,
            0.09475950619900574,
            0.08387457426623482,
            -0.004016136759326376,
            -0.08411419285984768,
            -0.016595084745971427,
            0.031239823522301414,
            0.024117175937167598,
            0.00023835409246805456,
            -0.030857913993892584,
            0.006131088863119786
        ],
        [
            0.09401569743436144,
            0.05034165486624217,
            0.018603145590228208,
            -0.04521652911534184,
            0.006698937181925223,
            -0.053555527960369526,
            0.008241475484464031,
            0.019322135135303956,
            -0.00940561601509937,
            0.01099895028960298,
            0.023251843403786214,
            0.0023102064463519333,
            0.00103146950468956,
            0.032474024532212965,
            0.006469032727469535,
            0.0058608824783002045,
            0.003175074658538758,
            -0.0007216942689987203,
            -0.01708144649599403,
            0.0037845460012990713
        ],
        [
            -0.16240094755668744,
            -0.11499117055570722,
            0.010983849795699111,
            -0.012819159409204032,
            0.005187075024110468,
            -0.0648712283074851,
            -0.030557473578406633,
            -0.00940561601509937,
            0.21572568307264645,
            0.01920579449851074,
            0.27838143825785433,
            0.05371595521471325,
            -0.005840650733486369,
            -0.018486864213655984,
            0.037134330217238526,
            -0.03342557849655322,
            0.02862460503962737,
            -0.008041147886071172,
            -0.1950032433279791,
            0.03893331968530002
        ],
        [
            0.04193269422403316,
            0.020364163991720016,
            0.01232397894157852,
            -0.028349655564998726,
            0.004569207939693959,
            -0.03637557556597635,
            0.004396272325465099,
            0.01099895028960298,
            0.01920579449851074,
            0.009172928805850827,
            0.04924995960049951,
            0.00930291660057028,
            -0.00014200758760898202,
            0.01601786539429694,
            0.008139984346447885,
            -0.0002003700966573217,
            0.0055436323079025695,
            -0.0014034029268483177,
            -0.034477611381627034,
            0.007108050475587075
        ],
        [
            0.028254935352394726,
            0.019909767086811418,
            0.02274960082136874,
            -0.037380560862724864,
            0.009150019538341892,
            0.015235682637439072,
            0.09475950619900574,
            0.023251843403786214,
            0.27838143825785433,
            0.04924995960049951,
            0.5373632235327939,
            0.17626773772570958,
            -0.009340192625172782,
            -0.015274240318918204,
            0.04337502617023127,
            0.05389960476098845,
            0.11018281137780919,
            -0.011889100980003176,
            -0.32090399137365094,
            0.0655618964278357
        ],
        [
            0.021707194265820445,
            0.025955731515194296,
            -0.01433010206624844,
            0.03662161434181245,
