{
    "opt_E": -2.1308165437851048,
    "HF_E": -2.100605593799252,
    "B3LYP_E": -2.1020258018842415,
    "sto-3G_E": -2.0741565278031815,
    "proj": [
        [
            0.5378632084445152,
            0.365454952596663,
            0.018475486011729048,
            -0.17724467731585217,
            -0.0455894283507311,
            0.03418209189479815,
            0.1760608923849316,
            0.010022331573645052,
            -0.19189117818378257,
            -0.070677433792478,
            0.03939525566892359,
            0.03224702886924437,
            -7.552852410084704e-06,
            0.05062532611887692,
            0.005180882290183476,
            0.002885739686002054,
            -0.03210839687988711,
            -0.006564217196004956,
            -0.028364895995525715,
            -0.0046108997130750486
        ],
        [
            0.365454952596663,
            0.258429317724724,
            0.010081772206824985,
            -0.09207382661320652,
            -0.02304279963010859,
            0.0719996135958033,
            0.13561761310563136,
            0.005006807211373513,
            -0.11931563316053234,
            -0.04425543466269962,
            0.04711242122811481,
            0.022024019573997074,
            -0.000997727008093281,
            -0.017448753776654658,
            -0.001007556894191576,
            -0.04073859675236432,
            -0.0461771291611585,
            -0.008376362149513334,
            -0.0475305888197797,
            -0.0069122623154115135
        ],
        [
            0.018475486011729048,
            0.010081772206824985,
            0.0023520897798218767,
            -0.0246862012922643,
            -0.006947042507907728,
            -0.026473277350706374,
            -0.0009962895043151322,
            -0.001423603499525553,
            0.0024609943310833823,
            -0.0038662572959471233,
            0.00547970389838055,
            -0.0034247111176711263,
            -0.004847879978756681,
            0.01932917211451057,
            0.00029193807635853017,
            -0.001452828804251132,
            -0.0023759520648011707,
            -0.0019855472854622912,
            -0.008312727731126282,
            -0.0011332032293389896
        ],
        [
            -0.17724467731585217,
            -0.09207382661320652,
            -0.0246862012922643,
            0.2619921080795867,
            0.07377093034908112,
            0.29842151899897834,
            0.026259683776497598,
            0.01218075178218532,
            -0.015163085910209512,
            0.039468959277264105,
            -0.02609117181142735,
            0.04955847163281586,
            0.05074304072282735,
            -0.20741119733543065,
            -0.0030783132962648283,
            0.024133494695197977,
            0.03240006084949062,
            0.017580255511949656,
            0.07040479747553378,
            0.009366863932581194
        ],
        [
            -0.0455894283507311,
            -0.02304279963010859,
            -0.006947042507907728,
            0.07377093034908112,
            0.020832477587909536,
            0.08592632569832671,
            0.008888717168495186,
            0.003941187514920086,
            -0.008107825309838787,
            0.010591945891855106,
            -0.009486001676875614,
            0.014308588558958174,
            0.015002065403149346,
            -0.058690308554383466,
            -0.0007018200372478009,
            0.007905786087773939,
            0.009393550814547614,
            0.0053881974903068714,
            0.02212717044162586,
            0.002948575139427463
        ],
        [
            0.03418209189479815,
            0.0719996135958033,
            -0.026473277350706374,
            0.29842151899897834,
            0.08592632569832671,
            0.49603684206141735,
            0.16217643406481072,
            0.011432147843568453,
            -0.0629807524554076,
            0.02184001708379381,
            0.08532684960008755,
            0.12314098297940795,
            0.06793626161046545,
            -0.28846036627373595,
            -0.003336411254521771,
            0.049858442566101495,
            0.0472654169127333,
            0.009748227126940352,
            0.02277292023369459,
            0.0017806043315746652
        ],
        [
            0.1760608923849316,
            0.13561761310563136,
            -0.0009962895043151322,
            0.026259683776497598,
            0.008888717168495186,
            0.16217643406481072,
            0.11571624574330688,
            -0.002838163884443961,
            -0.028240278238877328,
            -0.015031725071336934,
            0.11121448268389213,
            0.06955138301078163,
            0.013430002455309025,
            -0.0566908311994524,
            0.0006953488377537464,
            0.037114419503045774,
            0.02377212895088309,
            -0.008250126939274209,
            -0.046558100279910364,
            -0.007420317343601632
        ],
        [
            0.010022331573645052,
            0.005006807211373513,
            -0.001423603499525553,
            0.01218075178218532,
            0.003941187514920086,
            0.011432147843568453,
            -0.002838163884443961,
            0.008643806700516789,
            -0.048730356748290994,
            -0.0012333133879468355,
            -0.05726711507542614,
            -0.008749928224680422,
            0.01000705095045947,
            -0.008516484670090127,
            0.0015395122665746608,
            0.0037440135293730806,
            -0.0026950308967055993,
            0.008957120489240552,
            0.04570097569375337,
            0.006443013414866388
        ],
        [
            -0.19189117818378257,
            -0.11931563316053234,
            0.0024609943310833823,
            -0.015163085910209512,
            -0.008107825309838787,
            -0.0629807524554076,
            -0.028240278238877328,
            -0.048730356748290994,
            0.3097700385143946,
            0.0253073285918938,
            0.2964306873759097,
            0.03767136215523662,
            -0.05342261798947296,
            0.024470432190797673,
            -0.010232061048966882,
            -0.027808401219877286,
            0.018378365682308218,
            -0.04645854680110443,
            -0.23964093472541514,
            -0.03358875966857128
        ],
        [
            -0.070677433792478,
            -0.04425543466269962,
            -0.0038662572959471233,
            0.039468959277264105,
            0.010591945891855106,
            0.02184001708379381,
            -0.015031725071336934,
            -0.0012333133879468355,
            0.0253073285918938,
            0.01095074830615827,
            0.0008038162480513005,
            -0.0007716256576999506,
            0.002019694899423664,
            -0.027597704746506208,
            -0.0018079757453775326,
            -0.008687629880343035,
            2.0587908558716978e-05,
            0.0004514980189552619,
            -0.0011056203815385207,
            -6.967538455885243e-05
        ],
        [
            0.03939525566892359,
            0.04711242122811481,
            0.00547970389838055,
            -0.02609117181142735,
            -0.009486001676875614,
            0.08532684960008755,
            0.11121448268389213,
            -0.05726711507542614,
            0.2964306873759097,
            0.0008038162480513005,
            0.4695633343691843,
            0.14242565541594887,
            -0.04103483869355289,
            0.026069939344262796,
            -0.003956738518230659,
            0.0841603292011412,
            0.09045169691033565,
            -0.05951163324241712,
            -0.3005375730650902,
            -0.04367457268527475
        ],
        [
            0.03224702886924437,
            0.022024019573997074,
            -0.0034247111176711263,
            0.04955847163281586,
