{
    "opt_E": -2.173898215906234,
    "HF_E": -2.1427605563717176,
    "B3LYP_E": -2.1448373434115675,
    "sto-3G_E": -2.1238531934771867,
    "proj": [
        [
            0.5754862718616407,
            0.37524245080604385,
            0.013996062086397492,
            -0.17770569531824956,
            -0.025013232074501842,
            -0.015317925643612354,
            0.1644627936483399,
            0.0024551666764862055,
            -0.1839928459165982,
            -0.035519028959431924,
            0.043380506249719446,
            0.023171201263459937,
            -0.006993828831227219,
            0.06431967771912414,
            0.003195116539825346,
            -2.2573040552634237e-05,
            -0.029281112952531257,
            -0.006649857576991905,
            -0.034153346565670574,
            0.002728044164590552
        ],
        [
            0.37524245080604385,
            0.2630591170748528,
            0.00582820495305837,
            -0.06705172618787975,
            -0.009034799801811447,
            0.07977616595024628,
            0.13918098865054054,
            0.004398957714428898,
            -0.12683631113683186,
            -0.020562294884483523,
            0.03309656996660715,
            0.02210999615166535,
            0.002712433977608979,
            -0.024855115394650976,
            0.0009971674050532472,
            -0.03653808460203194,
            -0.04061061641773325,
            -0.004804001186559554,
            -0.030906071414217973,
            0.0015867964303002686
        ],
        [
            0.013996062086397492,
            0.00582820495305837,
            0.0010703101200706282,
            -0.015353758740803055,
            -0.002263042193675449,
            -0.01970973489775479,
            -0.002409816000694459,
            -0.0012156730215579197,
            0.0005248194297453051,
            -0.0012440614419499466,
            0.004007916632230438,
            -0.0021841329701977673,
            -0.0031631310798859655,
            0.012112682141415254,
            0.0007507524823158084,
            -2.773515869486901e-05,
            -0.00039431323626693714,
            -0.0009451492561104942,
            -0.004637299497952707,
            0.0004378118554006391
        ],
        [
            -0.17770569531824956,
            -0.06705172618787975,
            -0.015353758740803055,
            0.22280443026487132,
            0.032882595275820506,
            0.3016406890962921,
            0.05013416944033681,
            0.017380555084177157,
            -0.01373574420404093,
            0.01672744763685077,
            -0.04435660443623423,
            0.04543453056741563,
            0.049086430028034964,
            -0.1706792279224161,
            -0.011541602856662808,
            0.022818007858727098,
            0.019768520322227874,
            0.013485711017752337,
            0.06825314177815354,
            -0.006446801756139641
        ],
        [
            -0.025013232074501842,
            -0.009034799801811447,
            -0.002263042193675449,
            0.032882595275820506,
            0.004859160419018832,
            0.04490603149436404,
            0.0077076237496719775,
            0.0027526512273179284,
            -0.003270853456628707,
            0.0023823947104141185,
            -0.007706109376224895,
            0.006492566842657311,
            0.007435436633544688,
            -0.025301013101029526,
            -0.0017581878363581212,
            0.0033563919355097697,
            0.002686453184373238,
            0.0021361412295560545,
            0.010856273500879457,
            -0.0010013656367328762
        ],
        [
            -0.015317925643612354,
            0.07977616595024628,
            -0.01970973489775479,
            0.3016406890962921,
            0.04490603149436404,
            0.5463441947400096,
            0.19688981649358114,
            0.019687725765602425,
            -0.05920544319954062,
            0.013243397681740203,
            0.046625153188255795,
            0.12506179203258086,
            0.07431812224354899,
            -0.2764462228477073,
            -0.015429007871146674,
            0.045092290999631975,
            0.03612614541641598,
            0.00870560090181635,
            0.039702265665432224,
            -0.006225117917505221
        ],
        [
            0.1644627936483399,
            0.13918098865054054,
            -0.002409816000694459,
            0.05013416944033681,
            0.0077076237496719775,
            0.19688981649358114,
            0.1328675484564306,
            -0.0016615209196712514,
            -0.03014630326136576,
            -0.004569646500105343,
            0.1063383896628774,
            0.07813608321535997,
            0.018139111036014708,
            -0.07420770237819953,
            -0.0022733638074905736,
            0.032783223556645966,
            0.02455374237883365,
            -0.0071556653179253365,
            -0.0391569298784895,
            0.0012408016223645869
        ],
        [
            0.0024551666764862055,
            0.004398957714428898,
            -0.0012156730215579197,
            0.017380555084177157,
            0.0027526512273179284,
            0.019687725765602425,
            -0.0016615209196712514,
            0.009256906532638437,
            -0.044461393200509035,
            -0.0008427524690835259,
            -0.06296776696699673,
            -0.011714888534006037,
            0.01083943043607228,
            -0.008580015832605063,
            -0.003253229942677282,
            0.005141015649407825,
            -0.005179739353210278,
            0.008299057380866986,
            0.04508196725743383,
            -0.0029011026118240797
        ],
        [
            -0.1839928459165982,
            -0.12683631113683186,
            0.0005248194297453051,
            -0.01373574420404093,
            -0.003270853456628707,
            -0.05920544319954062,
            -0.03014630326136576,
            -0.044461393200509035,
            0.2674490291117654,
            0.015633688644885294,
            0.2923465039293936,
            0.05111505621848609,
            -0.04801594457111547,
            -0.0025204538251924475,
            0.014461859169243828,
            -0.04046003544635359,
            0.024431532760619927,
            -0.03834707432945758,
            -0.2113435767493727,
            0.013171797256159483
        ],
        [
            -0.035519028959431924,
            -0.020562294884483523,
            -0.0012440614419499466,
            0.01672744763685077,
            0.0023823947104141185,
            0.013243397681740203,
            -0.004569646500105343,
            -0.0008427524690835259,
            0.015633688644885294,
            0.0026944209387677067,
            0.006113380171890151,
            0.0014998060871045736,
            0.00036912712495992654,
            -0.013391163054483339,
            3.5314624614615246e-06,
            -0.005715359735936049,
            -0.0005143648024927279,
            -0.0006726196206613865,
            -0.004673570838180107,
            0.00014833618822245495
        ],
        [
            0.043380506249719446,
            0.03309656996660715,
            0.004007916632230438,
            -0.04435660443623423,
            -0.007706109376224895,
            0.046625153188255795,
            0.1063383896628774,
            -0.06296776696699673,
            0.2923465039293936,
            0.006113380171890151,
            0.5124679946683585,
            0.16324518345498445,
            -0.0482482070338935,
            0.01126028546937767,
            0.017196972298570538,
            0.0558038725143357,
            0.09871748973662796,
            -0.05813732060813761,
            -0.3096412494775489,
            0.018908114856299976
        ],
        [
            0.023171201263459937,
            0.02210999615166535,
