{
    "opt_E": -2.192061347332764,
    "HF_E": -2.1608065445337603,
    "B3LYP_E": -2.162905924121655,
    "sto-3G_E": -2.146575816316007,
    "proj": [
        [
            0.5473041242839259,
            0.34501245986277473,
            0.003913843852065841,
            -0.17770798647471753,
            -0.014201424497820015,
            0.0332320161532208,
            0.1774466727954412,
            0.020278788254638424,
            -0.23628584637733652,
            -0.03439828731602723,
            0.04563489141136311,
            0.02805865026100842,
            0.006350181029870118,
            0.04544293296441284,
            0.004628987152356747,
            -0.0003482361772820127,
            -0.03445890128142624,
            -0.0021229295970946,
            -0.025862965394454044,
            -0.007540124018632322
        ],
        [
            0.34501245986277473,
            0.2307053467899973,
            0.0005052852957193426,
            -0.06492888694204915,
            -0.003973980856158553,
            0.09795822243329573,
            0.13512525111622303,
            0.00857494558126282,
            -0.1439913957106719,
            -0.018567762664272368,
            0.03305298495524878,
            0.023568423498334934,
            -0.004592390991519231,
            -0.025513208690316622,
            0.003827805312027934,
            -0.029987163417652698,
            -0.03927204386749306,
            -0.001831682627677649,
            -0.0200670175940256,
            -0.005130662768981188
        ],
        [
            0.003913843852065841,
            0.0005052852957193426,
            0.00042533295448766496,
            -0.010297064857172241,
            -0.0010531859953947166,
            -0.013826683697723836,
            -0.00238193908283849,
            0.0013982926685339842,
            0.00028473486319375733,
            -0.0010146631010974781,
            0.003881858677964772,
            -0.0014854247808774176,
            0.0013819149703619327,
            0.007849408457070798,
            -0.0012265329186475183,
            -0.001653078525881381,
            -0.0009023815645938996,
            -0.0004687295298383532,
            -0.003933378555009378,
            -0.0009911743525116978
        ],
        [
            -0.17770798647471753,
            -0.06492888694204915,
            -0.010297064857172241,
            0.26624661277979716,
            0.0266808527344276,
            0.32055869764473516,
            0.035988946889785704,
            -0.0315113495124512,
            0.05414748050461085,
            0.026965257116879852,
            -0.054155382153306085,
            0.041931984922874366,
            -0.03326810683750304,
            -0.19283042537142622,
            0.02363386910170956,
            0.02653931126255535,
            0.025787847915975912,
            0.00802332204395428,
            0.0688918623077132,
            0.01790636545291592
        ],
        [
            -0.014201424497820015,
            -0.003973980856158553,
            -0.0010531859953947166,
            0.0266808527344276,
            0.0027072775030563467,
            0.0343797243891156,
            0.0055847211788204445,
            -0.003054424129597479,
            0.004316631115948051,
            0.0025041441312124413,
            -0.0041287097954317694,
            0.0052745746544087604,
            -0.0034368219922238756,
            -0.019797659055159535,
            0.002524489080777576,
            0.0033541238007548106,
            0.002990622397915627,
            0.0007741535615920297,
            0.006587598882195363,
            0.001709017135767933
        ],
        [
            0.0332320161532208,
            0.09795822243329573,
            -0.013826683697723836,
            0.32055869764473516,
            0.0343797243891156,
            0.5405764041018035,
            0.17757743580599908,
            -0.030792191828994446,
            -0.007979293518252597,
            0.019173548097461062,
            0.02194917888393148,
            0.11133390299852235,
            -0.048975578638367503,
            -0.2808593948730508,
            0.034724236563833825,
            0.038392350682222694,
            0.032117460372405614,
            0.006213854113164062,
            0.05021348608636005,
            0.013426132733564515
        ],
        [
            0.1774466727954412,
            0.13512525111622303,
            -0.00238193908283849,
            0.035988946889785704,
            0.0055847211788204445,
            0.17757743580599908,
            0.12716009600067543,
            0.006693487279419858,
            -0.024866268290386132,
            -0.009921989281091982,
            0.12006197143428071,
            0.08025997224229418,
            -0.010793586735620829,
            -0.059044562514060484,
            0.006526101103748393,
            0.024610405143760537,
            0.02369194956669118,
            -0.004716409242783232,
            -0.042618372427442396,
            -0.01046018243027786
        ],
        [
            0.020278788254638424,
            0.00857494558126282,
            0.0013982926685339842,
            -0.0315113495124512,
            -0.003054424129597479,
            -0.030792191828994446,
            0.006693487279419858,
            0.00848598324804165,
            0.020484188581974684,
            -0.005561832690761466,
            0.05756945489682919,
            0.012565129439488865,
            0.004065268126357361,
            0.022204350415195178,
            -0.006370857285873577,
            -0.0062666775892523344,
            0.0033282401166491817,
            -0.004313689240019701,
            -0.03621575232560769,
            -0.00886880028634261
        ],
        [
            -0.23628584637733652,
            -0.1439913957106719,
            0.00028473486319375733,
            0.05414748050461085,
            0.004316631115948051,
            -0.007979293518252597,
            -0.024866268290386132,
            0.020484188581974684,
            0.2546936059226613,
            1.2284532812623677e-05,
            0.26810322383040003,
            0.06996590757855352,
            -0.0003641103836895244,
            -0.018156084443184572,
            -0.028129622970666908,
            -0.05436499538820567,
            0.026277043841111437,
            -0.019754341992053417,
            -0.16075241939561288,
            -0.037878154176312434
        ],
        [
            -0.03439828731602723,
            -0.018567762664272368,
            -0.0010146631010974781,
            0.026965257116879852,
            0.0025041441312124413,
            0.019173548097461062,
            -0.009921989281091982,
            -0.005561832690761466,
            1.2284532812623677e-05,
            0.004601792476763817,
            -0.031930847821950215,
            -0.008137902108594556,
            -0.0030080805745002913,
            -0.017652138630846016,
            0.0029400757636963257,
            -0.0007122604666091401,
            -0.002740091631226204,
            0.002241923016309324,
            0.01923115463813102,
            0.004817431836422066
        ],
        [
            0.04563489141136311,
            0.03305298495524878,
            0.003881858677964772,
            -0.054155382153306085,
            -0.0041287097954317694,
            0.02194917888393148,
            0.12006197143428071,
            0.05756945489682919,
            0.26810322383040003,
            -0.031930847821950215,
            0.564093204036418,
            0.19315657533555303,
            0.009045507593455909,
            0.04265797664637247,
            -0.03877849702312294,
            -0.004053822923952867,
            0.08510477681237737,
            -0.03657631354946072,
            -0.30628989845327537,
            -0.0742761779036458
        ],
        [
            0.02805865026100842,
            0.023568423498334934,
            -0.0014854247808774176,
