{
    "opt_E": -2.181661075553903,
    "HF_E": -2.1521434932075945,
    "B3LYP_E": -2.1534526651324466,
    "sto-3G_E": -2.1398402479226952,
    "proj": [
        [
            0.4988870246332341,
            0.3123296638762123,
            -0.00945936183478326,
            -0.16766149361313534,
            0.009113383959851134,
            0.107555844584299,
            0.18957687940430828,
            -0.006141327142866541,
            -0.26979202741836644,
            -0.0011787648476539493,
            0.034276415153920214,
            0.03470352326155701,
            -0.0014655742527702313,
            0.009528308077141442,
            0.005916703106886968,
            0.0018714063502801755,
            -0.03296278500737121,
            -0.0003368474880842129,
            -0.015246457982236818,
            -0.0013303594599435617
        ],
        [
            0.3123296638762123,
            0.20151716403409417,
            -0.004816801966435036,
            -0.07528917148602772,
            0.005181194965861335,
            0.10879763408373544,
            0.1310730750270571,
            -0.0025721856377338126,
            -0.15063318090562988,
            -0.0021806532227716374,
            0.041927269410090895,
            0.026550324742468,
            -0.006559074624801239,
            -0.026775421626347426,
            0.009587427702902098,
            -0.02703629190650152,
            -0.03398378550831585,
            -0.0018849768222925231,
            -0.026770882678656086,
            -0.0003131819635819596
        ],
        [
            -0.00945936183478326,
            -0.004816801966435036,
            0.0004707126426216457,
            0.01217423856311827,
            -0.0002784399144523411,
            0.00982116577900105,
            -0.000633404833711758,
            -0.0001344529497456896,
            0.007867315302070358,
            0.00043685909625843894,
            0.0009242108661759193,
            0.0017835087843078245,
            -0.0014932817450922498,
            -0.006210078728359136,
            0.0019600120977255643,
            -0.00018157012792801466,
            0.0012446477775792978,
            1.3374448456922599e-05,
            0.0005506859975929184,
            5.517442195139699e-05
        ],
        [
            -0.16766149361313534,
            -0.07528917148602772,
            0.01217423856311827,
            0.35533720236358274,
            -0.005804809349770502,
            0.34390917500282236,
            0.012174208332675612,
            -0.01922024666719261,
            0.13201087338205872,
            0.03192059707873328,
            -0.06625821787183267,
            0.042848222481713986,
            -0.05114215345302839,
            -0.18433004368862138,
            0.07271080002104752,
            0.027899169148635473,
            0.03654081678179043,
            0.006917874543297381,
            0.08722000336257826,
            0.0003720126961502914
        ],
        [
            0.009113383959851134,
            0.005181194965861335,
            -0.0002784399144523411,
            -0.005804809349770502,
            0.00021772651095519413,
            -0.0019859574991058344,
            0.0020463091334956833,
            -0.0003412939430632502,
            -0.006968960175281021,
            0.00026986337170252045,
            -0.002344821882963093,
            -0.0006083340227437675,
            0.00042533643279060875,
            0.002635773663673247,
            -0.00038601469404161374,
            0.001253571989218666,
            -0.0004230102654782325,
            0.00015780938622814646,
            0.0014816754322754663,
            -6.299058471513226e-05
        ],
        [
            0.107555844584299,
            0.10879763408373544,
            0.00982116577900105,
            0.34390917500282236,
            -0.0019859574991058344,
            0.5155216950133749,
            0.15281555682312728,
            -0.01992343498615943,
            0.02635103264615664,
            0.028174434077865258,
            0.009278910673680845,
            0.09971264634987649,
            -0.06466231769907727,
            -0.23365200871187541,
            0.0924312454412094,
            0.031214715436614908,
            0.03278587632716923,
            0.0047462383458431595,
            0.05765171076446699,
            0.0001358403533294557
        ],
        [
            0.18957687940430828,
            0.1310730750270571,
            -0.000633404833711758,
            0.012174208332675612,
            0.0020463091334956833,
            0.15281555682312728,
            0.1185791799705775,
            0.00647885414142995,
            -0.03956496935224029,
            -0.012103477745330863,
            0.12180154194236878,
            0.07467506068428303,
            -0.01053690369590691,
            -0.03985154905040586,
            0.014835122222555584,
            0.025625947963602874,
            0.024155073451713256,
            -0.004082049439161188,
            -0.05051046634982372,
            4.901276402334655e-05
        ],
        [
            -0.006141327142866541,
            -0.0025721856377338126,
            -0.0001344529497456896,
            -0.01922024666719261,
            -0.0003412939430632502,
            -0.01992343498615943,
            0.00647885414142995,
            0.009333824913891434,
            0.029614918868185573,
            -0.01289400645950081,
            0.06899310408925295,
            0.01695397595006937,
            0.004899974287680902,
            0.008094643973219599,
            -0.008866832484596252,
            -0.006295789276018349,
            0.005975903131524066,
            -0.003967033727718257,
            -0.04520662933518336,
            0.0004878518198638306
        ],
        [
            -0.26979202741836644,
            -0.15063318090562988,
            0.007867315302070358,
            0.13201087338205872,
            -0.006968960175281021,
            0.02635103264615664,
            -0.03956496935224029,
            0.029614918868185573,
            0.263243786137515,
            -0.03519013261526644,
            0.21884213853938,
            0.060255220295557264,
            -0.002721687220515233,
            -0.05919468373357668,
            -0.006007250164053817,
            -0.039062243403459034,
            0.03221970487475244,
            -0.012776975959169939,
            -0.13693436099268455,
            0.0027569292974688564
        ],
        [
            -0.0011787648476539493,
            -0.0021806532227716374,
            0.00043685909625843894,
            0.03192059707873328,
            0.00026986337170252045,
            0.028174434077865258,
            -0.012103477745330863,
            -0.01289400645950081,
            -0.03519013261526644,
            0.01801976266010426,
            -0.09624942227587548,
            -0.024193438979538462,
            -0.007162833063347105,
            -0.013412308016595861,
            0.012649367577226282,
            0.007145748254096764,
            -0.008518258925298365,
            0.005472465943421446,
            0.06269276712321116,
            -0.0006279293288561865
        ],
        [
            0.034276415153920214,
            0.041927269410090895,
            0.0009242108661759193,
            -0.06625821787183267,
            -0.002344821882963093,
            0.009278910673680845,
            0.12180154194236878,
            0.06899310408925295,
            0.21884213853938,
            -0.09624942227587548,
            0.5715920307400931,
            0.1897134846930816,
            0.021397713928251388,
            0.016593960650700096,
            -0.0426656565854256,
            0.010411062685858187,
            0.08918469213883659,
            -0.029319306192232965,
            -0.33649685846850796,
            0.0032970370554466747
        ],
        [
            0.03470352326155701,
            0.026550324742468,
