{
    "opt_E": -2.1619809584599383,
    "HF_E": -2.1308869142561453,
    "B3LYP_E": -2.132793831939392,
    "sto-3G_E": -2.1098471827229814,
    "proj": [
        [
            0.5484708605435293,
            0.3499045785470215,
            0.03753496459399773,
            -0.1749704350212836,
            0.019013684722893782,
            0.03592894196676953,
            0.17431436638351608,
            0.07070316034576572,
            -0.21574837912973727,
            0.051518464043085715,
            0.04153520979926638,
            0.03359953723006048,
            0.00815717566252958,
            0.04628597417724668,
            0.006943229647708879,
            -0.00201115118622277,
            -0.03507697473464042,
            -0.004335809077944022,
            -0.024237894684089933,
            0.00187611051080735
        ],
        [
            0.3499045785470215,
            0.2346501744421213,
            0.013957580497583107,
            -0.07167118845496662,
            0.006224097775346343,
            0.0898374619335235,
            0.13159891627582312,
            0.03837895125583514,
            -0.13497411875448304,
            0.026863039184083053,
            0.03613417068593935,
            0.025645306287696852,
            -0.0011247400223939042,
            -0.024592545853434723,
            -0.0037215454619397713,
            -0.0327600995687231,
            -0.0413206086038602,
            -0.003920641908647125,
            -0.024576120247002436,
            0.0010378977689361189
        ],
        [
            0.03753496459399773,
            0.013957580497583107,
            0.01530955358101539,
            -0.06092100765745176,
            0.009101081149795217,
            -0.0753604808745055,
            -0.009246978852387348,
            0.014113402839266745,
            0.0011654590617363183,
            0.014236520590279083,
            0.01421221710548234,
            -0.008708008488743795,
            0.0031703604833242826,
            0.04968252532327112,
            0.012806422991812677,
            -0.009210597884521455,
            -0.006815479388070564,
            -0.0046296682612816595,
            -0.02088454613666252,
            0.0004914834883602885
        ],
        [
            -0.1749704350212836,
            -0.07167118845496662,
            -0.06092100765745176,
            0.24574612505149296,
            -0.03589722957464619,
            0.2954497567273841,
            0.03286216215735004,
            -0.05674165857953032,
            0.025748525114920453,
            -0.05392156784863792,
            -0.02674055817606705,
            0.04078189165495428,
            -0.01437669206786828,
            -0.19651781641268623,
            -0.04836378438812845,
            0.0309840050312571,
            0.029465857030390546,
            0.014316531178567677,
            0.062158578198206776,
            -0.0016857339965317235
        ],
        [
            0.019013684722893782,
            0.006224097775346343,
            0.009101081149795217,
            -0.03589722957464619,
            0.005447767926976779,
            -0.045865313811169456,
            -0.006511056699770852,
            0.00820260717072674,
            0.0035528053595754124,
            0.008572997691642981,
            0.010245394527972825,
            -0.005442470355561876,
            0.0016380643024577009,
            0.029218492586076752,
            0.0078973761386953,
            -0.007433621393966985,
            -0.004832382376658243,
            -0.0031270219216256927,
            -0.014322198022977078,
            0.00030340979319835236
        ],
        [
            0.03592894196676953,
            0.0898374619335235,
            -0.0753604808745055,
            0.2954497567273841,
            -0.045865313811169456,
            0.5114030575855039,
            0.17145912659697668,
            -0.04571086080901014,
            -0.03509490210391275,
            -0.04639894865788915,
            0.06266696556835118,
            0.11225706493139688,
            -0.021811866846204387,
            -0.28894255079742537,
            -0.0698672365913435,
            0.04779554797711257,
            0.03798612067127181,
            0.011020045343005184,
            0.03659972596010397,
            -0.0007551594805003709
        ],
        [
            0.17431436638351608,
            0.13159891627582312,
            -0.009246978852387348,
            0.03286216215735004,
            -0.006511056699770852,
            0.17145912659697668,
            0.11950988563202102,
            0.013140757016034383,
            -0.026694692105770666,
            0.01302241513282858,
            0.11457686713563202,
            0.07532049989715525,
            -0.005606399516270345,
            -0.05967727987389925,
            -0.014140758590868167,
            0.03071679975279946,
            0.02362890574896388,
            -0.00679610838714753,
            -0.04146202029663706,
            0.0012791583170403515
        ],
        [
            0.07070316034576572,
            0.03837895125583514,
            0.014113402839266745,
            -0.05674165857953032,
            0.00820260717072674,
            -0.04571086080901014,
            0.013140757016034383,
            0.01716762953623551,
            -0.0023369224015147676,
            0.017439002973384698,
            0.0387176658762995,
            0.00693413647688664,
            0.0024508122776455464,
            0.041922532628613104,
            0.010665016841569766,
            -9.809281217317306e-05,
            0.00017224771505669202,
            -0.006131702181989652,
            -0.029674203345372064,
            0.0007804432673495462
        ],
        [
            -0.21574837912973727,
            -0.13497411875448304,
            0.0011654590617363183,
            0.025748525114920453,
            0.0035528053595754124,
            -0.03509490210391275,
            -0.026694692105770666,
            -0.0023369224015147676,
            0.2787571904694263,
            0.02828641832957295,
            0.28777031357133426,
            0.06159476149488072,
            -0.01661163701675447,
            0.010788625992778626,
            0.02443796902429465,
            -0.053520210072489596,
            0.0211441126768134,
            -0.03933929737141191,
            -0.20099256254497785,
            0.0026710560729745173
        ],
        [
            0.051518464043085715,
            0.026863039184083053,
            0.014236520590279083,
            -0.05392156784863792,
            0.008572997691642981,
            -0.04639894865788915,
            0.01302241513282858,
            0.017439002973384698,
            0.02828641832957295,
            0.02114655057875654,
            0.07402179175407668,
            0.01537854204188716,
            0.00042676069987810343,
            0.042010366848097495,
            0.013248444116859085,
            -0.006233611534471579,
            0.0025245747163857427,
            -0.010823530368368337,
            -0.05378916361852161,
            0.0011175008409988448
        ],
        [
            0.04153520979926638,
            0.03613417068593935,
            0.01421221710548234,
            -0.02674055817606705,
            0.010245394527972825,
            0.06266696556835118,
            0.11457686713563202,
            0.0387176658762995,
            0.28777031357133426,
            0.07402179175407668,
            0.5161098939478048,
            0.17609704475226134,
            -0.016485770290644842,
            0.04098620740133552,
            0.02965842066428603,
            0.022904681813015186,
            0.08420842372898137,
            -0.05929189887821384,
            -0.3063274662855995,
            0.005778676941362306
        ],
        [
            0.03359953723006048,
            0.025645306287696852,
            -0.008708008488743795,
            0.04078189165495428,
            -0.005442470355561876,
