{
    "opt_E": -2.1439771493010773,
    "HF_E": -2.115071162659256,
    "B3LYP_E": -2.1163670485559862,
    "sto-3G_E": -2.0973669426642907,
    "proj": [
        [
            0.5253959939103838,
            0.3473950030010432,
            -0.01998203490271791,
            -0.18037775546119889,
            -0.02421009710633885,
            0.05466890821281461,
            0.18353387164101456,
            -0.03732020946437213,
            -0.22088922400353728,
            -0.03727261399812768,
            0.04542297314999925,
            0.034284604124120356,
            0.0014635615026431488,
            0.03912553358676484,
            0.00388540005066822,
            0.0032427682336317923,
            -0.033282378248600544,
            -0.0025135579256379626,
            -0.031216135687350224,
            -0.004125520634794524
        ],
        [
            0.3473950030010432,
            0.2388544174613672,
            -0.009701803067837652,
            -0.09077437555211904,
            -0.011962900371178711,
            0.0816113600752759,
            0.13591780332214196,
            -0.022746178326311976,
            -0.13133562427393805,
            -0.022513149762309816,
            0.04921476971957494,
            0.02300115792958475,
            0.00042878780139220946,
            -0.024241407602194887,
            -0.0016353785647030882,
            -0.03778393623472396,
            -0.0438586757022388,
            -0.0027903155029314437,
            -0.04798707582739712,
            -0.005632736470587005
        ],
        [
            -0.01998203490271791,
            -0.009701803067837652,
            0.004989888449212252,
            0.03885621911673851,
            0.005623870580173541,
            0.04277740968354825,
            0.003622896072741058,
            0.0038827176845099556,
            -0.0005086070177268918,
            0.002192029077880704,
            -0.0072025301260060515,
            0.006645643882682224,
            0.001508881287764192,
            -0.026473395495144804,
            -0.000838856217995487,
            0.005686282497416327,
            0.005768324274757325,
            0.000680186974358736,
            0.014089136807057753,
            0.0015943192550810935
        ],
        [
            -0.18037775546119889,
            -0.09077437555211904,
            0.03885621911673851,
            0.30463176251604906,
            0.04393837060058052,
            0.32420506697659557,
            0.02024969025674407,
            0.03126173139163709,
            0.01829884326953415,
            0.019239124014710878,
            -0.04418357327197288,
            0.04901395846770354,
            0.010785862725637998,
            -0.21016157575560304,
            -0.007573494799887138,
            0.03270066532604622,
            0.040412705084642835,
            0.00465652039291413,
            0.094220869919603,
            0.010750267872507848
        ],
        [
            -0.02421009710633885,
            -0.011962900371178711,
            0.005623870580173541,
            0.04393837060058052,
            0.006348715977914877,
            0.047646481172054146,
            0.0035814903955295506,
            0.004442090056253285,
            0.0010545669911103605,
            0.0026238714683514885,
            -0.007130692752811079,
            0.007359918526059201,
            0.0016326660974903206,
            -0.0301205848301165,
            -0.0010190959847654149,
            0.005646101452595979,
            0.006227705079824129,
            0.0007172375500688009,
            0.014706543595912593,
            0.0016702856696755475
        ],
        [
            0.05466890821281461,
            0.0816113600752759,
            0.04277740968354825,
            0.32420506697659557,
            0.047646481172054146,
            0.5080583010983007,
            0.15716383657879154,
            0.019970902818884823,
            -0.04572714971974143,
            0.008037357148306582,
            0.05565777535360454,
            0.11660265690190581,
            0.014668159224553532,
            -0.2798568149383831,
            -0.010067020051671056,
            0.056564291865298065,
            0.05148113122977583,
            0.0019972642077178623,
            0.051052844997783606,
            0.005616823175004553
        ],
        [
            0.18353387164101456,
            0.13591780332214196,
            0.003622896072741058,
            0.02024969025674407,
            0.0035814903955295506,
            0.15716383657879154,
            0.1165441549536281,
            -0.009380547662242101,
            -0.030585166788647266,
            -0.007723809806083776,
            0.11256271337933776,
            0.06827657340315889,
            0.0031342347905980845,
            -0.053533789198961214,
            -0.0018493562262333178,
            0.03552422943414775,
            0.02270481288563329,
            -0.002966400232580572,
            -0.0505072361173337,
            -0.005939734052442541
        ],
        [
            -0.03732020946437213,
            -0.022746178326311976,
            0.0038827176845099556,
            0.03126173139163709,
            0.004442090056253285,
            0.019970902818884823,
            -0.009380547662242101,
            0.004371241874627264,
            0.004397605000957107,
            0.002838619180152448,
            -0.0172527682166807,
            -0.0026469562429592823,
            0.0007939824095604612,
            -0.019444261127781786,
            -0.0008329239219467587,
            -0.003217515772212396,
            -3.260926701577749e-05,
            0.0007910655733645531,
            0.014752480024699142,
            0.0017125568908590437
        ],
        [
            -0.22088922400353728,
            -0.13133562427393805,
            -0.0005086070177268918,
            0.01829884326953415,
            0.0010545669911103605,
            -0.04572714971974143,
            -0.030585166788647266,
            0.004397605000957107,
            0.30449899871978875,
            0.023990647844005775,
            0.2855405532288113,
            0.046226146502547284,
            -0.009479671827230255,
            -0.014605636663559227,
            -0.008602594056836848,
            -0.02767914851455256,
            0.024108689304630743,
            -0.010764833130102524,
            -0.23578301798619036,
            -0.026007592061051032
        ],
        [
            -0.03727261399812768,
            -0.022513149762309816,
            0.002192029077880704,
            0.019239124014710878,
            0.0026238714683514885,
            0.008037357148306582,
            -0.007723809806083776,
            0.002838619180152448,
            0.023990647844005775,
            0.0033321649348569174,
            0.00997124219052838,
            0.001594672955865245,
            -0.00021730849014316438,
            -0.012182517769313918,
            -0.0010871433147563077,
            -0.00394362334015207,
            0.0015827572785403377,
            -0.0002985939212034165,
            -0.008050633106929722,
            -0.000838114498401999
        ],
        [
            0.04542297314999925,
            0.04921476971957494,
            -0.0072025301260060515,
            -0.04418357327197288,
            -0.007130692752811079,
            0.05565777535360454,
            0.11256271337933776,
            -0.0172527682166807,
            0.2855405532288113,
            0.00997124219052838,
            0.4827923247157925,
            0.15062897193704758,
            -0.007166147227919998,
            0.02132941059439586,
            -0.004469151485106976,
            0.08634533095159351,
            0.09528012146986271,
            -0.01600396140043108,
            -0.32269842475092037,
            -0.036406388310974314
        ],
        [
            0.034284604124120356,
            0.02300115792958475,
            0.006645643882682224,
