{
    "opt_E": -2.2131722980565542,
    "HF_E": -2.1819940547077117,
    "B3LYP_E": -2.1842075901370475,
    "sto-3G_E": -2.172806286524721,
    "proj": [
        [
            0.597384448759722,
            0.37076773339024427,
            0.01495870176021195,
            -0.16173908082921595,
            -0.037340402082196286,
            -0.048093568053801355,
            0.1578199986002318,
            0.036048981525486426,
            -0.19606450971278702,
            -0.05241629166885701,
            0.034976948042474185,
            0.015530745178644929,
            0.008776188956070454,
            0.04950366458436609,
            0.005711615554536885,
            0.0006639902513947265,
            -0.023172223669878717,
            0.004289136239732061,
            -0.03113210343158494,
            -0.0034177869231343796
        ],
        [
            0.37076773339024427,
            0.2579893041627624,
            0.0031411978684371014,
            -0.043100255743362785,
            -0.009692443526369176,
            0.09515751333005164,
            0.14759368615708512,
            0.01403677398514447,
            -0.12718833709892055,
            -0.029830842956006732,
            0.015414215146615087,
            0.023400155454552075,
            -0.006378121448280519,
            -0.031414189609569,
            -0.003215217864053665,
            -0.028527236051905554,
            -0.03101927399288256,
            0.0018367090488455233,
            -0.017080800779391322,
            -0.001968760356111961
        ],
        [
            0.01495870176021195,
            0.0031411978684371014,
            0.002027544359437071,
            -0.01872587794979811,
            -0.004417273053600471,
            -0.03217825100065404,
            -0.0075343559577874175,
            0.0036844472878906184,
            0.00013045443072788953,
            -0.0015616147508871739,
            0.008166945765484598,
            -0.004656920057370261,
            0.004132484003782702,
            0.00972316886986078,
            0.0012323922368377054,
            -0.0037838929187550873,
            -0.0021508890753379247,
            0.000861268654819148,
            -0.009455534168917078,
            -0.000883375387509663
        ],
        [
            -0.16173908082921595,
            -0.043100255743362785,
            -0.01872587794979811,
            0.17569025257075765,
            0.041335833494180366,
            0.29463040347254793,
            0.06467354928663228,
            -0.03270994531756975,
            0.018258336887963966,
            0.017644058967023837,
            -0.055991694274515405,
            0.04134546855267273,
            -0.03558604693013234,
            -0.10468551101169078,
            -0.012594065445359152,
            0.014198140889772806,
            0.011396977726923222,
            -0.006491105156952025,
            0.06634416890365111,
            0.006216140872231592
        ],
        [
            -0.037340402082196286,
            -0.009692443526369176,
            -0.004417273053600471,
            0.041335833494180366,
            0.009730037671611827,
            0.06948174531599911,
            0.0152950348699252,
            -0.007812085683239567,
            0.003416540362768646,
            0.004027966504605126,
            -0.014406976263575007,
            0.009577318484513583,
            -0.008492786357776099,
            -0.024164711212611035,
            -0.002930267592581783,
            0.0038705721383883096,
            0.002788879862151312,
            -0.001606108691632736,
            0.016633583937707818,
            0.0015577287006241004
        ],
        [
            -0.048093568053801355,
            0.09515751333005164,
            -0.03217825100065404,
            0.29463040347254793,
            0.06948174531599911,
            0.6175139733947518,
            0.23468583332459522,
            -0.043650543032605287,
            -0.021908943472949843,
            0.015479066768854504,
            -0.02071610643292468,
            0.12266289180955472,
            -0.06811104062183371,
            -0.2152176580901322,
            -0.025070790581098287,
            0.032536700280675034,
            0.025650932935744743,
            -0.007336840350174807,
            0.0746483146392851,
            0.006740419216125775
        ],
        [
            0.1578199986002318,
            0.14759368615708512,
            -0.0075343559577874175,
            0.06467354928663228,
            0.0152950348699252,
            0.23468583332459522,
            0.15589632038368548,
            0.0029346493937823176,
            -0.02733387085006694,
            -0.005505897137557577,
            0.09162498331543813,
            0.08474460994986203,
            -0.02034343647687713,
            -0.07761881963575572,
            -0.008294550553424823,
            0.028680331809908737,
            0.025328954261868965,
            0.0029822954656398043,
            -0.03157998692028549,
            -0.0032092626492542906
        ],
        [
            0.036048981525486426,
            0.01403677398514447,
            0.0036844472878906184,
            -0.03270994531756975,
            -0.007812085683239567,
            -0.043650543032605287,
            0.0029346493937823176,
            0.011669051871736644,
            0.01850107047133263,
            -0.00120234225519205,
            0.06464784209359818,
            0.011587639404489244,
            0.008506070290087153,
            0.00933821353893178,
            0.0017087823300682135,
            0.0013181114046462192,
            0.007791168042985602,
            0.004067584253928719,
            -0.04539615325644894,
            -0.004263258830593356
        ],
        [
            -0.19606450971278702,
            -0.12718833709892055,
            0.00013045443072788953,
            0.018258336887963966,
            0.003416540362768646,
            -0.021908943472949843,
            -0.02733387085006694,
            0.01850107047133263,
            0.18301247583554175,
            0.028023923422015887,
            0.23889923113803602,
            0.05368849122747463,
            0.01747284757201186,
            -0.05325650469551329,
            -0.0031605191333390166,
            -0.02248901962784041,
            0.029580368591296438,
            0.013330151989436323,
            -0.16523239067062312,
            -0.015293274452367198
        ],
        [
            -0.05241629166885701,
            -0.029830842956006732,
            -0.0015616147508871739,
            0.017644058967023837,
            0.004027966504605126,
            0.015479066768854504,
            -0.005505897137557577,
            -0.00120234225519205,
            0.028023923422015887,
            0.005960474652987602,
            0.02067343906252645,
            0.006446354022376417,
            -0.00027232339889705416,
            -0.014642196731681895,
            -0.0013672511102761058,
            -0.004326936923484701,
            0.003006707565353378,
            0.0009380571040904956,
            -0.013618598506006614,
            -0.0012366906530206362
        ],
        [
            0.034976948042474185,
            0.015414215146615087,
            0.008166945765484598,
            -0.055991694274515405,
            -0.014406976263575007,
            -0.02071610643292468,
            0.09162498331543813,
            0.06464784209359818,
            0.23889923113803602,
            0.02067343906252645,
            0.5592787180611247,
            0.17890253215084648,
            0.03226097166964053,
            -0.041838118703052166,
            0.0002972140632832256,
            0.06450791186358096,
            0.11595119594210257,
            0.030087620365522615,
            -0.34172660877256045,
            -0.03203363283736873
        ],
        [
            0.015530745178644929,
            0.023400155454552075,
            -0.004656920057370261,
