{
    "opt_E": -2.1890370895529925,
    "HF_E": -2.1587504767793453,
    "B3LYP_E": -2.1605263637373167,
    "sto-3G_E": -2.1474199761565202,
    "proj": [
        [
            0.5599001284726149,
            0.34619816448476937,
            -0.008408722211471683,
            -0.17641656820538792,
            0.040758287092582175,
            0.018269569219141267,
            0.17401538118484644,
            -0.026857586056812773,
            -0.2246859240785945,
            0.07386835328775535,
            0.04230272299675492,
            0.027327180979181707,
            -0.00872449826464896,
            0.04418910496923864,
            0.0009196448955654988,
            -0.0014815471243451088,
            -0.030232905380282706,
            0.007664710073646842,
            -0.02964856629172832,
            0.002711772149213621
        ],
        [
            0.34619816448476937,
            0.2308722910389594,
            -0.0018632933996485291,
            -0.05819063257120208,
            0.01206955826171415,
            0.10005752816229851,
            0.13694381602571296,
            -0.010327768139666396,
            -0.13651350652600147,
            0.03777125252884772,
            0.029606686837451764,
            0.024947327491587037,
            0.0063058116191318505,
            -0.03252529216434604,
            -0.00220136509364178,
            -0.02946932916817629,
            -0.03512037129598223,
            0.005559929795913442,
            -0.022588690989108564,
            0.0017185220320431796
        ],
        [
            -0.008408722211471683,
            -0.0018632933996485291,
            0.001057128568065769,
            0.015659503513098656,
            -0.004078639848636576,
            0.021126718794997723,
            0.003398053461363563,
            0.00285046506816366,
            -0.0010628626243106506,
            -0.0033369688657191735,
            -0.007293145409520042,
            0.0021947116853939497,
            0.001221616328909773,
            -0.01036200192990193,
            -0.0010077372316685555,
            0.002647956315196773,
            0.0013841412696098457,
            -0.002267961649248195,
            0.007724749550751053,
            -0.00027092306716763035
        ],
        [
            -0.17641656820538792,
            -0.05819063257120208,
            0.015659503513098656,
            0.24391625437572664,
            -0.06248253649424559,
            0.3129347527231673,
            0.044266653469695785,
            0.038004591175627433,
            0.03812478430564918,
            -0.05330586044927387,
            -0.05201690885319688,
            0.044527143947299626,
            0.023359454527464175,
            -0.1644623232586201,
            -0.013812953378756734,
            0.028964171234477653,
            0.024995588705005435,
            -0.022423569960802234,
            0.07541976908979105,
            -0.0028999901187312907
        ],
        [
            0.040758287092582175,
            0.01206955826171415,
            -0.004078639848636576,
            -0.06248253649424559,
            0.016097228606022883,
            -0.08198480137002875,
            -0.01255696814030863,
            -0.010194082811003684,
            -0.005243536216077383,
            0.013447927474000507,
            0.01761249659710776,
            -0.01121376806555838,
            -0.005528536316729497,
            0.041538886834051186,
            0.003720407122503138,
            -0.00954121789615759,
            -0.0068772340920737,
            0.006796009465443278,
            -0.022977923846159667,
            0.0008433861347864463
        ],
        [
            0.018269569219141267,
            0.10005752816229851,
            0.021126718794997723,
            0.3129347527231673,
            -0.08198480137002875,
            0.5519556812820886,
            0.19015355905598913,
            0.04111566329196273,
            -0.020505280241898554,
            -0.04522873359317948,
            0.01546138136890684,
            0.11597174206392792,
            0.039316423311119696,
            -0.26080692135886746,
            -0.0219237849923767,
            0.04823089018693376,
            0.036136929081834676,
            -0.01959811480365011,
            0.061563388935548594,
            -0.001709006618424543
        ],
        [
            0.17401538118484644,
            0.13694381602571296,
            0.003398053461363563,
            0.044266653469695785,
            -0.01255696814030863,
            0.19015355905598913,
            0.13005902598601576,
            -0.003946092332765571,
            -0.029371130063606084,
            0.011792865579561905,
            0.10496685639984496,
            0.07671141663957476,
            0.012428058652228841,
            -0.068096624493411,
            -0.005840316393047912,
            0.030793853373639588,
            0.02422705761481757,
            0.00992457595913074,
            -0.03792430374032249,
            0.0019774525688649623
        ],
        [
            -0.026857586056812773,
            -0.010327768139666396,
            0.00285046506816366,
            0.038004591175627433,
            -0.010194082811003684,
            0.04111566329196273,
            -0.003946092332765571,
            0.011223937900140195,
            -0.0222138136484467,
            -0.010370069057802479,
            -0.06087766808247534,
            -0.009872338507667909,
            0.0006176620710736167,
            -0.021091129460361988,
            -0.0027688488753709515,
            0.003816956627455987,
            -0.00381225424532615,
            -0.012730284453093961,
            0.04423249586713325,
            -0.0015492329001533167
        ],
        [
            -0.2246859240785945,
            -0.13651350652600147,
            -0.0010628626243106506,
            0.03812478430564918,
            -0.005243536216077383,
            -0.020505280241898554,
            -0.029371130063606084,
            -0.0222138136484467,
            0.24439185679662132,
            -0.01373742314579934,
            0.26437919022251477,
            0.057946071336383645,
            0.020565544471772116,
            -0.03211085833395763,
            0.005777108868463089,
            -0.033751720974513344,
            0.02885963413890154,
            0.05184947532196936,
            -0.18074218560828523,
            0.005259411650187634
        ],
        [
            0.07386835328775535,
            0.03777125252884772,
            -0.0033369688657191735,
            -0.05330586044927387,
            0.013447927474000507,
            -0.04522873359317948,
            0.011792865579561905,
            -0.010370069057802479,
            -0.01373742314579934,
            0.015466084112562273,
            0.033386494180785736,
            0.004065109029968047,
            -0.004188080140693848,
            0.03127800767459992,
            0.002389845628117021,
            0.0023532372416646915,
            0.000916960254435605,
            0.007274885577615572,
            -0.025219237813592855,
            0.001077262593568459
        ],
        [
            0.04230272299675492,
            0.029606686837451764,
            -0.007293145409520042,
            -0.05201690885319688,
            0.01761249659710776,
            0.01546138136890684,
            0.10496685639984496,
            -0.06087766808247534,
            0.26437919022251477,
            0.033386494180785736,
            0.5403299629168562,
            0.1736838199275016,
            0.01902368740834847,
            0.00959911648136261,
            0.008013210562080073,
            0.0457400285084733,
            0.09923151393113727,
            0.09254120013349346,
            -0.3245765481770922,
            0.011264616024013817
        ],
        [
            0.027327180979181707,
            0.024947327491587037,
            0.0021947116853939497,
            0.044527143947299626,
