{
    "opt_E": -2.2137454845000017,
    "HF_E": -2.182493189409109,
    "B3LYP_E": -2.184611485601887,
    "sto-3G_E": -2.1718025148290803,
    "proj": [
        [
            0.5361369189708177,
            0.3168317095627569,
            0.02808786230990792,
            -0.1638553074067257,
            -0.037575085701503703,
            0.06859232990378862,
            0.17841395690831355,
            0.046816552268759554,
            -0.2669308292516047,
            -0.08098873069323448,
            0.021338270559450354,
            0.032234659518461585,
            0.005323710694785433,
            0.01573812836613594,
            -0.005121402676109523,
            -0.0023164245315746576,
            -0.02862783747861766,
            -0.0038100978584857804,
            -0.008994490293053395,
            -0.0024379577922609705
        ],
        [
            0.3168317095627569,
            0.20104181603064972,
            0.00783468766149503,
            -0.045494119393704076,
            -0.007899302814991562,
            0.12455078728445472,
            0.1325764724719585,
            0.02259353082789075,
            -0.13996051766095535,
            -0.036868909572161296,
            0.019518550130478707,
            0.028920293248357598,
            0.004664585036195969,
            -0.03209878376795903,
            0.009573276914888885,
            -0.019448740061503513,
            -0.026527552761154736,
            -0.001956933648591188,
            -0.007232177161589172,
            -0.0009121149980211626
        ],
        [
            0.02808786230990792,
            0.00783468766149503,
            0.00773173708471147,
            -0.04494379844878097,
            -0.01253256828321573,
            -0.05450709252224179,
            -0.007274919869294651,
            0.005521543213291426,
            -0.020185950703069794,
            -0.01434725069792792,
            0.01183949621200175,
            -0.003138544111265535,
            -0.0036616240275014005,
            0.02432590730133192,
            -0.00999512397313046,
            -0.003231350908928298,
            -0.001612426846832138,
            -0.0033934839672127527,
            -0.009850942250136777,
            -0.00045080190880998367
        ],
        [
            -0.1638553074067257,
            -0.045494119393704076,
            -0.04494379844878097,
            0.26179125656806823,
            0.07262185018929217,
            0.3187069763499715,
            0.04584440055868636,
            -0.03259241476157745,
            0.12360837210009738,
            0.08107250550534584,
            -0.05166908379766236,
            0.026865271768798243,
            0.020559034426963167,
            -0.14031581286391676,
            0.05746617878611539,
            0.022947819673624564,
            0.015618656390952836,
            0.01782041435583845,
            0.05054376780737836,
            0.002600601778251202
        ],
        [
            -0.037575085701503703,
            -0.007899302814991562,
            -0.01253256828321573,
            0.07262185018929217,
            0.0206276250139578,
            0.0921083343280385,
            0.0137921837135576,
            -0.008168826533969794,
            0.025642458851455458,
            0.024005977463522114,
            -0.028611876579900348,
            0.0033762720733643606,
            0.007445927172675116,
            -0.03876291638121115,
            0.017151779427057565,
            0.010377852087648392,
            0.0034945291438515822,
            0.007106937584491484,
            0.02165597295480304,
            0.0007004796509497547
        ],
        [
            0.06859232990378862,
            0.12455078728445472,
            -0.05450709252224179,
            0.3187069763499715,
            0.0921083343280385,
            0.5578393006043053,
            0.19350952589450127,
            -0.024694325854569,
            0.051390529668851104,
            0.0727166328501305,
            -0.019998435978563156,
            0.08194045739202802,
            0.031822157151581355,
            -0.21886921573087575,
            0.08677065603843519,
            0.026787649618216995,
            0.01216648242208431,
            0.01936842710125554,
            0.051143878596333014,
            0.002668792402797443
        ],
        [
            0.17841395690831355,
            0.1325764724719585,
            -0.007274919869294651,
            0.04584440055868636,
            0.0137921837135576,
            0.19350952589450127,
            0.1313438569382805,
            0.003886639803233844,
            -0.02675361989299577,
            -0.017799634617806818,
            0.10601406738312293,
            0.08297290325073278,
            0.005029454397368212,
            -0.056071482293052526,
            0.0195478493902169,
            0.02070284798334085,
            0.025614964169695997,
            -0.008003985629951783,
            -0.031974887957513784,
            -4.295678208151934e-05
        ],
        [
            0.046816552268759554,
            0.02259353082789075,
            0.005521543213291426,
            -0.03259241476157745,
            -0.008168826533969794,
            -0.024694325854569,
            0.003886639803233844,
            0.006124111625299044,
            -0.03293669279697441,
            -0.00957793588862976,
            -0.010288380215860395,
            -0.005659211015975991,
            0.0002987202213285781,
            0.015205341989415352,
            -0.004525208023492953,
            0.003462614312798809,
            -0.002853602439770703,
            0.0006222487378735463,
            0.003615792977861984,
            -0.0003850027283267353
        ],
        [
            -0.2669308292516047,
            -0.13996051766095535,
            -0.020185950703069794,
            0.12360837210009738,
            0.025642458851455458,
            0.051390529668851104,
            -0.02675361989299577,
            -0.03293669279697441,
            0.22135193340910742,
            0.019459188627619892,
            0.19900331265272828,
            0.07191305363747884,
            -0.018795955448185842,
            -0.05313817455846084,
            0.0036434849422182472,
            -0.040916515655376656,
            0.031226045190455135,
            -0.02553783243711237,
            -0.09529884687531459,
            0.0016315475821039507
        ],
        [
            -0.08098873069323448,
            -0.036868909572161296,
            -0.01434725069792792,
            0.08107250550534584,
            0.024005977463522114,
            0.0727166328501305,
            -0.017799634617806818,
            -0.00957793588862976,
            0.019459188627619892,
            0.04024955741521768,
            -0.10432624229567027,
            -0.031239971868074104,
            0.01220884399536136,
            -0.03500258677413255,
            0.019641832534592996,
            0.013812437374035084,
            -0.007481963210415441,
            0.016821549550085253,
            0.05595332980529004,
            0.0008849998529273319
        ],
        [
            0.021338270559450354,
            0.019518550130478707,
            0.01183949621200175,
            -0.05166908379766236,
            -0.028611876579900348,
            -0.019998435978563156,
            0.10601406738312293,
            -0.010288380215860395,
            0.19900331265272828,
            -0.10432624229567027,
            0.6196738646942043,
            0.24334515057073322,
            -0.052061242896356816,
            0.009609834074006621,
            -0.03938878382835765,
            -0.04668109356395262,
            0.09684282436323478,
            -0.08388180702410183,
            -0.29464718044717786,
            -0.0006877745784089242
        ],
        [
            0.032234659518461585,
            0.028920293248357598,
            -0.003138544111265535,
            0.026865271768798243,
