{
    "opt_E": -2.1707365061389865,
    "HF_E": -2.1393407400310758,
    "B3LYP_E": -2.1414454250860406,
    "sto-3G_E": -2.1195227828857566,
    "proj": [
        [
            0.5586124274647047,
            0.36399637703245924,
            0.013772338007283346,
            -0.17296954304588946,
            -0.031611652327656524,
            0.014229500286490242,
            0.1727380125019264,
            0.03026783119987166,
            -0.2010854436422206,
            -0.06780188947111446,
            0.03651643341771576,
            0.0291498904005205,
            -0.0021931019382952217,
            0.055629406451401936,
            -0.008475355928177927,
            -0.0008619712301316555,
            -0.033043465312240394,
            0.0029479530818825772,
            -0.022754195433305726,
            0.0008918519812070074
        ],
        [
            0.36399637703245924,
            0.2502792427614164,
            0.004945829355067525,
            -0.07277497792553514,
            -0.011737017705799255,
            0.0807540394309642,
            0.13624412595700464,
            0.017470305287118317,
            -0.1284845611050938,
            -0.03746406509119341,
            0.03681721724597676,
            0.024506951302763775,
            -0.0014209164461931366,
            -0.02130775324951137,
            0.0029839232904320585,
            -0.03649816281550028,
            -0.0430094145821669,
            0.0034539168549061494,
            -0.0277469061064344,
            0.0015001640791723486
        ],
        [
            0.013772338007283346,
            0.004945829355067525,
            0.0022187897384412505,
            -0.02252342321369764,
            -0.005013729151808248,
            -0.03061629682636262,
            -0.004929151030461125,
            0.002028107145291952,
            0.0013249821769031954,
            -0.0056236892742907735,
            0.0034629306022071543,
            -0.004764634761134031,
            0.0017936358311328444,
            0.01861414671870044,
            -0.003609619522748455,
            -0.003800567534334392,
            -0.00278104810358218,
            0.0008646883070631157,
            -0.006882245295325106,
            0.0006474370094300531
        ],
        [
            -0.17296954304588946,
            -0.07277497792553514,
            -0.02252342321369764,
            0.2311063532536176,
            0.05088774411472104,
            0.29745527367715396,
            0.036591380863543445,
            -0.02172232973104918,
            0.004293399242429284,
            0.05903520988132664,
            -0.03249465242715665,
            0.04333649216233958,
            -0.016564760019254887,
            -0.1883329304474628,
            0.03587307400679337,
            0.02936153692948572,
            0.024958443595029838,
            -0.008007542242790646,
            0.06357470096145407,
            -0.005937932456527241
        ],
        [
            -0.031611652327656524,
            -0.011737017705799255,
            -0.005013729151808248,
            0.05088774411472104,
            0.011376493906450116,
            0.06802760276323301,
            0.009811829403519238,
            -0.004782167565676983,
            -0.0056789008345115,
            0.013259845605127607,
            -0.012704014912129651,
            0.009143745985774894,
            -0.004257119866126814,
            -0.04183404367826836,
            0.008168823597950244,
            0.008719691559157833,
            0.005722870140342903,
            -0.002353079259709068,
            0.018526018448428612,
            -0.0016944715613307476
        ],
        [
            0.014229500286490242,
            0.0807540394309642,
            -0.03061629682636262,
            0.29745527367715396,
            0.06802760276323301,
            0.5298978000233172,
            0.17812375608954734,
            -0.01676375891882023,
            -0.04937965981332152,
            0.0530526662796998,
            0.056249832581796014,
            0.11981304010469175,
            -0.02545921887636546,
            -0.2903193139459578,
            0.055568726906874574,
            0.04982527908867387,
            0.03716836873633,
            -0.004554390776601312,
            0.040278767330590846,
            -0.005282831628302601
        ],
        [
            0.1727380125019264,
            0.13624412595700464,
            -0.004929151030461125,
            0.036591380863543445,
            0.009811829403519238,
            0.17812375608954734,
            0.12541864868011746,
            0.0075371668019944054,
            -0.02433241210740932,
            -0.01425382724862931,
            0.11645941558825425,
            0.0777073723275799,
            -0.005490788415847893,
            -0.06441333175954118,
            0.012916591653732254,
            0.029023442661393905,
            0.02273130500299971,
            0.006189694355696625,
            -0.04356233016600474,
            0.0024401905804509755
        ],
        [
            0.03026783119987166,
            0.017470305287118317,
            0.002028107145291952,
            -0.02172232973104918,
            -0.004782167565676983,
            -0.01676375891882023,
            0.0075371668019944054,
            0.0032505080744501605,
            0.0043995932282341775,
            -0.008443412825106023,
            0.022995267119720487,
            0.005225463146694598,
            0.0016962853353129246,
            0.016082485220155228,
            -0.003014436351139452,
            0.0010319017133482743,
            0.0018996764728926624,
            0.0021241472663087535,
            -0.015930117532773205,
            0.0012706115052936277
        ],
        [
            -0.2010854436422206,
            -0.1284845611050938,
            0.0013249821769031954,
            0.004293399242429284,
            -0.0056789008345115,
            -0.04937965981332152,
            -0.02433241210740932,
            0.0043995932282341775,
            0.2759904676838423,
            -0.020574214114989928,
            0.29518837641866846,
            0.058284171722092215,
            0.022757828059311352,
            0.012409102783785793,
            -0.008974726659732472,
            -0.054543279205723924,
            0.019970528427124216,
            0.02762385783231771,
            -0.20887791905163633,
            0.01726425063512955
        ],
        [
            -0.06780188947111446,
            -0.03746406509119341,
            -0.0056236892742907735,
            0.05903520988132664,
            0.013259845605127607,
            0.0530526662796998,
            -0.01425382724862931,
            -0.008443412825106023,
            -0.020574214114989928,
            0.022414971867675007,
            -0.06459258406519652,
            -0.011839263779102731,
            -0.005495983094119417,
            -0.0448229790481472,
            0.008724064802315554,
            0.0018042189655555943,
            -0.003494452221987635,
            -0.0062339615304728,
            0.047013452108593555,
            -0.0038155729306981936
        ],
        [
            0.03651643341771576,
            0.03681721724597676,
            0.0034629306022071543,
            -0.03249465242715665,
            -0.012704014912129651,
            0.056249832581796014,
            0.11645941558825425,
            0.022995267119720487,
            0.29518837641866846,
            -0.06459258406519652,
            0.5177376156056779,
            0.17270631983415974,
            0.021731905275089284,
            0.03248610102662129,
            -0.009508251616182167,
            0.027997020117640735,
            0.08777314810398004,
            0.04160817025971069,
            -0.3081552904051499,
            0.024057194504574827
        ],
        [
            0.0291498904005205,
            0.024506951302763775,
            -0.004764634761134031,
            0.04333649216233958,
