{
    "opt_E": -2.1533986194470027,
    "HF_E": -2.1213382563068266,
    "B3LYP_E": -2.123849104175276,
    "sto-3G_E": -2.094599367588128,
    "proj": [
        [
            0.5536475833523148,
            0.37145575169854417,
            0.016959135496109414,
            -0.16347421014387972,
            -0.053360558974180586,
            0.02084790988541437,
            0.17184069788549583,
            0.03218001540806863,
            -0.18006890629339364,
            -0.09456180507638157,
            0.03127135690034754,
            0.03117763859953425,
            0.00041832636147578903,
            0.05813798407154533,
            0.0017139542076053,
            0.003225737545663034,
            -0.036087495904514155,
            0.00040279539854617795,
            -0.0163598374173569,
            -0.002005549746151323
        ],
        [
            0.37145575169854417,
            0.2595138886800541,
            0.0075615314083646665,
            -0.07944962173736586,
            -0.02413074748395443,
            0.07137833843733214,
            0.13414181026993002,
            0.01976076664168357,
            -0.11618829434652586,
            -0.05835528583557767,
            0.03934654963120881,
            0.024588324732721364,
            -0.00035082660552126544,
            -0.012011795805635527,
            0.00020229876365122391,
            -0.03790816750349968,
            -0.04859166608657328,
            0.0007959543022771336,
            -0.02724392727715696,
            -0.003560191407823603
        ],
        [
            0.016959135496109414,
            0.0075615314083646665,
            0.00323602172087982,
            -0.025800629718030467,
            -0.009901851259244084,
            -0.03521135519792458,
            -0.004481535640147894,
            0.0023987071921396045,
            0.004870835911008113,
            -0.006105404604687506,
            0.0037322277268326486,
            -0.004895725752457998,
            0.0011635811727243983,
            0.02553519876257838,
            -0.0017809686320556372,
            -0.004182091344546573,
            -0.003288228622194338,
            0.00012869721935906343,
            -0.008183089793156196,
            -0.0007820100569687761
        ],
        [
            -0.16347421014387972,
            -0.07944962173736586,
            -0.025800629718030467,
            0.20785612390709285,
            0.07905905855039509,
            0.27193631736390006,
            0.027363842542276823,
            -0.020043505700670435,
            -0.017037937997140002,
            0.05223952417537755,
            -0.016501783456832706,
            0.03941525610714639,
            -0.00874333586367015,
            -0.2001536012743796,
            0.012964370873708924,
            0.027606857795084976,
            0.026566216793293723,
            -0.0007401802499838819,
            0.05437163192796364,
            0.004915875129916985
        ],
        [
            -0.053360558974180586,
            -0.02413074748395443,
            -0.009901851259244084,
            0.07905905855039509,
            0.030304367162262,
            0.10728966048692043,
            0.01328203220316924,
            -0.007387251072557372,
            -0.01376161048035662,
            0.01886673273136934,
            -0.010717250044366128,
            0.01500192662781377,
            -0.0035323585339524523,
            -0.07796081932407352,
            0.005384266339768211,
            0.012486042184615624,
            0.010073348526671036,
            -0.0003786141820227048,
            0.02446244564800213,
            0.0023228340879515234
        ],
        [
            0.02084790988541437,
            0.07137833843733214,
            -0.03521135519792458,
            0.27193631736390006,
            0.10728966048692043,
            0.506523361089849,
            0.16714214130813038,
            -0.014774963959377498,
            -0.06255427580641224,
            0.03595600928394245,
            0.09103486156427948,
            0.12010362494971004,
            -0.013911553113031952,
            -0.31153039664921484,
            0.020873782442277423,
            0.044238194374994,
            0.037328799661619845,
            0.0007492278589340682,
            0.024961664800443567,
            -0.000490593164783628
        ],
        [
            0.17184069788549583,
            0.13414181026993002,
            -0.004481535640147894,
            0.027363842542276823,
            0.01328203220316924,
            0.16714214130813038,
            0.12069102057974675,
            0.007745533206340213,
            -0.014138267043811202,
            -0.021224976994439055,
            0.1265536225600879,
            0.07854874782521223,
            -0.0031246869630370258,
            -0.058444506263797824,
            0.005204213672674182,
            0.026305952698964095,
            0.02139833098561074,
            0.0018356751317773477,
            -0.04653345556319102,
            -0.007234305409466582
        ],
        [
            0.03218001540806863,
            0.01976076664168357,
            0.0023987071921396045,
            -0.020043505700670435,
            -0.007387251072557372,
            -0.014774963959377498,
            0.007745533206340213,
            0.0028730445266739843,
            0.001354828693425706,
            -0.007540887681068047,
            0.014175272881530017,
            0.0038181324738169537,
            0.0006385288921361524,
            0.017858651212127638,
            -0.0007897308351400846,
            0.0022412934265694665,
            0.0011752120228235852,
            0.00024452599256339047,
            -0.009817390762859977,
            -0.0011675942253237758
        ],
        [
            -0.18006890629339364,
            -0.11618829434652586,
            0.004870835911008113,
            -0.017037937997140002,
            -0.01376161048035662,
            -0.06255427580641224,
            -0.014138267043811202,
            0.001354828693425706,
            0.30171237117242555,
            0.012034423217370218,
            0.31306045667416244,
            0.06462183175677313,
            0.007761387326402126,
            0.06246987694982237,
            -0.017414337501582052,
            -0.07012844823903208,
            0.013117723189374151,
            0.006070137402060902,
            -0.21833245192653342,
            -0.02738068209055143
        ],
        [
            -0.09456180507638157,
            -0.05835528583557767,
            -0.006105404604687506,
            0.05223952417537755,
            0.01886673273136934,
            0.03595600928394245,
            -0.021224976994439055,
            -0.007540887681068047,
            0.012034423217370218,
            0.020599918136946137,
            -0.02130741828375929,
            -0.00673308829568727,
            -0.0012917206041977867,
            -0.044082129904517764,
            0.0011954763785974164,
            -0.009511152527080166,
            -0.0023920531487215822,
            -0.0003333068606323358,
            0.01470678311775267,
            0.0016751627596061365
        ],
        [
            0.03127135690034754,
            0.03934654963120881,
            0.0037322277268326486,
            -0.016501783456832706,
            -0.010717250044366128,
            0.09103486156427948,
            0.1265536225600879,
            0.014175272881530017,
            0.31306045667416244,
            -0.02130741828375929,
            0.5019701060852785,
            0.17706006100525626,
            0.005046306040719558,
            0.05208914843660323,
            -0.010859477423982042,
            0.010667196706305887,
            0.07682587056478311,
            0.008648310508244921,
            -0.2870228817656278,
            -0.037737823240414824
        ],
        [
            0.03117763859953425,
            0.024588324732721364,
            -0.004895725752457998,
