{
    "opt_E": -2.1400746191236686,
    "HF_E": -2.110447390382895,
    "B3LYP_E": -2.111824196756961,
    "sto-3G_E": -2.0898539422823874,
    "proj": [
        [
            0.5305278434856051,
            0.35544672430377816,
            -0.0236907213534766,
            -0.18228555269441366,
            -0.011241487613418503,
            0.046733853231647283,
            0.1797697142966509,
            -0.023701708267957,
            -0.2133659380128278,
            -0.0249342292698302,
            0.046024102279794935,
            0.033663332388389464,
            0.0014737690328041223,
            0.0456252815897,
            0.0002975305183747862,
            0.003009646410224449,
            -0.03449677188989604,
            0.0038703509107207486,
            -0.032256609412536934,
            -0.00322504870931148
        ],
        [
            0.35544672430377816,
            0.2473912568888229,
            -0.012319887768810428,
            -0.09350088633297748,
            -0.005499908884160102,
            0.07731305834553784,
            0.13520309025847305,
            -0.013784894110280065,
            -0.12981700972258398,
            -0.015639783608242388,
            0.049683347493037294,
            0.0225283204437773,
            0.0001185639663600721,
            -0.01959434150797655,
            -0.00014963982932855185,
            -0.03919699629675147,
            -0.04604744883462377,
            0.0041886222957403345,
            -0.04828346428736378,
            -0.003491919199829397
        ],
        [
            -0.0236907213534766,
            -0.012319887768810428,
            0.004661108954920092,
            0.03718997594442138,
            0.0027895389533878954,
            0.03899455154993315,
            0.0022213179024026925,
            -0.00019090357583977094,
            0.0004425806547947408,
            0.0032548918419651562,
            -0.0063789471023281905,
            0.005239896278628215,
            -0.005526656015058257,
            -0.02721420253077731,
            0.0023972971922933415,
            0.0025642368913493707,
            0.004080641091369733,
            -0.0013699915561994006,
            0.011322891141979746,
            0.000882257452325489
        ],
        [
            -0.18228555269441366,
            -0.09350088633297748,
            0.03718997594442138,
            0.29726664126315805,
            0.022322479225869694,
            0.318243421675402,
            0.023898903934659727,
            -0.0008387104346681104,
            0.007030625044885004,
            0.025309935708463373,
            -0.038073200085742796,
            0.0489268474924098,
            -0.04430472918598761,
            -0.21546439923590294,
            0.019335348141713237,
            0.029555322522169514,
            0.03909562752509841,
            -0.010423750716420266,
            0.08571091920440826,
            0.006672475261392016
        ],
        [
            -0.011241487613418503,
            -0.005499908884160102,
            0.0027895389533878954,
            0.022322479225869694,
            0.0016998432383098707,
            0.024997831532525897,
            0.002635015670460204,
            -0.0003776891887451264,
            -0.0018336334636366222,
            0.0019081405602988447,
            -0.004127071191270225,
            0.004065740483852483,
            -0.003664637101148442,
            -0.01584182620054344,
            0.0016300878284117594,
            0.003698028757767379,
            0.0035954139952833106,
            -0.000928143230269462,
            0.00817551457789627,
            0.0006019096814978874
        ],
        [
            0.046733853231647283,
            0.07731305834553784,
            0.03899455154993315,
            0.318243421675402,
            0.024997831532525897,
            0.5004225725027701,
            0.1593933671129952,
            -0.0051332252299762,
            -0.04997897726767825,
            0.01738710298245875,
            0.06926427997944236,
            0.11807797230057496,
            -0.05606167524155174,
            -0.284410498217807,
            0.024873460321059332,
            0.05274231383021912,
            0.05049616030112149,
            -0.006529540470227327,
            0.03748754570541319,
            0.003296588850740336
        ],
        [
            0.1797697142966509,
            0.13520309025847305,
            0.0022213179024026925,
            0.023898903934659727,
            0.002635015670460204,
            0.1593933671129952,
            0.11568874951284988,
            -0.0010189885709501038,
            -0.029905782511304855,
            -0.0069673638881198935,
            0.11274759810220121,
            0.06899389833757638,
            -0.009657812691477074,
            -0.05422589098978073,
            0.004721212168569857,
            0.035694949903948565,
            0.022960743931946314,
            0.004203482982820382,
            -0.04914626288305337,
            -0.0034754878775086822
        ],
        [
            -0.023701708267957,
            -0.013784894110280065,
            -0.00019090357583977094,
            -0.0008387104346681104,
            -0.0003776891887451264,
            -0.0051332252299762,
            -0.0010189885709501038,
            0.006253458329822242,
            0.04360694727371468,
            -0.0015892030932458565,
            0.0455052930632279,
            0.008074573283843844,
            0.005060932470643336,
            0.00010552338759898409,
            -0.00243760501412308,
            -0.0039493340381744155,
            0.0032303395704819876,
            0.003307814066720457,
            -0.03633665590273594,
            -0.002317967492131445
        ],
        [
            -0.2133659380128278,
            -0.12981700972258398,
            0.0004425806547947408,
            0.007030625044885004,
            -0.0018336334636366222,
            -0.04997897726767825,
            -0.029905782511304855,
            0.04360694727371468,
            0.309638789746962,
            -0.008059699993419062,
            0.29026894122185404,
            0.04472002975813733,
            0.03449795524897074,
            -0.0005903137740644473,
            -0.016744928289772604,
            -0.03267247290676194,
            0.020284072703737523,
            0.021463128884000718,
            -0.23681846516576727,
            -0.014966261352813006
        ],
        [
            -0.0249342292698302,
            -0.015639783608242388,
            0.0032548918419651562,
            0.025309935708463373,
            0.0019081405602988447,
            0.01738710298245875,
            -0.0069673638881198935,
            -0.0015892030932458565,
            -0.008059699993419062,
            0.0032827243041717385,
            -0.024560914543340768,
            -0.0039042304457631016,
            -0.004432224933226743,
            -0.01636255276426678,
            0.0019195457003958855,
            -0.0013224008177981927,
            -0.0005103410438905551,
            -0.0020956527114078375,
            0.020357185473787544,
            0.001449655139876432
        ],
        [
            0.046024102279794935,
            0.049683347493037294,
            -0.0063789471023281905,
            -0.038073200085742796,
            -0.004127071191270225,
            0.06926427997944236,
            0.11274759810220121,
            0.0455052930632279,
            0.29026894122185404,
            -0.024560914543340768,
            0.4788595145767315,
            0.14990345558038135,
            0.03197531480347761,
            0.025478535583632556,
            -0.013947563740481315,
            0.08022680071945248,
            0.09107316685217778,
            0.029747757856264108,
            -0.3140384490409971,
            -0.021134093158672065
        ],
        [
            0.033663332388389464,
            0.0225283204437773,
            0.005239896278628215,
