{
    "opt_E": -2.2207138032503444,
    "HF_E": -2.1881711592149453,
    "B3LYP_E": -2.1908908571706225,
    "sto-3G_E": -2.1759125038697564,
    "proj": [
        [
            0.5890841241334173,
            0.3674523025751224,
            -0.02280106255345949,
            -0.16121436071386447,
            -0.00016746377440620484,
            -0.03128473791178653,
            0.16178262245304084,
            -0.05319108548411151,
            -0.21441278379495984,
            0.01117981005689315,
            0.024628784705385987,
            0.02240881563493438,
            -0.013927494783594353,
            0.04676652212575524,
            0.008666424084702978,
            -0.0011137175884185781,
            -0.025382684052013577,
            -0.0011414333215041855,
            -0.015472218821068917,
            0.001493023718908613
        ],
        [
            0.3674523025751224,
            0.25240556151884014,
            -0.0048455015279102575,
            -0.04635653948130872,
            -0.0009112584644662132,
            0.09481525443448766,
            0.14441675093539827,
            -0.0228128912906995,
            -0.13248948216215511,
            0.002289543126904791,
            0.01495155837519945,
            0.02579599895182208,
            0.007562295688454619,
            -0.025683432479164128,
            -0.005706472731618524,
            -0.027054315385391086,
            -0.03341137828386546,
            -0.00023429515801359072,
            -0.009506718562477534,
            0.0004855187806912513
        ],
        [
            -0.02280106255345949,
            -0.0048455015279102575,
            0.005493633760280372,
            0.03155508250177929,
            -0.0004955779077905452,
            0.052794570145666006,
            0.011153539680303958,
            0.00891298983752657,
            0.0020611644817738035,
            -0.004121368991418581,
            -0.01521198754296421,
            0.004206294184287303,
            0.008301757129848856,
            -0.018580470568024973,
            -0.006622024920964747,
            0.006300632043450997,
            0.001587049438467419,
            -0.0003242896505552705,
            0.012720244423759101,
            -0.0007387877035077477
        ],
        [
            -0.16121436071386447,
            -0.04635653948130872,
            0.03155508250177929,
            0.1855468873364698,
            -0.002534105257162007,
            0.3011249532686101,
            0.06078813676705383,
            0.047936143010507734,
            0.03885448520875685,
            -0.020135202346555667,
            -0.050923809160570516,
            0.03233347990890708,
            0.04641665499100006,
            -0.11539249568006966,
            -0.035655005622405846,
            0.02044975912688826,
            0.007988100250637413,
            -0.0007833075191179624,
            0.05020499903437462,
            -0.0032604305541824603
        ],
        [
            -0.00016746377440620484,
            -0.0009112584644662132,
            -0.0004955779077905452,
            -0.002534105257162007,
            6.772040055209028e-05,
            -0.004948330456891877,
            -0.0013001544661041943,
            -0.001018872635064081,
            0.0017458353108929874,
            0.000615773512734318,
            0.0038523166950371296,
            3.929260551526053e-05,
            -0.0008344011575277323,
            0.0009074133883602184,
            0.0007756409824484689,
            -0.002082568919272894,
            -0.00048649292362634754,
            0.00011046051584123009,
            -0.0028250053344516207,
            0.00013689298407166427
        ],
        [
            -0.03128473791178653,
            0.09481525443448766,
            0.052794570145666006,
            0.3011249532686101,
            -0.004948330456891877,
            0.6154908417935518,
            0.22463249396411275,
            0.062174732837067245,
            -0.0012511909342770246,
            -0.02904890112203103,
            -0.021751967441767696,
            0.1055605585617335,
            0.08709901057324167,
            -0.22218613065879966,
            -0.06635079171561221,
            0.03677409417660384,
            0.014161288410147781,
            -0.0006878420922840669,
            0.05908763547715106,
            -0.004257913715038411
        ],
        [
            0.16178262245304084,
            0.14441675093539827,
            0.011153539680303958,
            0.06078813676705383,
            -0.0013001544661041943,
            0.22463249396411275,
            0.15211995134452835,
            -0.007710862861715079,
            -0.022033694617753775,
            0.0029965601380737214,
            0.10541719453617572,
            0.08916580147855746,
            0.0243880981373003,
            -0.07113710906349768,
            -0.017279835480229284,
            0.01998222994266978,
            0.022568063433251958,
            0.0014457404932978779,
            -0.03442276007729739,
            0.001371371910875582
        ],
        [
            -0.05319108548411151,
            -0.0228128912906995,
            0.00891298983752657,
            0.047936143010507734,
            -0.001018872635064081,
            0.062174732837067245,
            -0.007710862861715079,
            0.023598592696204165,
            -0.017202398400713474,
            -0.012766088606400045,
            -0.09254653370882074,
            -0.02379343086116606,
            0.013321289615960956,
            -0.0203921249368487,
            -0.011946181448593976,
            0.009557707330479363,
            -0.01001007425890605,
            -0.0018503494269227329,
            0.05347994214033333,
            -0.002738890048180018
        ],
        [
            -0.21441278379495984,
            -0.13248948216215511,
            0.0020611644817738035,
            0.03885448520875685,
            0.0017458353108929874,
            -0.0012511909342770246,
            -0.022033694617753775,
            -0.017202398400713474,
            0.17558437231059812,
            0.021022286221453867,
            0.2293961877334048,
            0.06739360947939554,
            -0.006423773576858039,
            -0.03899161927868931,
            0.012021984282341183,
            -0.04704921638131213,
            0.02631426323531909,
            0.006005757002548685,
            -0.12900019012981256,
            0.0056994676157261955
        ],
        [
            0.01117981005689315,
            0.002289543126904791,
            -0.004121368991418581,
            -0.020135202346555667,
            0.000615773512734318,
            -0.02904890112203103,
            0.0029965601380737214,
            -0.012766088606400045,
            0.021022286221453867,
            0.007752719108010586,
            0.062250255111820606,
            0.016872477714976384,
            -0.0068017545641986,
            0.006540984090335335,
            0.006593020206056047,
            -0.008281523328362581,
            0.006701050090491209,
            0.0013494778040956902,
            -0.035653654688139656,
            0.0017557313112213343
        ],
        [
            0.024628784705385987,
            0.01495155837519945,
            -0.01521198754296421,
            -0.050923809160570516,
            0.0038523166950371296,
            -0.021751967441767696,
            0.10541719453617572,
            -0.09254653370882074,
            0.2293961877334048,
            0.062250255111820606,
            0.6003105894214201,
            0.22108963136467533,
            -0.02882927930163511,
            -0.0158411392032012,
            0.0343734915372959,
            -0.019071120435617886,
            0.10406815039096388,
            0.012355290603651594,
            -0.3112967529389227,
            0.014941250153684377
        ],
        [
            0.02240881563493438,
            0.02579599895182208,
