{
    "opt_E": -2.1369868975526565,
    "HF_E": -2.1071104286260796,
    "B3LYP_E": -2.1083765576461233,
    "sto-3G_E": -2.082827987917445,
    "proj": [
        [
            0.5170278699708636,
            0.346175909568914,
            -0.02642756906086693,
            -0.17809742723489866,
            -0.0060790358533605125,
            0.06646860313673104,
            0.1834211568802637,
            -0.06060358706792001,
            -0.22228718707422576,
            -0.009899189931332507,
            0.04156706856558789,
            0.03674589291489187,
            0.0021511403228018557,
            0.03277934230444441,
            0.007405569201365844,
            0.0037693683037551304,
            -0.03691537912132515,
            -0.004376276042799795,
            -0.023152259533427887,
            -0.005502645298856631
        ],
        [
            0.346175909568914,
            0.23897851505352027,
            -0.013508259383663998,
            -0.09724092394468266,
            -0.003051454803635004,
            0.07986381650943572,
            0.134000894781333,
            -0.03933484054213657,
            -0.13219253821373778,
            -0.006365996081724568,
            0.05015160204551145,
            0.02387731352526004,
            0.0003992750456006566,
            -0.0176257609530118,
            -0.0015803176738259257,
            -0.03705831485862361,
            -0.04714173914573108,
            -0.005857067660647163,
            -0.04317142622130125,
            -0.009642481071932506
        ],
        [
            -0.02642756906086693,
            -0.013508259383663998,
            0.011034279816086612,
            0.05767732777661114,
            0.002046663695182886,
            0.06316930515413266,
            0.005192545714280954,
            0.011017796877662089,
            -0.00023956434516578335,
            -0.0005991276907112591,
            -0.007152872008254803,
            0.009914190536040991,
            0.008843701311637104,
            -0.04407833971080168,
            -1.1879645063384904e-05,
            0.005951752642576108,
            0.008374106835850518,
            0.002279177803503197,
            0.016209222166852524,
            0.00419424133064494
        ],
        [
            -0.17809742723489866,
            -0.09724092394468266,
            0.05767732777661114,
            0.30527298140290676,
            0.010885730416571305,
            0.31335258370889313,
            0.012124448720842694,
            0.059646188610781144,
            0.0254331508864389,
            -0.00189550337795491,
            -0.02949725461982279,
            0.04809527103086162,
            0.043231698731331425,
            -0.2262888456047268,
            -0.0018066361561485493,
            0.025515322856020272,
            0.04356936397220362,
            0.01078401971955177,
            0.07487311379311115,
            0.01957156841470566
        ],
        [
            -0.0060790358533605125,
            -0.003051454803635004,
            0.002046663695182886,
            0.010885730416571305,
            0.00041016713062607313,
            0.011942177970041067,
            0.0012481418848022273,
            0.0017939034415584143,
            0.0028713461374320123,
            -3.154188636806116e-06,
            0.0021123192911547254,
            0.0025119411999696925,
            0.001325068956418806,
            -0.008350449155898365,
            -0.00029051124509331177,
            0.0005676508826822518,
            0.0015990685353385232,
            9.548061017314395e-05,
            0.00038824954439443455,
            0.00016622663266890772
        ],
        [
            0.06646860313673104,
            0.07986381650943572,
            0.06316930515413266,
            0.31335258370889313,
            0.011942177970041067,
            0.4893274074122243,
            0.1476893387349367,
            0.03646545298637376,
            -0.040657971512748504,
            -0.006599898273470825,
            0.0754213353191136,
            0.11533527072128213,
            0.055493988127021165,
            -0.2904993693120007,
            -0.0026028599269285655,
            0.043950964097297464,
            0.05022193714266316,
            0.004505190219875015,
            0.02989555545867673,
            0.009677744393752536
        ],
        [
            0.1834211568802637,
            0.134000894781333,
            0.005192545714280954,
            0.012124448720842694,
            0.0012481418848022273,
            0.1476893387349367,
            0.11279622303873955,
            -0.02050226291262693,
            -0.027686420803193695,
            -0.002880091998715799,
            0.11818269733020556,
            0.06903679835277084,
            0.009378207607247994,
            -0.044458324123512805,
            -0.0004012398507095774,
            0.034975668421415244,
            0.02268499020780344,
            -0.007152989404848181,
            -0.05070499717508708,
            -0.01152751021349471
        ],
        [
            -0.06060358706792001,
            -0.03933484054213657,
            0.011017796877662089,
            0.059646188610781144,
            0.0017939034415584143,
            0.03646545298637376,
            -0.02050226291262693,
            0.018202615899906797,
            -0.012680001222380933,
            -0.0007217070771448514,
            -0.05602626834015991,
            -0.010518898833123975,
            0.00922482148585686,
            -0.04121362645462594,
            0.0010970990531321907,
            -0.004560973788980821,
            -0.0006185704785562413,
            0.0059256449815653185,
            0.04308722030296199,
            0.010504392579833642
        ],
        [
            -0.22228718707422576,
            -0.13219253821373778,
            -0.00023956434516578335,
            0.0254331508864389,
            0.0028713461374320123,
            -0.040657971512748504,
            -0.027686420803193695,
            -0.012680001222380933,
            0.30870168263711834,
            0.012271405010154593,
            0.2899885982224323,
            0.046453012956103316,
            -0.032299213843580483,
            0.01318470713805422,
            -0.02480993429553747,
            -0.03496759325865872,
            0.018815169593665443,
            -0.027896938696582115,
            -0.22344697389014856,
            -0.052582857987718154
        ],
        [
            -0.009899189931332507,
            -0.006365996081724568,
            -0.0005991276907112591,
            -0.00189550337795491,
            -3.154188636806116e-06,
            -0.006599898273470825,
            -0.002880091998715799,
            -0.0007217070771448514,
            0.012271405010154593,
            0.0005404403493098847,
            0.009881192468264272,
            0.000457899615667844,
            -0.001767419124773243,
            0.0033447727609305683,
            -0.0009132508231912392,
            -0.0018079932453241541,
            0.00021796997411885056,
            -0.001071687299793619,
            -0.008550000787800955,
            -0.002038225560838722
        ],
        [
            0.04156706856558789,
            0.05015160204551145,
            -0.007152872008254803,
            -0.02949725461982279,
            0.0021123192911547254,
            0.0754213353191136,
            0.11818269733020556,
            -0.05602626834015991,
            0.2899885982224323,
            0.009881192468264272,
            0.48601650215433445,
            0.1512653630567442,
            -0.028444115516853857,
            0.040230102619771474,
            -0.019647281311179845,
            0.06578215703004535,
            0.08224792827774484,
            -0.040481808553165806,
            -0.30651342654153535,
            -0.07262384168827152
        ],
        [
            0.03674589291489187,
            0.02387731352526004,
            0.009914190536040991,
