{
    "opt_E": -2.2143378900891455,
    "HF_E": -2.1837396678272625,
    "B3LYP_E": -2.185975902291767,
    "sto-3G_E": -2.176190821995108,
    "proj": [
        [
            0.5419805971657405,
            0.33818957243551484,
            0.018304956946889262,
            -0.17342353974680474,
            0.02093473872369131,
            0.03584712009196385,
            0.18101417502541925,
            0.02039154701907696,
            -0.2505301922559988,
            0.03256882570230446,
            0.04047227135923752,
            0.02551704259286977,
            -0.0006996189264133593,
            0.032989036835444456,
            -0.0018482219362478843,
            0.0031129735863048803,
            -0.028091100972078,
            -0.002382884635910373,
            -0.02318203999011916,
            0.00035135024133850783
        ],
        [
            0.33818957243551484,
            0.224879423145754,
            0.007012150307786555,
            -0.05914659185882126,
            0.007063547473279526,
            0.10399600105825191,
            0.13882455978902428,
            0.012126818385356591,
            -0.14558150746751197,
            0.01807341226119763,
            0.03014320290605257,
            0.023364653120417064,
            0.005743956875684383,
            -0.029358686619870678,
            0.002081027833183967,
            -0.026892327985724863,
            -0.03409910942662395,
            -0.001388658434484995,
            -0.01849818724020774,
            0.0003928483259156332
        ],
        [
            0.018304956946889262,
            0.007012150307786555,
            0.0023717201514651706,
            -0.025433799489839395,
            0.0031078519158890326,
            -0.029915579847137354,
            -0.0023191186968914237,
            0.00018888890649720706,
            -0.007904462924919265,
            0.0016312578175459158,
            0.008054338986352782,
            -0.002567846061452834,
            -0.0032276292815832785,
            0.014764539419511677,
            -0.0013659202423602307,
            -0.001877653486405197,
            -0.0011287106474143847,
            -0.0004980712108935012,
            -0.007281514320561569,
            9.894811846508934e-05
        ],
        [
            -0.17342353974680474,
            -0.05914659185882126,
            -0.025433799489839395,
            0.27445261876733457,
            -0.033537400427041446,
            0.33807210102382146,
            0.03912760837518539,
            -0.00173769836902481,
            0.07817771717575597,
            -0.01665604038783517,
            -0.076441968497363,
            0.0375186281624984,
            0.03591251579772713,
            -0.15964907966132574,
            0.014994865802329352,
            0.03115396349012669,
            0.019357719679063756,
            0.00521958017916708,
            0.07706985121068519,
            -0.0010410718038208542
        ],
        [
            0.02093473872369131,
            0.007063547473279526,
            0.0031078519158890326,
            -0.033537400427041446,
            0.004099022212506069,
            -0.04137468134450009,
            -0.0047578024422945345,
            0.00015393659411188206,
            -0.009164695652260076,
            0.002002975848869579,
            0.009967579579779395,
            -0.004344917364445888,
            -0.0044234315982023585,
            0.019547051284215796,
            -0.0018438669095761089,
            -0.00373827153703853,
            -0.002187492910150008,
            -0.0006548674758691708,
            -0.009727697060170097,
            0.00013258195786160597
        ],
        [
            0.03584712009196385,
            0.10399600105825191,
            -0.029915579847137354,
            0.33807210102382146,
            -0.04137468134450009,
            0.5717906446573122,
            0.18557483612756726,
            0.0027860552740839243,
            0.016723592357494006,
            -0.010437742417303119,
            -0.018174532539179406,
            0.10312894232141787,
            0.053434713269317,
            -0.24548664746856103,
            0.022091794782375974,
            0.04016838329326346,
            0.022775775962650555,
            0.004596829938497991,
            0.06546185773831523,
            -0.0006613709183723833
        ],
        [
            0.18101417502541925,
            0.13882455978902428,
            -0.0023191186968914237,
            0.03912760837518539,
            -0.0047578024422945345,
            0.18557483612756726,
            0.13485901022466182,
            -0.0012966733507535277,
            -0.025353846366018548,
            0.003857807893316463,
            0.11978945607744822,
            0.08273996776099422,
            0.010412262750354853,
            -0.06172146108544404,
            0.004338130833112648,
            0.018499078099947105,
            0.02255033423260842,
            -0.0025358021628318693,
            -0.04457690294855058,
            0.0009099891343943937
        ],
        [
            0.02039154701907696,
            0.012126818385356591,
            0.00018888890649720706,
            -0.00173769836902481,
            0.00015393659411188206,
            0.0027860552740839243,
            -0.0012966733507535277,
            0.004251125588829394,
            -0.029241546218027478,
            0.0025172932894852017,
            -0.043872511101405894,
            -0.014238495144751206,
            0.002599398123201126,
            0.0023527132119527294,
            0.0006835924334941489,
            0.004900929455576427,
            -0.006576775137596396,
            0.0012765641967189556,
            0.02422543219689162,
            -0.00043094482767690824
        ],
        [
            -0.2505301922559988,
            -0.14558150746751197,
            -0.007904462924919265,
            0.07817771717575597,
            -0.009164695652260076,
            0.016723592357494006,
            -0.025353846366018548,
            -0.029241546218027478,
            0.23250557384778664,
            -0.0234571299513123,
            0.2375161027975574,
            0.07501321637060555,
            -0.011430852485352168,
            -0.049517278220284844,
            -0.0016844783561556027,
            -0.04938737247981495,
            0.03132392552102224,
            -0.006553778557315643,
            -0.1334382570808525,
            0.002446424915359504
        ],
        [
            0.03256882570230446,
            0.01807341226119763,
            0.0016312578175459158,
            -0.01665604038783517,
            0.002002975848869579,
            -0.010437742417303119,
            0.003857807893316463,
            0.0025172932894852017,
            -0.0234571299513123,
            0.0027488092918089417,
            -0.014170262180094127,
            -0.005836279644157134,
            -0.00021315430117934626,
            0.009108985391991061,
            -0.0003520235477117555,
            0.00344382815458171,
            -0.0028486260796562403,
            0.00028581610022513157,
            0.007162313986426022,
            -0.00014397805406313405
        ],
        [
            0.04047227135923752,
            0.03014320290605257,
            0.008054338986352782,
            -0.076441968497363,
            0.009967579579779395,
            -0.018174532539179406,
            0.11978945607744822,
            -0.043872511101405894,
            0.2375161027975574,
            -0.014170262180094127,
            0.5979348935182808,
            0.21358015282646653,
            -0.03326145571420104,
            0.007384589821041268,
            -0.010310419586217754,
            -0.01817088190148515,
            0.09788051846493061,
            -0.01763898633205916,
            -0.31858812322649416,
            0.005592279035626879
        ],
        [
            0.02551704259286977,
            0.023364653120417064,
