{
    "opt_E": -2.1673009219718042,
    "HF_E": -2.136206914850167,
    "B3LYP_E": -2.138088003476038,
    "sto-3G_E": -2.1154575397004143,
    "proj": [
        [
            0.5531725966998715,
            0.3559980218408453,
            0.0009168389053491955,
            -0.17939308959322325,
            -0.03385476955352704,
            0.023813594236460834,
            0.1722932239828807,
            -0.0003989111383130733,
            -0.21037917996874514,
            -0.07054263525588181,
            0.0439849653827196,
            0.029737838571710053,
            0.007375062695861569,
            0.05115694155047789,
            -0.004550172823385753,
            -0.0015140728030437743,
            -0.034380869552182045,
            -0.014043708942072243,
            -0.02681237276514434,
            -0.0031212812865101976
        ],
        [
            0.3559980218408453,
            0.24228063269371197,
            0.0005073373470302254,
            -0.0710625594285568,
            -0.011688739136745448,
            0.08947309869458911,
            0.1338572122135105,
            -0.0018078175998684069,
            -0.13592062638035796,
            -0.03776477871878228,
            0.034414414248833465,
            0.024147785710603643,
            -0.000835699556569784,
            -0.02444913160308794,
            0.0033678293687467785,
            -0.032889178603332625,
            -0.04064522896713185,
            -0.010470306928682754,
            -0.024659417479045997,
            -0.001896754863461583
        ],
        [
            0.0009168389053491955,
            0.0005073373470302254,
            2.3923781800824313e-05,
            -0.0007899933574531198,
            -0.0001926298180698375,
            -0.00020691066752318092,
            0.0007386810109905548,
            2.075955694668779e-05,
            0.0016099164610939084,
            -0.0005330214905907813,
            0.003387356062278062,
            0.0011628184604313657,
            -0.00022063781648128515,
            0.0009078551904271652,
            -0.00018557992291653725,
            0.0007154849542944911,
            0.0008076804220184623,
            -0.0008136961259738981,
            -0.001768835788532921,
            -0.00010195939276402445
        ],
        [
            -0.17939308959322325,
            -0.0710625594285568,
            -0.0007899933574531198,
            0.24902437812146463,
            0.05516145829836592,
            0.3023079107590725,
            0.03785734398358347,
            -0.005894288632537415,
            0.02057842683989683,
            0.05981661363396358,
            -0.03506543880543343,
            0.04365909078951845,
            0.011289477650780746,
            -0.1996982195780386,
            0.03545666319457707,
            0.021262132544088475,
            0.027105308358147152,
            0.03155647529644623,
            0.05724143603689639,
            0.004205854651208198
        ],
        [
            -0.03385476955352704,
            -0.011688739136745448,
            -0.0001926298180698375,
            0.05516145829836592,
            0.012331656944791942,
            0.06966622249655637,
            0.010409569935094915,
            -0.0013682184480831939,
            -0.0005040875966606209,
            0.013234241935183388,
            -0.011281574159735266,
            0.009663979295431979,
            0.003358479778574437,
            -0.0451115750096354,
            0.008316467946152753,
            0.006018121547568399,
            0.006040763333806591,
            0.008215280326980837,
            0.015411463398883093,
            0.0010498955811934281
        ],
        [
            0.023813594236460834,
            0.08947309869458911,
            -0.00020691066752318092,
            0.3023079107590725,
            0.06966622249655637,
            0.519707165258419,
            0.17795928743191858,
            -0.009717008932113391,
            -0.03499661890136852,
            0.04836004173507306,
            0.056167626279600036,
            0.11667992435105173,
            0.013725070981414919,
            -0.292653688831569,
            0.052006334398136234,
            0.037607890228094916,
            0.038041770381898994,
            0.021520003565575402,
            0.028792553718951185,
            0.0025189507831586038
        ],
        [
            0.1722932239828807,
            0.1338572122135105,
            0.0007386810109905548,
            0.03785734398358347,
            0.010409569935094915,
            0.17795928743191858,
            0.12256641499163436,
            -0.0028968237757920254,
            -0.02819507465076991,
            -0.014400603753271362,
            0.11101085698467603,
            0.07616972881405067,
            0.0021323135341053765,
            -0.06317157034389394,
            0.012234188139747967,
            0.03337897689303623,
            0.025845876473433168,
            -0.015120505383552536,
            -0.03784820042263502,
            -0.0023386680971321677
        ],
        [
            -0.0003989111383130733,
            -0.0018078175998684069,
            2.075955694668779e-05,
            -0.005894288632537415,
            -0.0013682184480831939,
            -0.009717008932113391,
            -0.0028968237757920254,
            0.0002010546991426736,
            0.0017243017663021991,
            -0.0011772761577665087,
            0.0011890675715897315,
            -0.0008303964289059936,
            -1.203503511284516e-05,
            0.006708015984357262,
            -0.0010109501269371332,
            0.00170919152631749,
            0.0011106877388608093,
            -0.0006667404908182966,
            -0.0010340203783745258,
            -9.495677592500275e-05
        ],
        [
            -0.21037917996874514,
            -0.13592062638035796,
            0.0016099164610939084,
            0.02057842683989683,
            -0.0005040875966606209,
            -0.03499661890136852,
            -0.02819507465076991,
            0.0017243017663021991,
            0.27295103675490323,
            -0.011570417838289285,
            0.2884263457950675,
            0.058315504787426885,
            -0.04687677358739598,
            0.014192580852427075,
            -0.01868092602317982,
            -0.04280520589683109,
            0.02228302502097324,
            -0.08239135755386395,
            -0.186014111321807,
            -0.008681229420785613
        ],
        [
            -0.07054263525588181,
            -0.03776477871878228,
            -0.0005330214905907813,
            0.05981661363396358,
            0.013234241935183388,
            0.04836004173507306,
            -0.014400603753271362,
            -0.0011772761577665087,
            -0.011570417838289285,
            0.021094145965038835,
            -0.060145421368733805,
            -0.010896504829766892,
            0.006137193404057727,
            -0.044694550578590064,
            0.008777014572031196,
            -0.001088639995843404,
            -0.002286743193228904,
            0.019076348178305426,
            0.03983903004644446,
            0.0024441245134393433
        ],
        [
            0.0439849653827196,
            0.034414414248833465,
            0.003387356062278062,
            -0.03506543880543343,
            -0.011281574159735266,
            0.056167626279600036,
            0.11101085698467603,
            0.0011890675715897315,
            0.2884263457950675,
            -0.060145421368733805,
            0.5218535700540016,
            0.1696737147911338,
            -0.04957941994772276,
            0.04518155780206103,
            -0.02116265804270806,
            0.03520766728019414,
            0.08459139211816444,
            -0.12950459389912997,
            -0.28915401813584163,
            -0.015326937247088269
        ],
        [
            0.029737838571710053,
            0.024147785710603643,
