{
    "opt_E": -2.1898712876578212,
    "HF_E": -2.15932090646719,
    "B3LYP_E": -2.161022490410596,
    "sto-3G_E": -2.1470194101998827,
    "proj": [
        [
            0.5257184979116505,
            0.3246373305357732,
            0.025766792538069884,
            -0.17628913382991848,
            0.018039020069180147,
            0.06940459933706332,
            0.17940011701488698,
            0.0543132777339077,
            -0.25816396204132014,
            0.016413637068816878,
            0.043153081394796795,
            0.03296521253885167,
            0.005859169187200869,
            0.021228303988811204,
            0.0015864171191804356,
            -0.003471074004526034,
            -0.0308819540392747,
            -0.005567885282804719,
            -0.022012865309037725,
            -0.009741994517507454
        ],
        [
            0.3246373305357732,
            0.21082554088887442,
            0.008122455547185627,
            -0.06275167770071109,
            0.00723657578399194,
            0.11142915212847686,
            0.13057565160366758,
            0.026172158549847245,
            -0.14840877315355716,
            0.010321195010335361,
            0.03134318147041153,
            0.025919588307088542,
            -0.004906751339350681,
            -0.03057113817577613,
            0.007844963218092431,
            -0.025182287399907504,
            -0.03139421454008265,
            -0.004129117597464002,
            -0.01753494001296749,
            -0.005548743216278147
        ],
        [
            0.025766792538069884,
            0.008122455547185627,
            0.00864759571157314,
            -0.050903503948872886,
            0.004302071595096735,
            -0.05682700264558151,
            -0.0065215378973663566,
            0.011175128437424197,
            -0.011986167573357813,
            -0.0021732091514101233,
            0.01662531169425574,
            -0.0039736417695718125,
            0.004330054214540404,
            0.030769688772502714,
            -0.011774505030291657,
            -0.0046797568403574704,
            -0.003184947236167508,
            -0.004487664185589836,
            -0.014453816507802805,
            -0.005538618354359617
        ],
        [
            -0.17628913382991848,
            -0.06275167770071109,
            -0.050903503948872886,
            0.30360025453307404,
            -0.02591485331339977,
            0.33005838952090505,
            0.036030560238352424,
            -0.06385302431336412,
            0.10061314974192484,
            0.006873907558760926,
            -0.06000061393201138,
            0.03473212385218456,
            -0.02718438097869102,
            -0.1806035957583033,
            0.06329828255395915,
            0.024628689876715973,
            0.02484421211426337,
            0.020394380241828814,
            0.06437800588192749,
            0.026656579445397982
        ],
        [
            0.018039020069180147,
            0.00723657578399194,
            0.004302071595096735,
            -0.02591485331339977,
            0.002247862743090294,
            -0.026500786478826463,
            -0.001798339518405489,
            0.005463003997567604,
            -0.010752023386277188,
            -0.00024982976313851155,
            0.004010886566191442,
            -0.0022606946632107673,
            0.002605660277479732,
            0.015868669201027318,
            -0.004650114495079792,
            0.000592054973947301,
            -0.0007854924322288295,
            -0.0013117862228519028,
            -0.0040356739375894905,
            -0.0018732265419721028
        ],
        [
            0.06940459933706332,
            0.11142915212847686,
            -0.05682700264558151,
            0.33005838952090505,
            -0.026500786478826463,
            0.5289697285191829,
            0.17688841767711497,
            -0.05206183582116839,
            0.019557007481798384,
            0.01102412586962795,
            0.011536944983633278,
            0.09577944822224195,
            -0.03902464462832173,
            -0.2505064599803067,
            0.08370468348586092,
            0.02912752180390924,
            0.026208926026844753,
            0.015167232149041367,
            0.04162517103713803,
            0.021575397456919495
        ],
        [
            0.17940011701488698,
            0.13057565160366758,
            -0.0065215378973663566,
            0.036030560238352424,
            -0.001798339518405489,
            0.17688841767711497,
            0.12246029212452166,
            0.011180388523050741,
            -0.03238501502465912,
            -0.0032464832224988545,
            0.10964554220574392,
            0.0773279167568329,
            -0.009837065087558603,
            -0.053885895907030544,
            0.015662095204298183,
            0.029722819663374703,
            0.02782283937892873,
            -0.009418763258159,
            -0.03648472852862623,
            -0.009308211145008377
        ],
        [
            0.0543132777339077,
            0.026172158549847245,
            0.011175128437424197,
            -0.06385302431336412,
            0.005463003997567604,
            -0.05206183582116839,
            0.011180388523050741,
            0.019092265952111102,
            -0.005018198804174143,
            -0.007206370988549499,
            0.06577830474127971,
            0.014582721312939353,
            0.0032903865210392232,
            0.034161929752519096,
            -0.01770048842252407,
            -0.004137457960790866,
            0.0033834555445926536,
            -0.011742532673450675,
            -0.03972273226426195,
            -0.013167739933297347
        ],
        [
            -0.25816396204132014,
            -0.14840877315355716,
            -0.011986167573357813,
            0.10061314974192484,
            -0.010752023386277188,
            0.019557007481798384,
            -0.03238501502465912,
            -0.005018198804174143,
            0.2502476256025182,
            -0.04045037022453115,
            0.23477726196702367,
            0.06938918647778115,
            -0.019754118032016377,
            -0.04083216098737757,
            -0.032466353027775,
            -0.040808437195458847,
            0.03194684408267031,
            -0.03774715588124693,
            -0.13063160971308724,
            -0.035395259757860675
        ],
        [
            0.016413637068816878,
            0.010321195010335361,
            -0.0021732091514101233,
            0.006873907558760926,
            -0.00024982976313851155,
            0.01102412586962795,
            -0.0032464832224988545,
            -0.007206370988549499,
            -0.04045037022453115,
            0.010082090224054449,
            -0.0711650103096029,
            -0.01989627552853414,
            0.002801624962936646,
            -0.0035471203555943707,
            0.012549025051144346,
            0.010502975508608214,
            -0.006125962807553403,
            0.011841897519984212,
            0.04077414326717796,
            0.011975189253632845
        ],
        [
            0.043153081394796795,
            0.03134318147041153,
            0.01662531169425574,
            -0.06000061393201138,
            0.004010886566191442,
            0.011536944983633278,
            0.10964554220574392,
            0.06577830474127971,
            0.23477726196702367,
            -0.0711650103096029,
            0.5744155784348021,
            0.20375392984330912,
            -0.01653755649099984,
            0.029020025763060592,
            -0.07529290134684839,
            0.0002525628451973065,
            0.09261636513151983,
            -0.08610517156891923,
            -0.2982895658403188,
            -0.08825738155246657
        ],
        [
            0.03296521253885167,
            0.025919588307088542,
            -0.0039736417695718125,
            0.03473212385218456,
