{
    "opt_E": -2.1569619498880397,
    "HF_E": -2.1255284011469464,
    "B3LYP_E": -2.1277865608971953,
    "sto-3G_E": -2.1030348860045165,
    "proj": [
        [
            0.536155216440486,
            0.34851909473528536,
            0.01569921418266841,
            -0.17777695441777974,
            0.0003089832387308495,
            0.051669770741154836,
            0.17583598132906103,
            0.024500850699500535,
            -0.22810367867465986,
            0.022574515403627333,
            0.0512101393716438,
            0.03408463286066926,
            0.00698048019369027,
            0.04900457043467312,
            0.005331159452896052,
            0.0003516486328791469,
            -0.03936711971959919,
            -0.009564821319484195,
            -0.02714007650969506,
            0.0024470849427608017
        ],
        [
            0.34851909473528536,
            0.23499074181346305,
            0.006853552940564268,
            -0.07976209117357465,
            -0.0009554105531700139,
            0.08838562831069366,
            0.12925906699232234,
            0.013603973485035087,
            -0.14445421296807953,
            0.01149201789219199,
            0.040843980596371184,
            0.023666216610557986,
            0.0010574864138737526,
            -0.015362498875992968,
            -0.003355528701403316,
            -0.03208829266981289,
            -0.04509604653126042,
            -0.007379921340181106,
            -0.02438568632084157,
            0.001198720904844956
        ],
        [
            0.01569921418266841,
            0.006853552940564268,
            0.002431256448884148,
            -0.025778347006969755,
            0.0007290153656158297,
            -0.028290292957414895,
            -0.0020380914572212688,
            0.0018812524745991286,
            -0.0012369795071099227,
            0.003847077326808776,
            0.0063055101807415505,
            -0.002259251182875087,
            -0.001052030667537623,
            0.02228014357877473,
            0.005049146284136185,
            -0.0020293161678706564,
            -0.0022080247879005042,
            -0.002677016570744098,
            -0.007639109241141107,
            0.00032486812175507696
        ],
        [
            -0.17777695441777974,
            -0.07976209117357465,
            -0.025778347006969755,
            0.27638650554302724,
            -0.007624240576715852,
            0.3043219288370004,
            0.026137895961768142,
            -0.02057459204361548,
            0.04003837443238262,
            -0.03639038521420056,
            -0.030054904877546328,
            0.03841690049810523,
            0.009047085733983032,
            -0.23084425908379183,
            -0.051435520875055735,
            0.026419500101766604,
            0.03329604669510316,
            0.022771604177667052,
            0.06270044968510557,
            -0.0031377795442566665
        ],
        [
            0.0003089832387308495,
            -0.0009554105531700139,
            0.0007290153656158297,
            -0.007624240576715852,
            0.0002651036596345402,
            -0.010859633783408507,
            -0.0025564388104747154,
            0.00043302164653151524,
            0.001976022621344178,
            0.001188595119723649,
            0.0017935178788686997,
            -0.0014673761091963456,
            -0.0005924994836813059,
            0.007274379040474642,
            0.0018157804256549173,
            -0.001813992736726513,
            -0.0011160420283057653,
            -0.0009649847593447905,
            -0.00282531187753915,
            9.126468278977402e-05
        ],
        [
            0.051669770741154836,
            0.08838562831069366,
            -0.028290292957414895,
            0.3043219288370004,
            -0.010859633783408507,
            0.4954860191582747,
            0.16128881816032598,
            -0.016492220182258044,
            -0.021379291911673426,
            -0.02919167069376921,
            0.07438167789073617,
            0.10849344911722218,
            0.010996052565727756,
            -0.3044478656526499,
            -0.06775873939936584,
            0.035662530736990966,
            0.03736398567763964,
            0.013384296295540927,
            0.028555610655819613,
            -0.002419850657468418
        ],
        [
            0.17583598132906103,
            0.12925906699232234,
            -0.0020380914572212688,
            0.026137895961768142,
            -0.0025564388104747154,
            0.16128881816032598,
            0.11613585024829078,
            0.0027551811482285984,
            -0.02249384593627665,
            0.010583055240600558,
            0.1257393132307393,
            0.07705657363525678,
            0.0010636665249383257,
            -0.04952709057878317,
            -0.011376301861573108,
            0.026715770766981343,
            0.023249849457934405,
            -0.012761674995923997,
            -0.044033444606601586,
            0.000960047033044673
        ],
        [
            0.024500850699500535,
            0.013603973485035087,
            0.0018812524745991286,
            -0.02057459204361548,
            0.00043302164653151524,
            -0.016492220182258044,
            0.0027551811482285984,
            0.0018660722855491224,
            -0.010237907235994862,
            0.0023372618371737277,
            0.0006041800840819425,
            -0.0012238230588353565,
            0.0002857672687697792,
            0.01550077294723487,
            0.0028688880302064888,
            0.002006955205747274,
            -0.0010113729848855112,
            -0.0008871547366631888,
            -0.001996849172712935,
            0.00023199592696950295
        ],
        [
            -0.22810367867465986,
            -0.14445421296807953,
            -0.0012369795071099227,
            0.04003837443238262,
            0.001976022621344178,
            -0.021379291911673426,
            -0.02249384593627665,
            -0.010237907235994862,
            0.2925587633496331,
            0.03496334829375893,
            0.28797353603781844,
            0.073436362837002,
            -0.033573292993251354,
            0.024913564477334813,
            0.0248014240185695,
            -0.06631859344812124,
            0.019629994489864744,
            -0.05375981869376829,
            -0.17835100670658535,
            0.001926178957899524
        ],
        [
            0.022574515403627333,
            0.01149201789219199,
            0.003847077326808776,
            -0.03639038521420056,
            0.001188595119723649,
            -0.02919167069376921,
            0.010583055240600558,
            0.0023372618371737277,
            0.03496334829375893,
            0.013260228219135166,
            0.06982882818088246,
            0.017576369523075605,
            -0.006389600409701678,
            0.03558588559742757,
            0.010717691463363481,
            -0.009043625241989577,
            0.002099295189900977,
            -0.014122983801102804,
            -0.04490569491107538,
            0.0009867935974568977
        ],
        [
            0.0512101393716438,
            0.040843980596371184,
            0.0063055101807415505,
            -0.030054904877546328,
            0.0017935178788686997,
            0.07438167789073617,
            0.1257393132307393,
            0.0006041800840819425,
            0.28797353603781844,
            0.06982882818088246,
            0.5220402468650572,
            0.189865268750646,
            -0.03529802564473401,
            0.07109616459125806,
            0.03307216313112394,
            -0.0039808775478638765,
            0.07263840084983589,
            -0.08599808940965671,
            -0.28102169609582034,
            0.004979465574616942
        ],
        [
            0.03408463286066926,
            0.023666216610557986,
