{
    "opt_E": -2.212651405083853,
    "HF_E": -2.1821415140492695,
    "B3LYP_E": -2.1838806308365033,
    "sto-3G_E": -2.1753891188904815,
    "proj": [
        [
            0.5605984408973386,
            0.3483141308354635,
            -0.015020347009184155,
            -0.17671830663112092,
            -0.027058490384808596,
            0.006320685704629375,
            0.17482315098779755,
            -0.03450738181397848,
            -0.23440063847904166,
            -0.04121352132817995,
            0.03576471935344363,
            0.024665850309554437,
            -0.004323891801225326,
            0.03425682967777036,
            0.0009331543440673232,
            -0.0012846520492318541,
            -0.02341789094559454,
            -0.008066453238621594,
            -0.025992054253368167,
            0.0032535103792142818
        ],
        [
            0.3483141308354635,
            0.23518194089362365,
            -0.003843962701868998,
            -0.05450023341142051,
            -0.008180849933746095,
            0.10292351413950715,
            0.14263095947833246,
            -0.015475583706403055,
            -0.1392548341345523,
            -0.021615745953131052,
            0.023600126208976717,
            0.025019010434631155,
            0.004841685444536231,
            -0.033890618729515036,
            -0.000449057910402526,
            -0.028417608332343452,
            -0.02956535662986802,
            -0.004433433998355371,
            -0.020024030381677008,
            0.0019437904675209728
        ],
        [
            -0.015020347009184155,
            -0.003843962701868998,
            0.0025284560178603383,
            0.024769114333128762,
            0.0038848620282388615,
            0.03423885945286751,
            0.00588984938254094,
            0.0040828013458676345,
            0.0031614471775718374,
            0.002264156513069238,
            -0.009440973165744002,
            0.004115884252269484,
            0.0052033868533399585,
            -0.011653501617947516,
            -0.0018542940747133779,
            0.004930521002124155,
            0.0024304045217340103,
            0.0023431008948606776,
            0.010212512353837461,
            -0.0013791235980558894
        ],
        [
            -0.17671830663112092,
            -0.05450023341142051,
            0.024769114333128762,
            0.2474332023318043,
            0.038673608469970255,
            0.33145695188193747,
            0.051615968710046596,
            0.03824146900058058,
            0.05882852178829857,
            0.024798561297686414,
            -0.06526973375488554,
            0.039393300909514234,
            0.044884400539436174,
            -0.1320913903919775,
            -0.014632652778951176,
            0.020367452415197832,
            0.013383153753996978,
            0.018185777881282793,
            0.07290617137714049,
            -0.010311338022847415
        ],
        [
            -0.027058490384808596,
            -0.008180849933746095,
            0.0038848620282388615,
            0.038673608469970255,
            0.00605136591028049,
            0.05186954651158172,
            0.007949433435336998,
            0.0061415213016879685,
            0.008132781358643072,
            0.0038148724402530406,
            -0.012019056693586697,
            0.005591968793832332,
            0.007193123729669039,
            -0.020453283315925056,
            -0.0023834855508396845,
            0.0031343367703801674,
            0.0017363700374047376,
            0.0030505412793888076,
            0.012497355095901653,
            -0.0017453105234173168
        ],
        [
            0.006320685704629375,
            0.10292351413950715,
            0.03423885945286751,
            0.33145695188193747,
            0.05186954651158172,
            0.5905973835263493,
            0.20400759989839484,
            0.0398898997495697,
            0.0055101728221264,
            0.0213803906899916,
            -0.01784107871387559,
            0.1081303727662745,
            0.06940713578999971,
            -0.2232737637194287,
            -0.021219284516798772,
            0.03484897896024724,
            0.022788160218001566,
            0.018492829730086056,
            0.06645953215636148,
            -0.010620521908852985
        ],
        [
            0.17482315098779755,
            0.14263095947833246,
            0.00588984938254094,
            0.051615968710046596,
            0.007949433435336998,
            0.20400759989839484,
            0.1400170885427207,
            -0.006874336833820589,
            -0.029113128583584225,
            -0.004379550591567179,
            0.10016258206829429,
            0.07995129256858177,
            0.01507631977938271,
            -0.06721390764465521,
            -0.0031186052713670564,
            0.029469379052196945,
            0.026744350656483423,
            -0.0062659525523805285,
            -0.03733659072542167,
            0.003728855016002096
        ],
        [
            -0.03450738181397848,
            -0.015475583706403055,
            0.0040828013458676345,
            0.03824146900058058,
            0.0061415213016879685,
            0.0398898997495697,
            -0.006874336833820589,
            0.011077311779930163,
            -0.011419019079952955,
            0.003319254897616471,
            -0.062171226161021144,
            -0.012706893474464031,
            0.010752112480117306,
            -0.010800436484970425,
            -0.004644042979186133,
            0.0025229049810540573,
            -0.006594428265796497,
            0.008666575005594512,
            0.042355727741043465,
            -0.005306842117816648
        ],
        [
            -0.23440063847904166,
            -0.1392548341345523,
            0.0031614471775718374,
            0.05882852178829857,
            0.008132781358643072,
            0.0055101728221264,
            -0.029113128583584225,
            -0.011419019079952955,
            0.21180007459146913,
            0.020737479101513728,
            0.23221936498022802,
            0.061430527067503654,
            -0.024416549979239668,
            -0.05890171997467942,
            0.014386313426165528,
            -0.026196325843566074,
            0.03480777527609357,
            -0.02707517721483385,
            -0.15066844186874684,
            0.01805454839393974
        ],
        [
            -0.04121352132817995,
            -0.021615745953131052,
            0.002264156513069238,
            0.024798561297686414,
            0.0038148724402530406,
            0.0213803906899916,
            -0.004379550591567179,
            0.003319254897616471,
            0.020737479101513728,
            0.003946365896310861,
            0.0030433511257358884,
            0.0030490461692624982,
            0.0018402252845185893,
            -0.013488828909608817,
            -0.00024955647148409683,
            -0.002491979490713902,
            0.001345839511237547,
            0.00030135007480131876,
            -0.0009586337356284978,
            -6.914134673520938e-07
        ],
        [
            0.03576471935344363,
            0.023600126208976717,
            -0.009440973165744002,
            -0.06526973375488554,
            -0.012019056693586697,
            -0.01784107871387559,
            0.10016258206829429,
            -0.062171226161021144,
            0.23221936498022802,
            0.0030433511257358884,
            0.5629533652739307,
            0.18938586526021622,
            -0.051884070949523735,
            -0.028461573597234783,
            0.02730813096807271,
            0.046978976194566056,
            0.11801011786293583,
            -0.06398546661485077,
            -0.3310429175463098,
            0.04030059315988066
        ],
        [
            0.024665850309554437,
            0.025019010434631155,
            0.004115884252269484,
