{
    "opt_E": -2.232284331582776,
    "HF_E": -2.199854202481132,
    "B3LYP_E": -2.2024592163763255,
    "sto-3G_E": -2.190873685715229,
    "proj": [
        [
            0.5968604913051403,
            0.36200731208834674,
            -0.054113097662639234,
            -0.1506028376446094,
            0.0029991472781854636,
            -0.03532873663322226,
            0.15579667327175767,
            -0.09742141759137372,
            -0.21474787662948713,
            -0.005126561267635939,
            0.01297308107991162,
            0.025106857158084053,
            -0.014248861349168536,
            0.03393228098050062,
            -0.00973147113838248,
            -0.004422288226387693,
            -0.02052011343383518,
            -0.0017955937439220015,
            -0.009715458165318382,
            -0.003113542510630883
        ],
        [
            0.36200731208834674,
            0.2461904142209675,
            -0.011625760827158226,
            -0.03663128106446876,
            0.0016774241549591948,
            0.10489746962806812,
            0.14642930710145707,
            -0.04447386300279365,
            -0.12482975066407898,
            0.001425446410591056,
            0.007065430953232557,
            0.029236076055366187,
            0.005127607211602771,
            -0.027808785844351355,
            0.008058168955871641,
            -0.023709746543717363,
            -0.026158273073496947,
            -0.0004775553890488673,
            -0.005288074375859937,
            -0.0005573144183932214
        ],
        [
            -0.054113097662639234,
            -0.011625760827158226,
            0.024149076777444548,
            0.06135259058567083,
            -6.150375600285885e-05,
            0.11104784785385728,
            0.026334603182554484,
            0.024689748434220445,
            0.013654195786147093,
            0.007779799250686288,
            -0.028933121467853325,
            0.0064570658064970685,
            0.013355115198289453,
            -0.02951899047718376,
            0.016817500374191646,
            0.009597452201421613,
            0.000629625378425088,
            -9.81644129806001e-05,
            0.02312150915024861,
            0.004264789707385409
        ],
        [
            -0.1506028376446094,
            -0.03663128106446876,
            0.06135259058567083,
            0.1580826405414564,
            -0.0005326048155341243,
            0.2830640975095163,
            0.06868590397291906,
            0.06089973768553337,
            0.050710344213882506,
            0.016040054334346385,
            -0.04137174489405861,
            0.02585687439961634,
            0.03365552596182817,
            -0.08381769585753783,
            0.03971137067034721,
            0.013973133274633145,
            0.0025558893097200517,
            0.00044539744543695874,
            0.03923327526537021,
            0.008238364424247026
        ],
        [
            0.0029991472781854636,
            0.0016774241549591948,
            -6.150375600285885e-05,
            -0.0005326048155341243,
            6.595746408328613e-05,
            -8.052148918049049e-05,
            4.1021791359744565e-05,
            0.00014271444153825404,
            -0.0028676229301983847,
            0.0005836019072414653,
            -0.004968490352279291,
            -0.0012126287261016767,
            2.516134931514177e-05,
            0.0016984785183297966,
            0.0005171025135413333,
            0.0023108425745794157,
            0.00023363398495496215,
            -0.00011944544397541777,
            0.0032197920221031045,
            0.0004236888316380995
        ],
        [
            -0.03532873663322226,
            0.10489746962806812,
            0.11104784785385728,
            0.2830640975095163,
            -8.052148918049049e-05,
            0.6320534918166864,
            0.24715379569921989,
            0.08314771572323959,
            0.021230561258149774,
            0.028482124018099866,
            -0.03860078772392003,
            0.09187300424544823,
            0.0688328797015606,
            -0.180711173927373,
            0.08224796279248543,
            0.0283946534602672,
            0.004685517884701568,
            0.0009038191265528935,
            0.059041144210339076,
            0.013714150398972594
        ],
        [
            0.15579667327175767,
            0.14642930710145707,
            0.026334603182554484,
            0.06868590397291906,
            4.1021791359744565e-05,
            0.24715379569921989,
            0.16184424582642354,
            -0.006100745038201404,
            -0.02023889433662207,
            -0.0011491758817109151,
            0.08790188678996202,
            0.08767999413373218,
            0.021608440411075416,
            -0.06880625778526385,
            0.023849546847841997,
            0.02246262445758383,
            0.02404048429158303,
            0.0013013425800315012,
            -0.026818893825742623,
            -0.002027844381494904
        ],
        [
            -0.09742141759137372,
            -0.04447386300279365,
            0.024689748434220445,
            0.06089973768553337,
            0.00014271444153825404,
            0.08314771572323959,
            -0.006100745038201404,
            0.0344059681375353,
            0.011626773418652288,
            0.012757492642476605,
            -0.0804306131805357,
            -0.02130061968996175,
            0.012282993074518087,
            -0.01884228436271333,
            0.017469715963916815,
            0.006472902179204345,
            -0.010174472912818998,
            -0.0008195320958892397,
            0.04743363173550741,
            0.007505143536446101
        ],
        [
            -0.21474787662948713,
            -0.12482975066407898,
            0.013654195786147093,
            0.050710344213882506,
            -0.0028676229301983847,
            0.021230561258149774,
            -0.02023889433662207,
            0.011626773418652288,
            0.14523282726522083,
            -0.021055808960485332,
            0.1945010477249336,
            0.06227716568239406,
            0.0019894883044076464,
            -0.050324128604793836,
            -0.013207498841931764,
            -0.03183610774111093,
            0.028881415912770745,
            0.004292858438892425,
            -0.10840435543370211,
            -0.014086672032954557
        ],
        [
            -0.005126561267635939,
            0.001425446410591056,
            0.007779799250686288,
            0.016040054334346385,
            0.0005836019072414653,
            0.028482124018099866,
            -0.0011491758817109151,
            0.012757492642476605,
            -0.021055808960485332,
            0.009315469744905169,
            -0.07091420836088808,
            -0.021306169771363393,
            0.004607119959009653,
            0.0024353819180095663,
            0.009640908340862973,
            0.009318019398728727,
            -0.009275349094896433,
            -0.0011600545892006986,
            0.04065032495542256,
            0.005834597135317186
        ],
        [
            0.01297308107991162,
            0.007065430953232557,
            -0.028933121467853325,
            -0.04137174489405861,
            -0.004968490352279291,
            -0.03860078772392003,
            0.08790188678996202,
            -0.0804306131805357,
            0.1945010477249336,
            -0.07091420836088808,
            0.605861868089179,
            0.23345736289729188,
            -0.017687289340261023,
            -0.05340853276744452,
            -0.052070851349268955,
            -0.0072185259565034935,
            0.12152227845281538,
            0.009655646297907989,
            -0.31657137417457887,
            -0.044122775592145405
        ],
        [
            0.025106857158084053,
            0.029236076055366187,
            0.0064570658064970685,
