{
    "opt_E": -2.1641059677091357,
    "HF_E": -2.1319195712358607,
    "B3LYP_E": -2.1351480008376957,
    "sto-3G_E": -2.1090179224213776,
    "proj": [
        [
            0.5812901548218108,
            0.38031542404982127,
            -0.018986873560336463,
            -0.1655462405103987,
            -0.006516394241191582,
            -0.011440493478006894,
            0.16038455944685892,
            -0.039070047268509794,
            -0.1800544402277793,
            -0.031389342682664204,
            0.039216350264266654,
            0.025547477270859393,
            -0.013315067259343736,
            0.07609010913893689,
            -0.01195018672714508,
            -0.0004622674450345419,
            -0.03280510941751121,
            0.00915317937335896,
            -0.02628246062286228,
            0.002603467323007706
        ],
        [
            0.38031542404982127,
            0.2652851206877196,
            -0.006534073007111621,
            -0.06411753593331457,
            -0.001214143926652494,
            0.07634723539125626,
            0.1343286230066689,
            -0.019700822930406182,
            -0.1283732484864555,
            -0.014066279118560352,
            0.030091367884166092,
            0.02211798278538223,
            -0.0006128597414015265,
            -0.015250875096287964,
            0.002897245317228204,
            -0.033828487587868196,
            -0.044325542586331285,
            0.006085848811096063,
            -0.019720055832079406,
            0.002007800108799051
        ],
        [
            -0.018986873560336463,
            -0.006534073007111621,
            0.0033711031895995733,
            0.02532708215179194,
            0.0016331668220421888,
            0.03630770579667843,
            0.006372226390884746,
            0.004345323285610838,
            -0.006097466588383623,
            0.0049680907428833404,
            -0.007713151704291982,
            0.0036067786575134206,
            0.0008072986508929809,
            -0.025667823682050027,
            0.004522947139365667,
            0.004150461129260366,
            0.0020927266167016004,
            -0.003512141835991467,
            0.00921500266387048,
            -0.0012299024757578408
        ],
        [
            -0.1655462405103987,
            -0.06411753593331457,
            0.02532708215179194,
            0.1937677210698901,
            0.012183713818916746,
            0.2748131821012775,
            0.047685809250754656,
            0.03197789503568289,
            -0.01510062220037276,
            0.03412427391569778,
            -0.023467914283462493,
            0.03744780883916729,
            0.009045433322729314,
            -0.19110311629794216,
            0.03354008600576707,
            0.02649793203595258,
            0.019649602464419446,
            -0.01942029818080241,
            0.05013429440537231,
            -0.006699753638163995
        ],
        [
            -0.006516394241191582,
            -0.001214143926652494,
            0.0016331668220421888,
            0.012183713818916746,
            0.000807282024658816,
            0.01889063181928061,
            0.004375654705039405,
            0.0019964159147825844,
            -0.00380849457954999,
            0.002324938331618646,
            -0.003110189264238996,
            0.002317558903330605,
            0.00035005123929067233,
            -0.012753833114635127,
            0.002259853498304088,
            0.0023447724790747935,
            0.0011292303023095161,
            -0.0016630060317232753,
            0.004343755676920654,
            -0.0005862452827972913
        ],
        [
            -0.011440493478006894,
            0.07634723539125626,
            0.03630770579667843,
            0.2748131821012775,
            0.01889063181928061,
            0.523851082556376,
            0.19307132352204184,
            0.034277379570930855,
            -0.056126086795948035,
            0.03602778802153898,
            0.07943910211283743,
            0.11960918262537813,
            0.01632912770432055,
            -0.30925230684655464,
            0.05492350396555281,
            0.04402145145442629,
            0.03262975122847325,
            -0.011857847167615287,
            0.026022494731100278,
            -0.004101233719423229
        ],
        [
            0.16038455944685892,
            0.1343286230066689,
            0.006372226390884746,
            0.047685809250754656,
            0.004375654705039405,
            0.19307132352204184,
            0.1303049025406885,
            -0.003284076785111879,
            -0.02175282533117318,
            -0.00527262249625059,
            0.11965095678075789,
            0.08142067289832085,
            0.004850623243656265,
            -0.07523943781153711,
            0.014043174989417286,
            0.02486142144291247,
            0.02108985389964861,
            0.01265974846034055,
            -0.036972163343302875,
            0.004322254290812565
        ],
        [
            -0.039070047268509794,
            -0.019700822930406182,
            0.004345323285610838,
            0.03197789503568289,
            0.0019964159147825844,
            0.034277379570930855,
            -0.003284076785111879,
            0.006854892667548202,
            -0.01289060751916295,
            0.008465486462582501,
            -0.029865047499553862,
            -0.0048287049323739225,
            0.000209714552659909,
            -0.031031522525781074,
            0.005406687467592762,
            0.004047002158880608,
            -0.0001277679549394972,
            -0.0077395660570115845,
            0.02081258449845584,
            -0.002715599374170333
        ],
        [
            -0.1800544402277793,
            -0.1283732484864555,
            -0.006097466588383623,
            -0.01510062220037276,
            -0.00380849457954999,
            -0.056126086795948035,
            -0.02175282533117318,
            -0.01289060751916295,
            0.2831966152112402,
            -0.03609164865198909,
            0.30646439682020965,
            0.07256191024120198,
            0.027879070856568596,
            0.055024679026438046,
            -0.011402282822990757,
            -0.07338648258492167,
            0.01385860334038981,
            0.06807612361898142,
            -0.18647513026706286,
            0.024891619992678818
        ],
        [
            -0.031389342682664204,
            -0.014066279118560352,
            0.0049680907428833404,
            0.03412427391569778,
            0.002324938331618646,
            0.03602778802153898,
            -0.00527262249625059,
            0.008465486462582501,
            -0.03609164865198909,
            0.012123418923986093,
            -0.06014311045830786,
            -0.013775874474226856,
            -0.0019069036245356217,
            -0.036285328133656196,
            0.006408772390700458,
            0.0077705031286841334,
            -0.0030646087245113866,
            -0.014001205327170262,
            0.03794424726122488,
            -0.004978886193937389
        ],
        [
            0.039216350264266654,
            0.030091367884166092,
            -0.007713151704291982,
            -0.023467914283462493,
            -0.003110189264238996,
            0.07943910211283743,
            0.11965095678075789,
            -0.029865047499553862,
            0.30646439682020965,
            -0.06014311045830786,
            0.5175075162073548,
            0.19045455445460316,
            0.02673951091995695,
            0.05802622127154708,
            -0.009972044411568291,
            -0.002111162218929089,
            0.07713601857864515,
            0.09699355850457557,
            -0.26562930756849745,
            0.03461469399373453
        ],
        [
            0.025547477270859393,
            0.02211798278538223,
            0.0036067786575134206,
