{
    "opt_E": -2.176096730334957,
    "HF_E": -2.1431731788765616,
    "B3LYP_E": -2.14634290459544,
    "sto-3G_E": -2.1212134663330318,
    "proj": [
        [
            0.5682134039776124,
            0.36485743372804863,
            -0.04915043922337265,
            -0.16910719359581783,
            -0.0012671893131577254,
            0.00688517907995594,
            0.16416406752830356,
            -0.08138000894421075,
            -0.1972183451208106,
            -0.013997648838444766,
            0.047104149871604876,
            0.02726111413700318,
            -0.003042162893556826,
            0.061723765391913335,
            0.0009326494316409557,
            -0.0032768216620566466,
            -0.03103637348268966,
            0.009146461240296734,
            -0.023012403067926294,
            -0.01145723311735382
        ],
        [
            0.36485743372804863,
            0.2493745476664038,
            -0.016723889587872368,
            -0.06224905241543145,
            0.00030166668655936103,
            0.08849178965340339,
            0.13208055750422806,
            -0.04507148747863606,
            -0.13670730715585458,
            -0.0064233927217185885,
            0.025663224376121157,
            0.021183522431477128,
            -0.002264905240558177,
            -0.019914281944827267,
            0.004722227868746802,
            -0.02655299694055994,
            -0.03836009157672839,
            0.0033248835587834447,
            -0.01156837776472126,
            -0.0045566805105323365
        ],
        [
            -0.04915043922337265,
            -0.016723889587872368,
            0.02053224476736029,
            0.06537273784564422,
            0.0013982132987187847,
            0.09029625208130033,
            0.014795608776864777,
            0.014232151577277426,
            6.205111571700941e-05,
            0.004662599744204059,
            -0.015022252908686317,
            0.00807625653724642,
            -0.004253990029892139,
            -0.06144949735146567,
            0.00922310442593369,
            0.0067748295913397216,
            0.003350958607355917,
            -0.006408849729157405,
            0.014991727348465215,
            0.0070708824531526835
        ],
        [
            -0.16910719359581783,
            -0.06224905241543145,
            0.06537273784564422,
            0.20897027985993194,
            0.0044254748478496225,
            0.2847293753326378,
            0.04532105316366331,
            0.046865358124682205,
            0.014427812480530258,
            0.01390802102621617,
            -0.03213350038416947,
            0.031358534661701375,
            -0.012176503054066734,
            -0.1918899224831381,
            0.027592724491436352,
            0.021516696082194385,
            0.01454636974180082,
            -0.01806893040940775,
            0.04081872156161367,
            0.01997639322607892
        ],
        [
            -0.0012671893131577254,
            0.00030166668655936103,
            0.0013982132987187847,
            0.0044254748478496225,
            0.00010969416980709572,
            0.007388719218461671,
            0.0022050408502866507,
            0.0007414923283845457,
            -0.0004763234668214743,
            0.00025217871492880847,
            8.381766855833928e-06,
            0.0015330594455729085,
            -0.0004351182911651609,
            -0.0041227544881220985,
            0.0008318777001006387,
            0.001817425007921717,
            0.0011637305389753452,
            -0.00040988272456720195,
            0.0009488611520294361,
            0.0004420783274401559
        ],
        [
            0.00688517907995594,
            0.08849178965340339,
            0.09029625208130033,
            0.2847293753326378,
            0.007388719218461671,
            0.5331394912969141,
            0.19146600362466487,
            0.04103431030586034,
            -0.03231139949083028,
            0.01153718601893911,
            0.0572097657241133,
            0.10678966295339574,
            -0.016680798884668585,
            -0.30560048649216154,
            0.04223434743913601,
            0.027607291648478353,
            0.01994805486666616,
            -0.014684853826849057,
            0.021805514289649316,
            0.015579505716819646
        ],
        [
            0.16416406752830356,
            0.13208055750422806,
            0.014795608776864777,
            0.04532105316366331,
            0.0022050408502866507,
            0.19146600362466487,
            0.12958387581604602,
            -0.009082118432025044,
            -0.018915058381759425,
            -0.005888182790752535,
            0.12116465339297874,
            0.08427431983421715,
            -0.0021361889039745196,
            -0.06834634562037331,
            0.009177038722829536,
            0.02298038377920851,
            0.02442862139818677,
            0.009203463291753783,
            -0.03341072769231237,
            -0.010768936422934982
        ],
        [
            -0.08138000894421075,
            -0.04507148747863606,
            0.014232151577277426,
            0.046865358124682205,
            0.0007414923283845457,
            0.04103431030586034,
            -0.009082118432025044,
            0.015160316408823392,
            0.026270120063360942,
            0.0029032869634748786,
            -0.003127952362876534,
            0.0013080256983075177,
            0.00026925747802649346,
            -0.0362395123246671,
            0.0018884615353142716,
            -0.007939314760938369,
            -0.0011101362946553484,
            -0.0019577812995702493,
            0.003163813271793757,
            0.00234073764762114
        ],
        [
            -0.1972183451208106,
            -0.13670730715585458,
            6.205111571700941e-05,
            0.014427812480530258,
            -0.0004763234668214743,
            -0.03231139949083028,
            -0.018915058381759425,
            0.026270120063360942,
            0.25430961312951134,
            -0.01824219905084203,
            0.29315286498204995,
            0.08963483744994585,
            0.03258301936116731,
            0.041560715035125935,
            -0.040488100144805486,
            -0.07225448377715912,
            0.022468426216710094,
            0.04733716110826454,
            -0.14287932710395063,
            -0.051352570499756535
        ],
        [
            -0.013997648838444766,
            -0.0064233927217185885,
            0.004662599744204059,
            0.01390802102621617,
            0.00025217871492880847,
            0.01153718601893911,
            -0.005888182790752535,
            0.0029032869634748786,
            -0.01824219905084203,
            0.003339426214945073,
            -0.038193505811435935,
            -0.011533777441478467,
            -0.0038923301641187367,
            -0.014218295688209056,
            0.005366594502478696,
            0.008224422177005555,
            -0.0011913859727635501,
            -0.00655583184410524,
            0.019102820266136765,
            0.0072124861685812875
        ],
        [
            0.047104149871604876,
            0.025663224376121157,
            -0.015022252908686317,
            -0.03213350038416947,
            8.381766855833928e-06,
            0.0572097657241133,
            0.12116465339297874,
            -0.003127952362876534,
            0.29315286498204995,
            -0.038193505811435935,
            0.5524466827790626,
            0.21847760834337585,
            0.04147231489190729,
            0.0764120305616048,
            -0.05001720257198488,
            -0.037823276754269115,
            0.07745188420467504,
            0.0802897749854727,
            -0.2413943995218612,
            -0.08838957383822864
        ],
        [
            0.02726111413700318,
            0.021183522431477128,
            0.00807625653724642,
