{
    "opt_E": -2.1811406234225523,
    "HF_E": -2.150485306600839,
    "B3LYP_E": -2.15249545920696,
    "sto-3G_E": -2.135951439176876,
    "proj": [
        [
            0.5320782568083039,
            0.34714144154149423,
            0.01497182974272189,
            -0.17625705817274537,
            0.0289269818436778,
            0.048050583386443226,
            0.18019765919672406,
            0.012132849821560416,
            -0.22969926746355668,
            0.04557997759494201,
            0.04683360917471036,
            0.030597900392748664,
            0.00033219242836320594,
            0.03942408302796831,
            0.0008017372600740084,
            0.0019986158758602286,
            -0.03438902912595757,
            -0.004617604752861895,
            -0.025879155336289292,
            -0.002738066299884621
        ],
        [
            0.34714144154149423,
            0.23547280173517662,
            0.007154622225532857,
            -0.08022479101682109,
            0.012895024632586983,
            0.08717465698430445,
            0.13483266767740038,
            0.007318375683715642,
            -0.139759401483826,
            0.026631056788384146,
            0.04445394721516784,
            0.023351345224108384,
            0.002536917904472007,
            -0.020228714654069266,
            0.00015795374935470108,
            -0.03404641980036328,
            -0.041850992777625266,
            -0.004251640217971704,
            -0.030268660733948925,
            -0.002815893230409259
        ],
        [
            0.01497182974272189,
            0.007154622225532857,
            0.0016015369236701523,
            -0.021317538689597498,
            0.0036589506779699005,
            -0.023095708772325373,
            -0.00121422251580674,
            -0.0004629174854177018,
            -0.004147064310745411,
            0.0023157182887569108,
            0.004238024981276059,
            -0.0022970070023151322,
            -0.0029982529822549474,
            0.01538486938265367,
            -0.0010857311184071265,
            -0.000497241285350559,
            -0.0012736866465254404,
            -0.0008048197605676185,
            -0.005013423309388468,
            -0.0006244401762481288
        ],
        [
            -0.17625705817274537,
            -0.08022479101682109,
            -0.021317538689597498,
            0.2860141773422969,
            -0.04915886193571192,
            0.32415487759463113,
            0.028409711994932304,
            0.007333866894700369,
            0.04203982622514189,
            -0.029252009265691256,
            -0.055098052623205974,
            0.04069021591593358,
            0.04333984093064564,
            -0.20215425283487443,
            0.016282335369512718,
            0.029646426257493336,
            0.030201481205735195,
            0.011556911207332463,
            0.0746157679882355,
            0.009097114398611066
        ],
        [
            0.0289269818436778,
            0.012895024632586983,
            0.0036589506779699005,
            -0.04915886193571192,
            0.008462825494866877,
            -0.05614832588489714,
            -0.005015126392747365,
            -0.0015184518815740513,
            -0.005372271256478709,
            0.004886104233954505,
            0.011634643812638467,
            -0.006309740548421679,
            -0.007667950394627677,
            0.03511356821898604,
            -0.0029113215614425094,
            -0.0049003661274118525,
            -0.004625493656002672,
            -0.0021527283118373914,
            -0.014036380803222502,
            -0.0016937577248401657
        ],
        [
            0.048050583386443226,
            0.08717465698430445,
            -0.023095708772325373,
            0.32415487759463113,
            -0.05614832588489714,
            0.5274191522202879,
            0.16807425513178284,
            0.009621067735783403,
            -0.021608260095364373,
            -0.019331663128292695,
            0.03428473970249336,
            0.10905753427419751,
            0.058454680403007914,
            -0.28187339163973035,
            0.02083077822101747,
            0.04016290864457891,
            0.035720031956849474,
            0.007663236853382294,
            0.045065009734173954,
            0.00665584097462134
        ],
        [
            0.18019765919672406,
            0.13483266767740038,
            -0.00121422251580674,
            0.028409711994932304,
            -0.005015126392747365,
            0.16807425513178284,
            0.1229760028938156,
            -0.0027527239166233396,
            -0.025025442518725363,
            0.007046901185317459,
            0.1220183220711331,
            0.07724121577917487,
            0.009595162063243009,
            -0.05521648779290657,
            0.0023299519360562362,
            0.025542631162937843,
            0.02318917886296779,
            -0.006436942368718493,
            -0.046725029803310766,
            -0.00444968989874643
        ],
        [
            0.012132849821560416,
            0.007318375683715642,
            -0.0004629174854177018,
            0.007333866894700369,
            -0.0015184518815740513,
            0.009621067735783403,
            -0.0027527239166233396,
            0.005590840912792821,
            -0.03516536173632574,
            0.0016473021886330588,
            -0.050839096932303374,
            -0.013129553203091749,
            0.005970215899212696,
            -0.005960104555715389,
            0.0031768144795889987,
            0.00672801598138159,
            -0.004446747840864874,
            0.004327617956407609,
            0.03208604479580735,
            0.0033933339282903293
        ],
        [
            -0.22969926746355668,
            -0.139759401483826,
            -0.004147064310745411,
            0.04203982622514189,
            -0.005372271256478709,
            -0.021608260095364373,
            -0.025025442518725363,
            -0.03516536173632574,
            0.2729146933647778,
            -0.025541736491109343,
            0.2799796632727976,
            0.0694107077833456,
            -0.030605317439242254,
            -0.013015825800616942,
            -0.017687631403566554,
            -0.057440230224717156,
            0.025421105546765063,
            -0.02336685374786255,
            -0.1785468743206067,
            -0.018607099059161986
        ],
        [
            0.04557997759494201,
            0.026631056788384146,
            0.0023157182887569108,
            -0.029252009265691256,
            0.004886104233954505,
            -0.019331663128292695,
            0.007046901185317459,
            0.0016473021886330588,
            -0.025541736491109343,
            0.005183523375390779,
            -0.0068033105923445535,
            -0.0035997543099783812,
            -0.0013328494513528985,
            0.017714405081923592,
            -0.0001080502983427857,
            0.0041436279474553386,
            -0.0024867078400077906,
            0.00016848112981661379,
            0.002876478992105857,
            0.00019214799358672715
        ],
        [
            0.04683360917471036,
            0.04445394721516784,
            0.004238024981276059,
            -0.055098052623205974,
            0.011634643812638467,
            0.03428473970249336,
            0.1220183220711331,
            -0.050839096932303374,
            0.2799796632727976,
            -0.0068033105923445535,
            0.5444003925031652,
            0.18835057650649972,
            -0.04301234882533437,
            0.037850814228339434,
            -0.024188659701452984,
            0.00816166695567412,
            0.08643069216461831,
            -0.04199395961747651,
            -0.30642997121867266,
            -0.03229619396311414
        ],
        [
            0.030597900392748664,
            0.023351345224108384,
