{
    "opt_E": -2.1760953509862686,
    "HF_E": -2.145514429090711,
    "B3LYP_E": -2.147858576478252,
    "sto-3G_E": -2.1289776736591657,
    "proj": [
        [
            0.5351737228600364,
            0.33478123848870384,
            -0.021023302299767697,
            -0.17481914149030736,
            0.03705551668666978,
            0.05739597729883497,
            0.1758341599533598,
            -0.032548182376365906,
            -0.23881936462182254,
            0.06448029449187365,
            0.05448580183915613,
            0.033136262357000824,
            -0.0022689183399973376,
            0.039970438486708275,
            0.0004113382964992152,
            -0.0008741760121139431,
            -0.035511757979679516,
            0.010632269884571287,
            -0.028045000077980005,
            -0.0035627715645607477
        ],
        [
            0.33478123848870384,
            0.21974732870864525,
            -0.00782884291390509,
            -0.0667797711773189,
            0.013373400500333844,
            0.10167022001019312,
            0.1285861645950291,
            -0.017658074361116768,
            -0.1449712918011848,
            0.035039643068246966,
            0.03689903072980205,
            0.023779113389796307,
            -0.0012236910157115571,
            -0.02528155274654326,
            0.0004480992034138718,
            -0.027605791647580674,
            -0.038653572945608505,
            0.006203382133109413,
            -0.019654009050132405,
            -0.0020027142038061066
        ],
        [
            -0.021023302299767697,
            -0.00782884291390509,
            0.004185449660523691,
            0.03391566049365384,
            -0.007743892438777835,
            0.03810125707539012,
            0.003771375419275388,
            0.002644658735781811,
            0.006144050853128818,
            -0.0056328524808880705,
            -0.00814322566726787,
            0.0030820107955501727,
            -0.002816951397906005,
            -0.02694147192227899,
            0.0013931183636883787,
            0.002419855277771534,
            0.0022968142309191266,
            -0.0031910337214846587,
            0.008802811910001866,
            0.0012988517240653111
        ],
        [
            -0.17481914149030736,
            -0.0667797711773189,
            0.03391566049365384,
            0.27558953950662457,
            -0.06278277934445253,
            0.30952041313995304,
            0.03253767302631782,
            0.02198072411772519,
            0.059507753222535695,
            -0.04606442945226038,
            -0.050254156776626625,
            0.03408553077355953,
            -0.022892788080567383,
            -0.21275699394942696,
            0.01120352063122425,
            0.031096906765621938,
            0.029172892824017783,
            -0.024318252115817993,
            0.06640038475923672,
            0.009898398566951653
        ],
        [
            0.03705551668666978,
            0.013373400500333844,
            -0.007743892438777835,
            -0.06278277934445253,
            0.014349583125639321,
            -0.07156637664057958,
            -0.007857340987039257,
            -0.004784691299289383,
            -0.010075259284612132,
            0.010239361983193052,
            0.015263047697978914,
            -0.006618954095952443,
            0.005656842405859511,
            0.049293787286806126,
            -0.002763964307794524,
            -0.007364672724655586,
            -0.005945675999765121,
            0.006163104982316939,
            -0.017238372520566408,
            -0.002512494116107895
        ],
        [
            0.05739597729883497,
            0.10167022001019312,
            0.03810125707539012,
            0.30952041313995304,
            -0.07156637664057958,
            0.5120774140288187,
            0.1714358229800703,
            0.015727535186988755,
            -0.007474669240583341,
            -0.03122679602045979,
            0.04003427352964985,
            0.10087353595085377,
            -0.028081532983079825,
            -0.2935915143287816,
            0.013381483080926605,
            0.03705731768654045,
            0.03113477753113668,
            -0.017386499656469406,
            0.039169540435445155,
            0.007556200530174054
        ],
        [
            0.1758341599533598,
            0.1285861645950291,
            0.003771375419275388,
            0.03253767302631782,
            -0.007857340987039257,
            0.1714358229800703,
            0.11973660666626754,
            -0.0031987601516462708,
            -0.02439883465695079,
            0.010367723477901568,
            0.12014163795554701,
            0.07804687704816507,
            -0.0029012352342791554,
            -0.056949504884156774,
            0.0009195107778011002,
            0.02489134681699932,
            0.023846261358626265,
            0.011001194012863912,
            -0.040074635355085396,
            -0.004087501282229806
        ],
        [
            -0.032548182376365906,
            -0.017658074361116768,
            0.002644658735781811,
            0.02198072411772519,
            -0.004784691299289383,
            0.015727535186988755,
            -0.0031987601516462708,
            0.0029581749461743832,
            0.02156502718839987,
            -0.005354621903667165,
            0.00888831713045185,
            0.004373040233198099,
            0.0006086349392297461,
            -0.013654828163653692,
            -0.000223733517856087,
            -0.003230862152818638,
            0.002325670891494569,
            0.0006430250752578743,
            -0.0035406462480658167,
            -0.0002923945756832985
        ],
        [
            -0.23881936462182254,
            -0.1449712918011848,
            0.006144050853128818,
            0.059507753222535695,
            -0.010075259284612132,
            -0.007474669240583341,
            -0.02439883465695079,
            0.02156502718839987,
            0.27568680218688363,
            -0.029046724818169306,
            0.27627785573323843,
            0.08068215227067328,
            0.034024402267985324,
            -0.003300339810680112,
            -0.015831806426107962,
            -0.06312997993023547,
            0.026795584273774067,
            0.04488419014171613,
            -0.15707045253267507,
            -0.018560138678214863
        ],
        [
            0.06448029449187365,
            0.035039643068246966,
            -0.0056328524808880705,
            -0.04606442945226038,
            0.010239361983193052,
            -0.03122679602045979,
            0.010367723477901568,
            -0.005354621903667165,
            -0.029046724818169306,
            0.010722323104201336,
            0.006998603174310326,
            -0.0005892254141867811,
            0.001363143759967249,
            0.029824997489566678,
            -0.0007902164443995392,
            0.0029257787254220913,
            -0.0026063550411599334,
            0.0027343489841750307,
            -0.006565614348144323,
            -0.0010488529043370897
        ],
        [
            0.05448580183915613,
            0.03689903072980205,
            -0.00814322566726787,
            -0.050254156776626625,
            0.015263047697978914,
            0.04003427352964985,
            0.12014163795554701,
            0.00888831713045185,
            0.27627785573323843,
            0.006998603174310326,
            0.5559090370422808,
            0.2059241820754668,
            0.048025470803559456,
            0.06473935103557026,
            -0.023635924501042266,
            -0.018564649376302023,
            0.07994058882695984,
            0.08512864518610902,
            -0.2873929568622945,
            -0.03445571239799765
        ],
        [
            0.033136262357000824,
            0.023779113389796307,
            0.0030820107955501727,
