{
    "opt_E": -2.1822978309604433,
    "HF_E": -2.150578612547816,
    "B3LYP_E": -2.152944663243406,
    "sto-3G_E": -2.132557781396001,
    "proj": [
        [
            0.5481752620170464,
            0.34991427287126015,
            0.005557257400235069,
            -0.18330726902061742,
            -0.0073435821891256305,
            0.03266399978721873,
            0.17312452293390182,
            0.002957420286310067,
            -0.22765247157520635,
            -0.023257068850409318,
            0.05352522252682614,
            0.029238700513944144,
            -0.00031202063661462737,
            0.0488719255477804,
            0.003454981469380156,
            -0.0025437293037946875,
            -0.0344347139640561,
            -0.004101051815851869,
            -0.02559312012696173,
            -0.012412088405211893
        ],
        [
            0.34991427287126015,
            0.23573045984932783,
            0.0023351968140806006,
            -0.06996457019704436,
            -0.001999307319437464,
            0.09496583256075361,
            0.13195967449596904,
            0.002418436862571983,
            -0.14576909696250673,
            -0.012419161399523166,
            0.033514722994763727,
            0.02244549602407674,
            0.0019028017138309006,
            -0.022698916143611397,
            0.003497359958219992,
            -0.029678756965687638,
            -0.03992989529359783,
            -0.002151127235051166,
            -0.0170752738867126,
            -0.006855205725167161
        ],
        [
            0.005557257400235069,
            0.0023351968140806006,
            0.00019309339116784746,
            -0.007233151403158854,
            -0.0003866153245166672,
            -0.007931292307529985,
            -0.0005360819289029526,
            -9.654949339123847e-05,
            -0.0012750249480981376,
            -0.0006007690333903335,
            0.001854681132507945,
            -0.0005928715828500823,
            -0.0004516713659779802,
            0.005594170784339874,
            -0.000730505598586945,
            -0.00012395343778294254,
            -0.00021574058842855313,
            -0.00024328269402079577,
            -0.0016037687359583032,
            -0.0007391116511804908
        ],
        [
            -0.18330726902061742,
            -0.06996457019704436,
            -0.007233151403158854,
            0.2738713892965385,
            0.014881430437273047,
            0.31884677470607936,
            0.03755726875026486,
            0.0033968538865064833,
            0.0438790252093985,
            0.021190376994256434,
            -0.05071322466965801,
            0.038138633097733944,
            0.018092035259553794,
            -0.2102434525177608,
            0.030399870391274966,
            0.023973022347260432,
            0.022059107219746774,
            0.008764323030240486,
            0.057544317885696555,
            0.0265722547074541
        ],
        [
            -0.0073435821891256305,
            -0.001999307319437464,
            -0.0003866153245166672,
            0.014881430437273047,
            0.0008294911540876553,
            0.018996908029940814,
            0.0035252228211539237,
            0.00018530827867041844,
            0.0015985424484531452,
            0.0010425056720634136,
            -0.0016220700737930504,
            0.0031560387678008913,
            0.0010811117694543607,
            -0.011492015787670463,
            0.0019043628364926793,
            0.002655714948375879,
            0.0020782706196750744,
            0.00046206714095471934,
            0.0030473568032258784,
            0.0013998502562093096
        ],
        [
            0.03266399978721873,
            0.09496583256075361,
            -0.007931292307529985,
            0.31884677470607936,
            0.018996908029940814,
            0.5274218150328958,
            0.177382936319327,
            0.0036322408498646336,
            -0.01572809839926639,
            0.01431569592112468,
            0.03951465110118149,
            0.10847172497667597,
            0.02450025705350957,
            -0.29391211945641543,
            0.04087812471840022,
            0.0319594068781302,
            0.027310219421862365,
            0.006325045248478569,
            0.03202070272743574,
            0.018155133917325376
        ],
        [
            0.17312452293390182,
            0.13195967449596904,
            -0.0005360819289029526,
            0.03755726875026486,
            0.0035252228211539237,
            0.177382936319327,
            0.12429522506596016,
            -0.0015623534308237283,
            -0.022789532234934923,
            -0.00821891029215759,
            0.12171162727053844,
            0.08122592704892687,
            0.004401612611811609,
            -0.058785108743501804,
            0.00723204419218765,
            0.02597979250659435,
            0.025618851968059714,
            -0.004166667496567388,
            -0.038776242064241115,
            -0.01386262112240148
        ],
        [
            0.002957420286310067,
            0.002418436862571983,
            -9.654949339123847e-05,
            0.0033968538865064833,
            0.00018530827867041844,
            0.0036322408498646336,
            -0.0015623534308237283,
            0.0009276775909454047,
            -0.013669741407418567,
            0.0013924728344101673,
            -0.02135300180002656,
            -0.005810390907545034,
            0.001328175877073808,
            -0.003683927812888122,
            0.0031123200489135113,
            0.004306799181711875,
            -0.0011923733725511525,
            0.0013792545077082365,
            0.011821778837403752,
            0.004454695577024922
        ],
        [
            -0.22765247157520635,
            -0.14576909696250673,
            -0.0012750249480981376,
            0.0438790252093985,
            0.0015985424484531452,
            -0.01572809839926639,
            -0.022789532234934923,
            -0.013669741407418567,
            0.2683825983492182,
            -0.010148043923958903,
            0.28237244828851865,
            0.07805331190849443,
            -0.016643792784343844,
            0.00597849174208841,
            -0.04220071694454975,
            -0.06432637623141965,
            0.025704555002125356,
            -0.017435180740090903,
            -0.15505165415011732,
            -0.056825926045409765
        ],
        [
            -0.023257068850409318,
            -0.012419161399523166,
            -0.0006007690333903335,
            0.021190376994256434,
            0.0010425056720634136,
            0.01431569592112468,
            -0.00821891029215759,
            0.0013924728344101673,
            -0.010148043923958903,
            0.003717784611130403,
            -0.036356768269069625,
            -0.00948339440180999,
            0.002499953446537371,
            -0.015009375846698092,
            0.005223861375407003,
            0.005157937813469242,
            -0.0012165387032826102,
            0.002492307947521127,
            0.020317963467928815,
            0.00795360815220546
        ],
        [
            0.05352522252682614,
            0.033514722994763727,
            0.001854681132507945,
            -0.05071322466965801,
            -0.0016220700737930504,
            0.03951465110118149,
            0.12171162727053844,
            -0.02135300180002656,
            0.28237244828851865,
            -0.036356768269069625,
            0.5578771876596595,
            0.20133580434331072,
            -0.02362196404194277,
            0.06272075272082261,
            -0.05513968732301807,
            -0.018520980398277365,
            0.08239701857788008,
            -0.03208118697854292,
            -0.2742570247929775,
            -0.10368343843468834
        ],
        [
            0.029238700513944144,
            0.02244549602407674,
