{
    "opt_E": -2.1913669939727156,
    "HF_E": -2.1609828719499924,
    "B3LYP_E": -2.1626497597323397,
    "sto-3G_E": -2.145458812608353,
    "proj": [
        [
            0.5636096949545996,
            0.35026389024453175,
            -0.005870943326384161,
            -0.16594847024336748,
            0.0670514907823912,
            0.012325549346238335,
            0.1698858717324664,
            -0.012231573943203733,
            -0.20804075592790625,
            0.11830606767118287,
            0.029337499232383595,
            0.03252138507055651,
            -0.0023085227732414647,
            0.03873066618626911,
            0.007006825779682397,
            -0.0035573303789551048,
            -0.029868345375072193,
            0.0001731529216949497,
            -0.01840304113183287,
            0.006590423188970876
        ],
        [
            0.35026389024453175,
            0.234805686134885,
            -0.001640480383626397,
            -0.055707070254183914,
            0.02010747346922754,
            0.09867554825580813,
            0.13691142719556468,
            -0.005726225062165111,
            -0.12663064394539886,
            0.06092781780179563,
            0.02624788791660702,
            0.029373971343933943,
            0.0011946699032764356,
            -0.03410561872757999,
            -0.0019405950344245724,
            -0.03042458867170219,
            -0.033885947807945085,
            0.00029489049478245336,
            -0.019912477401790588,
            0.004931271941420045
        ],
        [
            -0.005870943326384161,
            -0.001640480383626397,
            0.00037978824032847467,
            0.008702801221743758,
            -0.004014187754503777,
            0.012743340738263336,
            0.0021535353509622218,
            0.0005324126164565236,
            -0.00018459690564933597,
            -0.0035200649808026048,
            -0.0034830882910660468,
            0.0012775221177265884,
            0.0003736536404817044,
            -0.0059432605411253205,
            -0.002038847357069827,
            0.0012132628004642633,
            0.000786356328472935,
            -7.37911407451918e-05,
            0.0038054368990465444,
            -0.0009662125647930517
        ],
        [
            -0.16594847024336748,
            -0.055707070254183914,
            0.008702801221743758,
            0.20564306797118334,
            -0.09312974428541174,
            0.2910854412004857,
            0.046627694851457666,
            0.011424750718034516,
            0.03254534444827466,
            -0.08149723501667472,
            -0.03449243963690619,
            0.03784192431955258,
            0.008548792233249366,
            -0.14496134982710823,
            -0.04114542284775876,
            0.017877841271331987,
            0.019582321291273987,
            -0.0010273502989627012,
            0.05383720486991868,
            -0.014912798673081415
        ],
        [
            0.0670514907823912,
            0.02010747346922754,
            -0.004014187754503777,
            -0.09312974428541174,
            0.04264111589165891,
            -0.1350436608002634,
            -0.02276157778817088,
            -0.005462630344575255,
            -0.004774900171909308,
            0.037198666444660154,
            0.027864396591188497,
            -0.015440267088583315,
            -0.003952734993045402,
            0.06453622953782001,
            0.020544345061766153,
            -0.011214450826420145,
            -0.008777006601071152,
            0.0006532901143592545,
            -0.03381769295152132,
            0.008820783523890159
        ],
        [
            0.012325549346238335,
            0.09867554825580813,
            0.012743340738263336,
            0.2910854412004857,
            -0.1350436608002634,
            0.5616768356347636,
            0.19764455331601366,
            0.012694200291981808,
            -0.026978306202149492,
            -0.07844304945475315,
            0.015154007971250681,
            0.11104569199917597,
            0.014596031072908,
            -0.2532142867728879,
            -0.06866670379772788,
            0.037670942137639156,
            0.03184038223336479,
            -0.0011108684767165645,
            0.05276126160473061,
            -0.01572561686510638
        ],
        [
            0.1698858717324664,
            0.13691142719556468,
            0.0021535353509622218,
            0.046627694851457666,
            -0.02276157778817088,
            0.19764455331601366,
            0.13147090745739926,
            -0.001726747288962484,
            -0.02970666897920727,
            0.018022874725692896,
            0.09730314201775772,
            0.0786041739978435,
            0.003791748991362949,
            -0.06832437057071075,
            -0.016164996404124197,
            0.03435186189579628,
            0.02713725005726239,
            0.0005130359364578397,
            -0.03247080335808196,
            0.00695057798295372
        ],
        [
            -0.012231573943203733,
            -0.005726225062165111,
            0.0005324126164565236,
            0.011424750718034516,
            -0.005462630344575255,
            0.012694200291981808,
            -0.001726747288962484,
            0.0010676786816813542,
            -0.004418629313114146,
            -0.00646662576830676,
            -0.01678482639311412,
            -0.003098183920457728,
            0.0004707201734562599,
            -0.006421331865139451,
            -0.003292602043997195,
            0.0002494784204555546,
            -0.0012097765185713069,
            -0.00022882510644318572,
            0.012028274033758396,
            -0.0028530809045442737
        ],
        [
            -0.20804075592790625,
            -0.12663064394539886,
            -0.00018459690564933597,
            0.03254534444827466,
            -0.004774900171909308,
            -0.026978306202149492,
            -0.02970666897920727,
            -0.004418629313114146,
            0.2212812862263579,
            -0.006903886141976647,
            0.2624586525471976,
            0.054134425537486666,
            -0.0007899206227492668,
            -0.027562023029521307,
            0.030731746413716544,
            -0.026820063639121178,
            0.02929367468272566,
            0.0036238092119388484,
            -0.18310665284430194,
            0.04002053248234758
        ],
        [
            0.11830606767118287,
            0.06092781780179563,
            -0.0035200649808026048,
            -0.08149723501667472,
            0.037198666444660154,
            -0.07844304945475315,
            0.018022874725692896,
            -0.00646662576830676,
            -0.006903886141976647,
            0.04476867859204264,
            0.07081951909832057,
            0.012606274791998006,
            -0.0029787060694955467,
            0.04639895935568798,
            0.016982148369408367,
            0.0022732850012764892,
            0.0031065656614607928,
            0.00095568529614556,
            -0.05145725690328827,
            0.012741207878612116
        ],
        [
            0.029337499232383595,
            0.02624788791660702,
            -0.0034830882910660468,
            -0.03449243963690619,
            0.027864396591188497,
            0.015154007971250681,
            0.09730314201775772,
            -0.01678482639311412,
            0.2624586525471976,
            0.07081951909832057,
            0.5434288198296914,
            0.17484391019402276,
            -0.002668411840250602,
            -0.0009302422578370622,
            0.04623427767534533,
            0.050340383118631066,
            0.10149030801493365,
            0.0062986817167220415,
            -0.3309114932467275,
            0.07492846031945093
        ],
        [
            0.03252138507055651,
            0.029373971343933943,
            0.0012775221177265884,
