{
    "opt_E": -2.1907838120316834,
    "HF_E": -2.158725165947254,
    "B3LYP_E": -2.161683290941665,
    "sto-3G_E": -2.1426992538490963,
    "proj": [
        [
            0.6078801261676443,
            0.3851291164693411,
            0.04134433056896278,
            -0.1370816400938469,
            -0.05689217021981693,
            -0.05460308189592093,
            0.14541175664480627,
            0.06741731291005672,
            -0.1465381630494875,
            -0.09907552590301548,
            0.025509530372252058,
            0.020656457663941016,
            0.0022102672964431887,
            0.06398500844143111,
            -0.007627543311946189,
            -0.0057700549488521515,
            -0.01956991156539723,
            -0.002336831308038706,
            -0.02559683894610394,
            0.005284439624401218
        ],
        [
            0.3851291164693411,
            0.2700838615089421,
            0.011107349195278931,
            -0.041181392212223666,
            -0.014833605471133125,
            0.08291734530780116,
            0.14204935584878875,
            0.036075143760177154,
            -0.11048394359961147,
            -0.05060465163307284,
            0.014629970908695335,
            0.025400049298641723,
            0.000743505287615721,
            -0.02754367763779117,
            0.0016215020999838143,
            -0.028813041003779318,
            -0.03145819882114953,
            -0.0007319084275904341,
            -0.014401327692493356,
            0.0019453136241627039
        ],
        [
            0.04134433056896278,
            0.011107349195278931,
            0.013045350274660446,
            -0.03949592634576042,
            -0.018318713126369058,
            -0.07874519841393374,
            -0.020175813011432186,
            0.008813399573426016,
            0.011197482094697613,
            -0.015223338015290787,
            0.016049322717803818,
            -0.009005915006899269,
            -0.0018929165209189069,
            0.03518817044792884,
            -0.0002976228860602897,
            -0.009879072024230174,
            -0.0022604390978239537,
            -0.0027393348311153865,
            -0.01960260847930218,
            0.005405669649195889
        ],
        [
            -0.1370816400938469,
            -0.041181392212223666,
            -0.03949592634576042,
            0.1205962240285598,
            0.05538245531220543,
            0.23838516543336677,
            0.060516042257419515,
            -0.02768712608900356,
            -0.01957433159013904,
            0.04659962490659802,
            -0.02972283544309893,
            0.03152489699828747,
            0.0043211084007110006,
            -0.11053435910490605,
            0.003183264948042873,
            0.024374368430255446,
            0.007182608515288888,
            0.006582838673174447,
            0.04630182976892886,
            -0.013061527852078439
        ],
        [
            -0.05689217021981693,
            -0.014833605471133125,
            -0.018318713126369058,
            0.05538245531220543,
            0.025730090327643423,
            0.11072259442831418,
            0.028530310462164393,
            -0.012276577271787497,
            -0.0168335354821782,
            0.02130118244021255,
            -0.023811218224009837,
            0.012444636235512726,
            0.0027696606258157752,
            -0.04910184372964701,
            0.00023932164484453445,
            0.01442322012574849,
            0.003240182276210096,
            0.003972036357721132,
            0.028477787764118648,
            -0.00783327208121439
        ],
        [
            -0.05460308189592093,
            0.08291734530780116,
            -0.07874519841393374,
            0.23838516543336677,
            0.11072259442831418,
            0.5881894221106986,
            0.23984613355040485,
            -0.03696341138413637,
            -0.07489728320221337,
            0.06549693141453991,
            0.0210990417337216,
            0.11814296869878689,
            0.0076450229450272566,
            -0.25870604350421805,
            0.011403317757743956,
            0.05475246749097618,
            0.020339733504105943,
            0.00898904217837765,
            0.054348368463772084,
            -0.0178837673815759
        ],
        [
            0.14541175664480627,
            0.14204935584878875,
            -0.020175813011432186,
            0.060516042257419515,
            0.028530310462164393,
            0.23984613355040485,
            0.15546359938480334,
            0.003999209930405899,
            -0.03131752698194085,
            -0.004664456049690744,
            0.09314884809826283,
            0.08410767212126824,
            0.000591301391837433,
            -0.093420740148379,
            0.007586066982991916,
            0.02875382041459398,
            0.0205584520189,
            -0.00245337324662536,
            -0.02703031751727298,
            0.0046797721375449325
        ],
        [
            0.06741731291005672,
            0.036075143760177154,
            0.008813399573426016,
            -0.02768712608900356,
            -0.012276577271787497,
            -0.03696341138413637,
            0.003999209930405899,
            0.009298792501288018,
            -0.00724915317078578,
            -0.014654637476104609,
            0.01035758849421231,
            0.00024688456096814374,
            -0.00023410653920477944,
            0.022762963934652394,
            -0.001462477530408885,
            0.0017333514995163703,
            0.0015096000082222023,
            -0.001186902314579524,
            -0.009011539292428426,
            0.0023800724499190937
        ],
        [
            -0.1465381630494875,
            -0.11048394359961147,
            0.011197482094697613,
            -0.01957433159013904,
            -0.0168335354821782,
            -0.07489728320221337,
            -0.03131752698194085,
            -0.00724915317078578,
            0.21504249741170464,
            -0.005166467406581059,
            0.284477548405553,
            0.0639075141503405,
            -0.018845800161207127,
            -0.0032091240012338414,
            0.02657794730933982,
            -0.04327124808167437,
            0.03042270333331625,
            -0.02514584457744337,
            -0.18918710319363477,
            0.04849779812725452
        ],
        [
            -0.09907552590301548,
            -0.05060465163307284,
            -0.015223338015290787,
            0.04659962490659802,
            0.02130118244021255,
            0.06549693141453991,
            -0.004664456049690744,
            -0.014654637476104609,
            -0.005166467406581059,
            0.024415979667994483,
            -0.04019977169529662,
            -0.0062816109456011494,
            0.001793785675580482,
            -0.03728449332663727,
            0.00041439401161489324,
            -0.0009224407073559884,
            -0.0058728766133542085,
            0.003913065228590845,
            0.029566613698197595,
            -0.007690006225990377
        ],
        [
            0.025509530372252058,
            0.014629970908695335,
            0.016049322717803818,
            -0.02972283544309893,
            -0.023811218224009837,
            0.0210990417337216,
            0.09314884809826283,
            0.01035758849421231,
            0.284477548405553,
            -0.04019977169529662,
            0.5390578858929924,
            0.1912320872248375,
            -0.02392982341489995,
            -0.007756807699529449,
            0.035285962086776416,
            0.03363153692461591,
            0.11117183839313834,
            -0.04016322222439982,
            -0.3075724623345356,
            0.07731284818029956
        ],
        [
            0.020656457663941016,
            0.025400049298641723,
            -0.009005915006899269,
            0.03152489699828747,
