{
    "opt_E": -2.198314202048101,
    "HF_E": -2.168073403559026,
    "B3LYP_E": -2.170193521655709,
    "sto-3G_E": -2.158787456345979,
    "proj": [
        [
            0.5696120463870858,
            0.34420497264074573,
            0.020602528306878216,
            -0.15716521059419647,
            0.08121640661513103,
            0.008214276948892669,
            0.16818170910273827,
            0.03434076762694255,
            -0.2053590334716109,
            0.13575926421889747,
            0.03482968686145683,
            0.026157445366377343,
            8.670048954892445e-05,
            0.03806274668394741,
            -0.0001191331094913091,
            -0.0023023276009811805,
            -0.021961927938361797,
            -0.0026680639214935317,
            -0.029415739249641252,
            -0.010710855007101136
        ],
        [
            0.34420497264074573,
            0.2282365318185966,
            0.005283539427646941,
            -0.044128219609477846,
            0.020768458084640964,
            0.10811585418011799,
            0.13842620194520397,
            0.016888535704833077,
            -0.12613561056658776,
            0.06696771218803793,
            0.018806128284985176,
            0.025596367488268074,
            0.00017043961202889288,
            -0.03545088920726533,
            0.0008184117638544542,
            -0.022751209487901696,
            -0.0261701454943993,
            -0.0009784414874053136,
            -0.015656900443905126,
            -0.0038949041100335697
        ],
        [
            0.020602528306878216,
            0.005283539427646941,
            0.003617020356543703,
            -0.025795443045767735,
            0.014269530511551007,
            -0.039274107535317175,
            -0.0072612655624629,
            0.002721845732319334,
            -0.0024275285407031884,
            0.010647852688595388,
            0.008674040115341073,
            -0.00405462126666794,
            -0.000876732343169168,
            0.01796362508457381,
            -0.003615668694874287,
            -0.0034869882655374344,
            -0.0018149438260476236,
            -0.001094177802772644,
            -0.009855958990008011,
            -0.004320976429649354
        ],
        [
            -0.15716521059419647,
            -0.044128219609477846,
            -0.025795443045767735,
            0.18479499118796336,
            -0.10178287582731861,
            0.27845833368040346,
            0.050989908245441404,
            -0.019855765014331707,
            0.03029133740735944,
            -0.07777182003279022,
            -0.04382844934369313,
            0.03401702732235968,
            0.0055215990951981,
            -0.12931653304538512,
            0.02289555184578272,
            0.024238198532625755,
            0.01579928818199766,
            0.00672950634229707,
            0.05938126666185341,
            0.026628436532281335
        ],
        [
            0.08121640661513103,
            0.020768458084640964,
            0.014269530511551007,
            -0.10178287582731861,
            0.05629548275431613,
            -0.1550876476786546,
            -0.028791605787804812,
            0.010736992203031643,
            -0.00982427034105302,
            0.042004971896862905,
            0.03369743360580185,
            -0.016127007405892898,
            -0.0034304638356513857,
            0.07106048341057841,
            -0.014153070147909749,
            -0.013540555192798925,
            -0.007108138401353452,
            -0.004280977296501617,
            -0.03850726275776022,
            -0.016907602779468223
        ],
        [
            0.008214276948892669,
            0.10811585418011799,
            -0.039274107535317175,
            0.27845833368040346,
            -0.1550876476786546,
            0.5673292694542786,
            0.2099245859001292,
            -0.020042715011263444,
            -0.019395594418118844,
            -0.07807037280260493,
            0.004461816044183738,
            0.104386465986774,
            0.008044114271055853,
            -0.2477005573428909,
            0.03369819766768122,
            0.03786436350322691,
            0.02471229896935848,
            0.007512546121530459,
            0.05629505543248871,
            0.029884801966618652
        ],
        [
            0.16818170910273827,
            0.13842620194520397,
            -0.0072612655624629,
            0.050989908245441404,
            -0.028791605787804812,
            0.2099245859001292,
            0.13814078997301263,
            0.0032228891123807957,
            -0.027328076772199828,
            0.012850452220150028,
            0.09429796968287431,
            0.07696858308302802,
            0.000786401835301284,
            -0.07594802337170202,
            0.003602102753071396,
            0.029163799489129925,
            0.024981354858605573,
            -0.0023023049821615203,
            -0.03134004307919429,
            -0.008866882024321076
        ],
        [
            0.03434076762694255,
            0.016888535704833077,
            0.002721845732319334,
            -0.019855765014331707,
            0.010736992203031643,
            -0.020042715011263444,
            0.0032228891123807957,
            0.002847235448903151,
            -0.010148920914360255,
            0.01120073537974563,
            0.005685895783757638,
            -0.000306991555203883,
            -0.00030048145687229516,
            0.012225695799346039,
            -0.0012921406812621582,
            0.0008457927589384205,
            -0.00023902381606170038,
            -0.0005747123836873313,
            -0.005211570719232818,
            -0.0022816465736495567
        ],
        [
            -0.2053590334716109,
            -0.12613561056658776,
            -0.0024275285407031884,
            0.03029133740735944,
            -0.00982427034105302,
            -0.019395594418118844,
            -0.027328076772199828,
            -0.010148920914360255,
            0.20810455486920917,
            -0.04123607436109707,
            0.2542573554894587,
            0.06640025800640245,
            -0.011228560655704706,
            -0.03101798902714657,
            -0.04428864666647941,
            -0.024702825475965973,
            0.033540834625477696,
            -0.01553818249115258,
            -0.15817372699640989,
            -0.06055629540108708
        ],
        [
            0.13575926421889747,
            0.06696771218803793,
            0.010647852688595388,
            -0.07777182003279022,
            0.042004971896862905,
            -0.07807037280260493,
            0.012850452220150028,
            0.01120073537974563,
            -0.04123607436109707,
            0.04407261915898777,
            0.020332842279383707,
            -0.0016261275759045606,
            -0.0010811520493478684,
            0.04803620318565073,
            -0.004682342392923312,
            0.0036532157526275874,
            -0.0010852699641812915,
            -0.0021240486807603603,
            -0.019125961044960678,
            -0.008441361222299775
        ],
        [
            0.03482968686145683,
            0.018806128284985176,
            0.008674040115341073,
            -0.04382844934369313,
            0.03369743360580185,
            0.004461816044183738,
            0.09429796968287431,
            0.005685895783757638,
            0.2542573554894587,
            0.020332842279383707,
            0.5514840056375027,
            0.1917388995180051,
            -0.017676444427106634,
            -0.005113596626522584,
            -0.07017064650874005,
            0.04372015915726595,
            0.10953144615744588,
            -0.030588416551439002,
            -0.312278949655305,
            -0.11940537939318602
        ],
        [
            0.026157445366377343,
            0.025596367488268074,
            -0.00405462126666794,
