{
    "opt_E": -2.2150481455953654,
    "HF_E": -2.1848786334868735,
    "B3LYP_E": -2.1864471774013485,
    "sto-3G_E": -2.1791418321395795,
    "proj": [
        [
            0.5320389303603031,
            0.327990285681824,
            -0.013378885179670088,
            -0.17801590409120469,
            -0.002522132082010297,
            0.05331123278674319,
            0.18296717762575432,
            -0.028692069472161377,
            -0.2624101753937033,
            -0.009517664503858207,
            0.03258528152496082,
            0.029413120432670137,
            0.0005326401455452882,
            0.018714853648797814,
            0.0011161071643070405,
            -0.0030043318294958894,
            -0.026180536017398802,
            -0.007433663235854458,
            -0.018013779903791993,
            -0.008715249772278834
        ],
        [
            0.327990285681824,
            0.21578935324130075,
            -0.0035073429819919948,
            -0.0567097797640361,
            -0.00034549381140003846,
            0.11535737574004465,
            0.13842519612464035,
            -0.013813424903225116,
            -0.14677227680029303,
            -0.004304715915675916,
            0.02482987457652727,
            0.02639114374268102,
            0.00477208858317344,
            -0.033453958870141326,
            0.0034150354686561545,
            -0.025669211615189542,
            -0.02735466668171536,
            -0.0044179470516923875,
            -0.016584803701897653,
            -0.005438865470412684
        ],
        [
            -0.013378885179670088,
            -0.0035073429819919948,
            0.0024618509746592676,
            0.027055437262921003,
            0.0006678066400772515,
            0.03245559731532427,
            0.004626198063118893,
            0.0033184420808079276,
            0.007701871655233987,
            0.001749770747863295,
            -0.009297808100636597,
            0.0029542229315358756,
            0.004271346298579477,
            -0.012392125062200502,
            0.004206692747302772,
            0.0035573262610899097,
            0.002298811643663519,
            0.002486019741270496,
            0.008065826445106589,
            0.0031674044489843115
        ],
        [
            -0.17801590409120469,
            -0.0567097797640361,
            0.027055437262921003,
            0.301930307455715,
            0.007144860760706202,
            0.3485170757928363,
            0.04298286711181808,
            0.03497531449986579,
            0.11312943618944597,
            0.017223371472683307,
            -0.07296786009095596,
            0.033619111399944036,
            0.04088375445869835,
            -0.14766074097154547,
            0.038794007276807756,
            0.015465651927720113,
            0.01748604574189852,
            0.021996020446273114,
            0.06496352007473294,
            0.02767830153608899
        ],
        [
            -0.002522132082010297,
            -0.00034549381140003846,
            0.0006678066400772515,
            0.007144860760706202,
            0.00019026834339101625,
            0.009055498806856995,
            0.001565796984049797,
            0.0009501162553304236,
            0.0010422837745267888,
            0.0005477439048028995,
            -0.003481150175999183,
            0.0010119553293734904,
            0.001452590833218119,
            -0.0025955727343663776,
            0.0015107940440131353,
            0.00258776830407692,
            0.0013826004934882159,
            0.0009044841274165977,
            0.0032326642998497064,
            0.0011685161060029764
        ],
        [
            0.05331123278674319,
            0.11535737574004465,
            0.03245559731532427,
            0.3485170757928363,
            0.009055498806856995,
            0.5672590493543282,
            0.18987129984490878,
            0.030005943027920767,
            0.039747060239106125,
            0.015725480424285822,
            -0.0224133220664016,
            0.09355915929840537,
            0.056693264884757025,
            -0.21931136442101165,
            0.052618172833400444,
            0.021942969536846105,
            0.022320008127043666,
            0.020192156411692436,
            0.05086925404121259,
            0.025252224763139597
        ],
        [
            0.18296717762575432,
            0.13842519612464035,
            0.004626198063118893,
            0.04298286711181808,
            0.001565796984049797,
            0.18987129984490878,
            0.13293345718348704,
            -0.008283865201648762,
            -0.03292732565703986,
            -0.0048679166636576175,
            0.10287036307446683,
            0.07919389823629952,
            0.011165395830737368,
            -0.05652601585914417,
            0.0092051857397428,
            0.030079934265762238,
            0.029727777843954646,
            -0.007408737310052007,
            -0.03642225729435523,
            -0.009799030310362137
        ],
        [
            -0.028692069472161377,
            -0.013813424903225116,
            0.0033184420808079276,
            0.03497531449986579,
            0.0009501162553304236,
            0.030005943027920767,
            -0.008283865201648762,
            0.007892878142119563,
            -0.0019766556097021693,
            0.005052817629201938,
            -0.05394266002116085,
            -0.013065802374473601,
            0.00817289749551169,
            -0.009787856585903752,
            0.008876538674175016,
            0.0037285449387157747,
            -0.0041654165289813595,
            0.008331537725121236,
            0.0322893768107122,
            0.010850911197577152
        ],
        [
            -0.2624101753937033,
            -0.14677227680029303,
            0.007701871655233987,
            0.11312943618944597,
            0.0010422837745267888,
            0.039747060239106125,
            -0.03292732565703986,
            -0.0019766556097021693,
            0.2283632670575394,
            -0.009550897759254768,
            0.2082003419824759,
            0.06526098934753105,
            -0.017905867276541084,
            -0.06313332146510538,
            -0.023799529100330227,
            -0.02691624820994255,
            0.03485930274344188,
            -0.02533657126162374,
            -0.1181648902891199,
            -0.03421510485873875
        ],
        [
            -0.009517664503858207,
            -0.004304715915675916,
            0.001749770747863295,
            0.017223371472683307,
            0.0005477439048028995,
            0.015725480424285822,
            -0.0048679166636576175,
            0.005052817629201938,
            -0.009550897759254768,
            0.003548376657366146,
            -0.041970248104682965,
            -0.010559303089414041,
            0.005871939986306834,
            -0.0024664458468115413,
            0.006609600803079232,
            0.00500488627168511,
            -0.002943018921038147,
            0.006294566340917227,
            0.025303511436621812,
            0.008250756836589466
        ],
        [
            0.03258528152496082,
            0.02482987457652727,
            -0.009297808100636597,
            -0.07296786009095596,
            -0.003481150175999183,
            -0.0224133220664016,
            0.10287036307446683,
            -0.05394266002116085,
            0.2082003419824759,
            -0.041970248104682965,
            0.5886769948165899,
            0.2063687142744944,
            -0.05325848492103214,
            -0.014544293962983559,
            -0.06253525747284584,
            0.023029819069030878,
            0.10885671272694189,
            -0.0755120400573811,
            -0.3137129648961187,
            -0.09943375394967455
        ],
        [
            0.029413120432670137,
            0.02639114374268102,
            0.0029542229315358756,
