{
    "opt_E": -2.2021361301830957,
    "HF_E": -2.17342997299986,
    "B3LYP_E": -2.1750287277387867,
    "sto-3G_E": -2.168796255777658,
    "proj": [
        [
            0.5357989053897579,
            0.32613174581394344,
            -0.02334673580518564,
            -0.1758591411695313,
            -0.02894569720880896,
            0.04902054594540112,
            0.18187385383800753,
            -0.04011518995928159,
            -0.2572442172479864,
            -0.04808760323051593,
            0.04063452045524631,
            0.026503758116904363,
            0.0013696290274920978,
            0.023813249878574878,
            -0.00011751702831015818,
            0.004935763884110488,
            -0.025556734614254565,
            -0.00252691760332112,
            -0.028844034836844046,
            0.00560086086349756
        ],
        [
            0.32613174581394344,
            0.21372435504721066,
            -0.006742032030180627,
            -0.05389459867431171,
            -0.008609736214453165,
            0.11461059780465647,
            0.1372597508986899,
            -0.020513286452927555,
            -0.14402493220739843,
            -0.024177916224956717,
            0.028442840117970762,
            0.024390748520885498,
            -0.0001630854701116856,
            -0.03905519058623479,
            0.0002082642260462928,
            -0.024590271189217014,
            -0.029285952845015263,
            -0.001655379762012871,
            -0.02296035171469442,
            0.003768953149457134
        ],
        [
            -0.02334673580518564,
            -0.006742032030180627,
            0.005769218703386325,
            0.0409052812577397,
            0.006919880278857275,
            0.048464212970836154,
            0.005967136738055637,
            0.004016609852274772,
            0.011040113988594188,
            0.004988609430984422,
            -0.012247332861897992,
            0.006557214866255881,
            2.463703342863379e-06,
            -0.020348361583913552,
            -0.002980364237968445,
            0.004289914847863629,
            0.003850307586805774,
            0.0008030051900028898,
            0.014788961143145153,
            -0.002910973183680138
        ],
        [
            -0.1758591411695313,
            -0.05389459867431171,
            0.0409052812577397,
            0.2905531175069335,
            0.04910711568508847,
            0.3399127311336003,
            0.039740183544599295,
            0.029115883115604774,
            0.08843872792263223,
            0.03619740789081895,
            -0.07686201056899901,
            0.04659127060597275,
            -0.00026662894580816674,
            -0.14813991796390535,
            -0.01954032255253088,
            0.023858745527295184,
            0.025277304975520096,
            0.005276568931463662,
            0.0954677858491854,
            -0.01899675641425591
        ],
        [
            -0.02894569720880896,
            -0.008609736214453165,
            0.006919880278857275,
            0.04910711568508847,
            0.008307349586364702,
            0.05766538215875571,
            0.006695896325757358,
            0.004881418547285593,
            0.013797919200975508,
            0.00605550571135052,
            -0.014787519350295606,
            0.007218960419737873,
            -4.173913787754124e-05,
            -0.025184702876754558,
            -0.0033871820330211434,
            0.0034392618629272573,
            0.0036242901508554155,
            0.0009367857422357198,
            0.017092076336556294,
            -0.0033827458026869403
        ],
        [
            0.04902054594540112,
            0.11461059780465647,
            0.048464212970836154,
            0.3399127311336003,
            0.05766538215875571,
            0.5601960180987587,
            0.18557404903156424,
            0.020879158185130677,
            0.01922322220936603,
            0.02767720841235239,
            -0.016120453084823645,
            0.11029048428542036,
            -0.0004383875943700278,
            -0.22802346775319776,
            -0.024044630894183298,
            0.03580380599365115,
            0.032157547409194194,
            0.0041438465534038614,
            0.0774901820338081,
            -0.016704786043018865
        ],
        [
            0.18187385383800753,
            0.1372597508986899,
            0.005967136738055637,
            0.039740183544599295,
            0.006695896325757358,
            0.18557404903156424,
            0.1302014248463643,
            -0.006708005978194353,
            -0.03145877054159163,
            -0.006435294330991566,
            0.1052075137866864,
            0.07504708839160416,
            -0.00018295711298502667,
            -0.06379103734408617,
            -0.0016182953862944921,
            0.029030645363007146,
            0.02510213928801476,
            -0.00229815173197005,
            -0.04310495408531269,
            0.006950547369911575
        ],
        [
            -0.04011518995928159,
            -0.020513286452927555,
            0.004016609852274772,
            0.029115883115604774,
            0.004881418547285593,
            0.020879158185130677,
            -0.006708005978194353,
            0.004121042996842668,
            0.020095006767354043,
            0.005028770981565556,
            -0.006888162296785381,
            0.0009042439460329398,
            -0.00018510672815914115,
            -0.013399632669580533,
            -0.0009355540142855621,
            -0.002120791292837309,
            0.0010335199941709167,
            0.00041810985207187747,
            0.006335230236975053,
            -0.0013061939127911111
        ],
        [
            -0.2572442172479864,
            -0.14402493220739843,
            0.011040113988594188,
            0.08843872792263223,
            0.013797919200975508,
            0.01922322220936603,
            -0.03145877054159163,
            0.020095006767354043,
            0.2415306986398068,
            0.026246414688391097,
            0.22717125530256244,
            0.06129531607212635,
            -0.0035035912112500087,
            -0.06709672359856698,
            0.01922274513236747,
            -0.019132556803506156,
            0.03695827826217231,
            -0.006580483954408985,
            -0.15157768245549805,
            0.026298030487279758
        ],
        [
            -0.04808760323051593,
            -0.024177916224956717,
            0.004988609430984422,
            0.03619740789081895,
            0.00605550571135052,
            0.02767720841235239,
            -0.006435294330991566,
            0.005028770981565556,
            0.026246414688391097,
            0.0061849900220786605,
            -0.0038203837382918327,
            0.0032785969058730055,
            -0.00023553587604182666,
            -0.01701428819049355,
            -0.0010149932811874163,
            -0.0011658332337353852,
            0.0027492942877647437,
            0.00040080093109364965,
            0.005468433104348635,
            -0.0011987003134682644
        ],
        [
            0.04063452045524631,
            0.028442840117970762,
            -0.012247332861897992,
            -0.07686201056899901,
            -0.014787519350295606,
            -0.016120453084823645,
            0.1052075137866864,
            -0.006888162296785381,
            0.22717125530256244,
            -0.0038203837382918327,
            0.5610397745913448,
            0.1777896116281926,
            -0.003484967875246608,
            -0.019235862799130067,
            0.03717932876911853,
            0.05971289653324942,
            0.10927325955491632,
            -0.01678801265609282,
            -0.34859357503569294,
            0.062137215409520836
        ],
        [
            0.026503758116904363,
            0.024390748520885498,
            0.006557214866255881,
