{
    "opt_E": -2.169719231919744,
    "HF_E": -2.1388003364036443,
    "B3LYP_E": -2.140614252744273,
    "sto-3G_E": -2.1186467796115442,
    "proj": [
        [
            0.5560976247485594,
            0.3617900468848617,
            -0.012050873441104545,
            -0.18210290184587177,
            -0.012076546681245354,
            0.015275822396383292,
            0.16999322100650746,
            -0.0010709983229283636,
            -0.20998318509990913,
            -0.033980762055480715,
            0.04510619799391723,
            0.027650286578161272,
            0.003001805523181911,
            0.055086634696761276,
            -0.0061744448160126145,
            0.0006931619053851,
            -0.03416481714141277,
            0.01161004745109526,
            -0.030705585356692506,
            -0.001594095697338596
        ],
        [
            0.3617900468848617,
            0.249465341950364,
            -0.00549467741954966,
            -0.07303521448359099,
            -0.004073394104543511,
            0.08588687236362669,
            0.1351651829213421,
            -0.0020870348942288544,
            -0.13639156673109237,
            -0.017134307897455375,
            0.03659939858855892,
            0.023074329161273024,
            -0.0021880300853134214,
            -0.023454097284582944,
            0.002706840898805562,
            -0.03489441476037899,
            -0.042061550974501184,
            0.00835174324969966,
            -0.030357664123980065,
            -0.0005965541959436818
        ],
        [
            -0.012050873441104545,
            -0.00549467741954966,
            0.0007761203235262673,
            0.01386502889053059,
            0.0011419272824898271,
            0.015388987128524049,
            0.000957829694483141,
            -0.0009863302921121876,
            0.0010173786438569124,
            0.0023817309983564954,
            -0.004110868181279025,
            0.0013483528324017004,
            -0.002662890703104412,
            -0.010581292032431135,
            0.0018713463622850731,
            -0.00028205133568943514,
            0.0006601256582659622,
            -0.0015393486720653882,
            0.004118803952983823,
            0.0001325793761161608
        ],
        [
            -0.18210290184587177,
            -0.07303521448359099,
            0.01386502889053059,
            0.25378740040416026,
            0.021042257545254798,
            0.30913629724113967,
            0.04322597950598675,
            -0.015644426813241706,
            0.018058274767950615,
            0.03990727548796322,
            -0.04003455525073132,
            0.04635682108485862,
            -0.050975501242849226,
            -0.19338724035439572,
            0.03523277046995847,
            0.016322622712866774,
            0.027556238890495993,
            -0.024628937065768703,
            0.06343823410284909,
            0.002142828744017429
        ],
        [
            -0.012076546681245354,
            -0.004073394104543511,
            0.0011419272824898271,
            0.021042257545254798,
            0.0017891268716311165,
            0.026789068347635586,
            0.004466458891813744,
            -0.001758059149940321,
            -0.0017718701710058048,
            0.0035842881201535435,
            -0.006125256523530634,
            0.0038690060737622445,
            -0.005041708795523596,
            -0.015817411589407245,
            0.0031747766394517735,
            0.002978428691692836,
            0.0028437794133142616,
            -0.002725085266060895,
            0.007754500382586243,
            0.0001895200031243486
        ],
        [
            0.015275822396383292,
            0.08588687236362669,
            0.015388987128524049,
            0.30913629724113967,
            0.026789068347635586,
            0.525150924723198,
            0.1836401434121793,
            -0.015332689949483294,
            -0.035423673226658174,
            0.03638654684820072,
            0.052274729360650043,
            0.12024914341646167,
            -0.07135736002294235,
            -0.28213555308654825,
            0.05076701176444346,
            0.035031931480974166,
            0.040987895813708,
            -0.018136746662939976,
            0.03158971117172966,
            0.001989279552568583
        ],
        [
            0.16999322100650746,
            0.1351651829213421,
            0.000957829694483141,
            0.04322597950598675,
            0.004466458891813744,
            0.1836401434121793,
            0.12479196439783638,
            0.003358305256698065,
            -0.031603174297659894,
            -0.0062024558413539535,
            0.10698052836507642,
            0.076496804506274,
            -0.01639777814800083,
            -0.06430167293045122,
            0.012087354614237704,
            0.03606637580734866,
            0.02719262772243693,
            0.00898124616766634,
            -0.037718737774998186,
            -0.00040644887248389276
        ],
        [
            -0.0010709983229283636,
            -0.0020870348942288544,
            -0.0009863302921121876,
            -0.015644426813241706,
            -0.001758059149940321,
            -0.015332689949483294,
            0.003358305256698065,
            0.008317700668244978,
            0.03935088876739284,
            -0.008347097329651504,
            0.06094496967291298,
            0.011408439458551274,
            0.01175898633121291,
            0.00970773803237619,
            -0.004684276345652067,
            -0.006414237480845421,
            0.0020037818025830274,
            0.01236174324173268,
            -0.04280859086947912,
            -0.00047122450349464714
        ],
        [
            -0.20998318509990913,
            -0.13639156673109237,
            0.0010173786438569124,
            0.018058274767950615,
            -0.0017718701710058048,
            -0.035423673226658174,
            -0.031603174297659894,
            0.03935088876739284,
            0.26534257585297005,
            -0.02466245217448148,
            0.2814745524870926,
            0.05274641110508128,
            0.05065337734577162,
            -0.0005020063392293782,
            -0.016138495111152236,
            -0.035244452604747595,
            0.02127632229594626,
            0.05437053796751038,
            -0.19496126415383472,
            -0.0014883461966544095
        ],
        [
            -0.033980762055480715,
            -0.017134307897455375,
            0.0023817309983564954,
            0.03990727548796322,
            0.0035842881201535435,
            0.03638654684820072,
            -0.0062024558413539535,
            -0.008347097329651504,
            -0.02466245217448148,
            0.011585612782677121,
            -0.05806833554578886,
            -0.008654005279470469,
            -0.01369093336387761,
            -0.027047137047079933,
            0.006953067781100031,
            0.002977349571005287,
            -0.0008273407347729643,
            -0.012796223651935258,
            0.04199720388711153,
            0.0006496323771767281
        ],
        [
            0.04510619799391723,
            0.03659939858855892,
            -0.004110868181279025,
            -0.04003455525073132,
            -0.006125256523530634,
            0.052274729360650043,
            0.10698052836507642,
            0.06094496967291298,
            0.2814745524870926,
            -0.05806833554578886,
            0.5201790333235261,
            0.163203881444886,
            0.05869753628540299,
            0.02998837282212656,
            -0.020361482373339738,
            0.04911836542341989,
            0.08467757158184859,
            0.08831137149190907,
            -0.308674562834437,
            -0.00365011537065208
        ],
        [
            0.027650286578161272,
            0.023074329161273024,
            0.0013483528324017004,
