{
    "opt_E": -2.2186561072333895,
    "HF_E": -2.1887239776613887,
    "B3LYP_E": -2.1902747455585656,
    "sto-3G_E": -2.183619427254353,
    "proj": [
        [
            0.524038321442147,
            0.3208507391163922,
            0.0002810958892549584,
            -0.17644055418356805,
            -0.014033021380887653,
            0.06921924125967124,
            0.1865652033548604,
            0.007157675979134,
            -0.26990023362578525,
            -0.014484273025092136,
            0.024217952225829155,
            0.029253974658821534,
            -0.0018448102496117036,
            0.010797566457799099,
            -0.0014368866834751704,
            -0.005435194896133237,
            -0.024402095337308204,
            0.005799478689187386,
            -0.01370337612335315,
            0.0057330321268782205
        ],
        [
            0.3208507391163922,
            0.20901113711994124,
            -0.0007317854123950453,
            -0.054551400069725094,
            -0.00518894224451002,
            0.12227350392031867,
            0.13868203649259137,
            0.002640610533722604,
            -0.14652703455716462,
            -0.009083068430216593,
            0.02118422292841949,
            0.02695657148908772,
            -0.007118410685570106,
            -0.031365850734757006,
            -0.009954631661631446,
            -0.023633592763092418,
            -0.02317988619121541,
            0.003296670290636942,
            -0.014487601738667,
            0.002860352485094783
        ],
        [
            0.0002810958892549584,
            -0.0007317854123950453,
            0.00011573019956400839,
            -0.005208400989654543,
            -0.0002998525180778055,
            -0.007136250957483453,
            -0.0015619223807754013,
            0.000659354712377112,
            -0.00025969469838030317,
            0.0006731100206855057,
            0.0037034403186004365,
            -0.00027272724589256467,
            0.0014067376171716863,
            0.0014473620344818763,
            0.0016975494324364226,
            -0.0017463585177269955,
            -0.0006377124302399326,
            0.0008592756271890883,
            -0.002821190313236631,
            0.0008153379450000224
        ],
        [
            -0.17644055418356805,
            -0.054551400069725094,
            -0.005208400989654543,
            0.319347696426072,
            0.020443639803737382,
            0.3546532871932835,
            0.04221691733902541,
            -0.022102173016365592,
            0.14330938892415626,
            -0.011362451144645857,
            -0.07265512922698544,
            0.028505510733906766,
            -0.050036866258360874,
            -0.12860266801091058,
            -0.06486300839808302,
            0.009772843776479483,
            0.014254441530005659,
            -0.023397133266169823,
            0.05802644464918008,
            -0.023282369184594028
        ],
        [
            -0.014033021380887653,
            -0.00518894224451002,
            -0.0002998525180778055,
            0.020443639803737382,
            0.0013454348886027037,
            0.02128852233702843,
            0.0017886121307813295,
            -0.0010867060625991726,
            0.011410355955487369,
            -0.0001951823857595035,
            -0.001902407631855431,
            0.0019927313992679652,
            -0.0025424653047169685,
            -0.009038215102221013,
            -0.003441406182215687,
            -0.001291104770518318,
            0.0003576689987761281,
            -0.0009646083478644116,
            0.0016137926290066109,
            -0.0010047142127455934
        ],
        [
            0.06921924125967124,
            0.12227350392031867,
            -0.007136250957483453,
            0.3546532871932835,
            0.02128852233702843,
            0.5654126198985845,
            0.18979962041832524,
            -0.021401046272886182,
            0.06189427900625236,
            -0.017111870250012953,
            -0.028076052065606358,
            0.0838742820727004,
            -0.06840982148339143,
            -0.18779198580252632,
            -0.08931227807961736,
            0.012097046328905984,
            0.01754545471326939,
            -0.02217137076114854,
            0.04335515954089687,
            -0.022789877620312086
        ],
        [
            0.1865652033548604,
            0.13868203649259137,
            -0.0015619223807754013,
            0.04221691733902541,
            0.0017886121307813295,
            0.18979962041832524,
            0.13331404087288612,
            0.005854243674542747,
            -0.03687319617830125,
            0.0033113538325506924,
            0.09876276579978492,
            0.07910898087543763,
            -0.014330029206607314,
            -0.048134912941822976,
            -0.019134248063444093,
            0.03176882095049671,
            0.03272580496488991,
            0.006746120816025924,
            -0.035036261978104236,
            0.005604690648467895
        ],
        [
            0.007157675979134,
            0.002640610533722604,
            0.000659354712377112,
            -0.022102173016365592,
            -0.0010867060625991726,
            -0.021401046272886182,
            0.005854243674542747,
            0.007585935630740463,
            0.012699560289813871,
            0.00906997116072995,
            0.06367924373717787,
            0.017912204175702426,
            0.009893456461454854,
            -0.0008700780367524838,
            0.01132088399906453,
            -0.007286412435972042,
            0.005799586195660192,
            0.009960775836746417,
            -0.03702807969639476,
            0.009193821417800518
        ],
        [
            -0.26990023362578525,
            -0.14652703455716462,
            -0.00025969469838030317,
            0.14330938892415626,
            0.011410355955487369,
            0.06189427900625236,
            -0.03687319617830125,
            0.012699560289813871,
            0.2187192451612277,
            0.03147706332406543,
            0.17259284981145995,
            0.0610437775051115,
            0.011672773926358841,
            -0.0675302414345615,
            0.009523118690714892,
            -0.020784704197950275,
            0.0344610936340177,
            0.020859040005837482,
            -0.09413953124850995,
            0.018317541615282415
        ],
        [
            -0.014484273025092136,
            -0.009083068430216593,
            0.0006731100206855057,
            -0.011362451144645857,
            -0.0001951823857595035,
            -0.017111870250012953,
            0.0033113538325506924,
            0.00906997116072995,
            0.03147706332406543,
            0.012189879754876514,
            0.08159299441645211,
            0.023861492557437282,
            0.011461066200805276,
            -0.006916373163654319,
            0.012773478463307628,
            -0.010081608909685326,
            0.008588745804445574,
            0.01229126950944975,
            -0.0471172388803364,
            0.011264381396282268
        ],
        [
            0.024217952225829155,
            0.02118422292841949,
            0.0037034403186004365,
            -0.07265512922698544,
            -0.001902407631855431,
            -0.028076052065606358,
            0.09876276579978492,
            0.06367924373717787,
            0.17259284981145995,
            0.08159299441645211,
            0.5994988350839736,
            0.21967358582570326,
            0.06280675541120007,
            -0.035425265961049446,
            0.07026913100090315,
            0.016488244492167212,
            0.11316701901397408,
            0.08190041685855985,
            -0.31451636409412004,
            0.074998430681241
        ],
        [
            0.029253974658821534,
            0.02695657148908772,
            -0.00027272724589256467,
