{
    "opt_E": -2.1888970127301492,
    "HF_E": -2.159556157227571,
    "B3LYP_E": -2.1607696249052073,
    "sto-3G_E": -2.148835618747452,
    "proj": [
        [
            0.5179358263842438,
            0.32957825454788475,
            0.024920746754997353,
            -0.17871146748622443,
            -0.002977574953522715,
            0.0676502458036975,
            0.18611623809980116,
            0.036986744880523316,
            -0.2518643567241435,
            -0.019338298552660338,
            0.036799561573382204,
            0.0326054142838102,
            -0.0007986480529421297,
            0.017356148986001307,
            0.0024716104657544202,
            -0.0023892139844313366,
            -0.027997046858545906,
            0.000655194595395721,
            -0.021910328251765324,
            -0.009999542162108438
        ],
        [
            0.32957825454788475,
            0.21900865464530492,
            0.00999873873162241,
            -0.07214934763510895,
            -0.00022349968520590712,
            0.1046255898430209,
            0.13625227403928125,
            0.020969743343692608,
            -0.14659235020329922,
            -0.010597465696782962,
            0.0352419762763408,
            0.026174648364692993,
            0.002513787922364706,
            -0.03192099868492721,
            0.004883984429851427,
            -0.028923875790597398,
            -0.03055384508200121,
            0.0010497433419944392,
            -0.02720912842130352,
            -0.008725635690356035
        ],
        [
            0.024920746754997353,
            0.00999873873162241,
            0.006486040177068907,
            -0.045775119985601624,
            -0.00184882934853247,
            -0.049143950084778225,
            -0.004057174239609551,
            0.0029585205912020297,
            -0.01284487230168066,
            -0.005797568539810524,
            0.010379756329741483,
            -0.005160599525227737,
            -0.00258737611043935,
            0.024003441619378445,
            -0.010329947640163836,
            -0.0023201582059545747,
            -0.0032280588387342307,
            0.00017030892192672817,
            -0.010978528320124468,
            -0.004993009500597022
        ],
        [
            -0.17871146748622443,
            -0.07214934763510895,
            -0.045775119985601624,
            0.3232086826049985,
            0.012993819959231377,
            0.346435028815768,
            0.029044796724339825,
            -0.02140491254036307,
            0.0959606515899245,
            0.039708083876648634,
            -0.06483118337080958,
            0.038877405806868416,
            0.01812421423393976,
            -0.16984840385122965,
            0.07152656590478843,
            0.016620096388878753,
            0.02428358503775058,
            -0.0010471165725715833,
            0.07233724562319367,
            0.0335542566441367
        ],
        [
            -0.002977574953522715,
            -0.00022349968520590712,
            -0.00184882934853247,
            0.012993819959231377,
            0.0005845468482127711,
            0.01626560856724423,
            0.0029005075366257587,
            -0.0004998219867610862,
            0.0007407763727547092,
            0.0019491537332697647,
            -0.004496627250178533,
            0.002234087112145847,
            0.0008084259298489768,
            -0.0061795603923292634,
            0.004004269035637053,
            0.0031893090137325325,
            0.0020288120169158694,
            -0.00010864737381417683,
            0.005174845227410161,
            0.002070481677008578
        ],
        [
            0.0676502458036975,
            0.1046255898430209,
            -0.049143950084778225,
            0.346435028815768,
            0.01626560856724423,
            0.5414083742694823,
            0.17108016906116824,
            -0.01035146477281507,
            0.013546993519394122,
            0.03387948540568282,
            0.003668881301608127,
            0.10011668542962227,
            0.02436570216716846,
            -0.23517783857203778,
            0.09353574398771174,
            0.027862973102566316,
            0.03103548056907621,
            0.00021745135008139225,
            0.046619464705994686,
            0.027521154875280503
        ],
        [
            0.18611623809980116,
            0.13625227403928125,
            -0.004057174239609551,
            0.029044796724339825,
            0.0029005075366257587,
            0.17108016906116824,
            0.12376708408798535,
            0.005921563399056836,
            -0.037712135414220825,
            -0.010485428900942182,
            0.10585092881911931,
            0.07435491647126125,
            0.004634156036688198,
            -0.050573163584848126,
            0.016596407104320934,
            0.035285436693723096,
            0.02958969106376347,
            0.0016468520206836426,
            -0.04116661397645443,
            -0.011623103314503473
        ],
        [
            0.036986744880523316,
            0.020969743343692608,
            0.0029585205912020297,
            -0.02140491254036307,
            -0.0004998219867610862,
            -0.01035146477281507,
            0.005921563399056836,
            0.0038875710434874157,
            -0.02895508997405001,
            0.0007571718325007001,
            -0.017520031156662185,
            -0.005132871908409621,
            -0.0004887523961648173,
            0.011188024649555333,
            0.0015656385677443082,
            0.0032949780048672516,
            -0.00325303441704375,
            -0.0003895054906996016,
            0.011151621731813019,
            0.0030393774738103735
        ],
        [
            -0.2518643567241435,
            -0.14659235020329922,
            -0.01284487230168066,
            0.0959606515899245,
            0.0007407763727547092,
            0.013546993519394122,
            -0.037712135414220825,
            -0.02895508997405001,
            0.2421366353652017,
            -0.025714414945588345,
            0.22909589781443704,
            0.05851109997783861,
            -0.001068770279727344,
            -0.055011422491541576,
            -0.03775776411359981,
            -0.02167492009593011,
            0.0360915950492939,
            0.004642452063355556,
            -0.1478200207540449,
            -0.04578132818610797
        ],
        [
            -0.019338298552660338,
            -0.010597465696782962,
            -0.005797568539810524,
            0.039708083876648634,
            0.0019491537332697647,
            0.03387948540568282,
            -0.010485428900942182,
            0.0007571718325007001,
            -0.025714414945588345,
            0.01593433738282366,
            -0.08421857651862319,
            -0.018183908032070154,
            0.002963770805281002,
            -0.010485551118577048,
            0.020403008108657993,
            0.005801453281992762,
            -0.005915159354629875,
            -0.0016131976522881974,
            0.05696077986805556,
            0.01965277743291982
        ],
        [
            0.036799561573382204,
            0.0352419762763408,
            0.010379756329741483,
            -0.06483118337080958,
            -0.004496627250178533,
            0.003668881301608127,
            0.10585092881911931,
            -0.017520031156662185,
            0.22909589781443704,
            -0.08421857651862319,
            0.5521066428581963,
            0.1815505506063941,
            -0.009446940262668917,
            -0.0031759645784842426,
            -0.07982922900831031,
            0.05211179185082772,
            0.106454412398625,
            0.009658677895560764,
            -0.32269534241535336,
            -0.10746500344689149
        ],
        [
            0.0326054142838102,
            0.026174648364692993,
            -0.005160599525227737,
