{
    "opt_E": -2.1743239965319794,
    "HF_E": -2.1441351991338964,
    "B3LYP_E": -2.1456798527310594,
    "sto-3G_E": -2.124299393665746,
    "proj": [
        [
            0.5420852691002505,
            0.3491484248625322,
            0.004337747618511543,
            -0.16785256949665409,
            -0.05440388812427515,
            0.03657356741910024,
            0.18003210798907468,
            -0.004527014887309483,
            -0.21635392993746314,
            -0.10276453819695615,
            0.022980055061307212,
            0.03688111192191527,
            -0.008338509510827914,
            0.030529108496217927,
            -0.0074146869360214975,
            -0.0001963343651953634,
            -0.031034236367835984,
            0.0019686205116671773,
            -0.010916100225613687,
            -0.0009149977924392407
        ],
        [
            0.3491484248625322,
            0.23571202580469744,
            0.002508000861406226,
            -0.07370875592948513,
            -0.021702792531360107,
            0.08587152077713721,
            0.13687239852525082,
            -0.0021209163079011165,
            -0.12753065359911064,
            -0.05955992685433094,
            0.03653708261867291,
            0.029777872719464436,
            0.004551025866427697,
            -0.02845146467113057,
            0.0018158383138361263,
            -0.03336060548835232,
            -0.0377095718606682,
            0.005061781318679582,
            -0.028190315667853766,
            -0.0016147467317499963
        ],
        [
            0.004337747618511543,
            0.002508000861406226,
            8.81000960807359e-05,
            -0.0010755653599583835,
            -0.00019284745857748778,
            4.971726459557152e-05,
            0.00045241800997654764,
            0.0005921365990790329,
            -0.004585084112340631,
            -6.638140036862851e-05,
            -0.004981027436379865,
            -0.0010385020891579058,
            -0.00014586844278540798,
            0.0005926696232149022,
            0.00027243822514863905,
            0.0005987749010710975,
            -0.0005128772849697466,
            -0.0006688523247467396,
            0.0035734572494477454,
            0.00018051399806077003
        ],
        [
            -0.16785256949665409,
            -0.07370875592948513,
            -0.0010755653599583835,
            0.23683687094216116,
            0.09295873072309191,
            0.302238065665506,
            0.029011342354491994,
            0.02377442245257501,
            0.035019379531594494,
            0.08359096918862002,
            -0.027292877234638007,
            0.03972993845908169,
            0.035480039754245817,
            -0.16108611812166104,
            0.052105423386420616,
            0.02678682635220918,
            0.02779310581564021,
            -0.012350813924944278,
            0.060295953554404605,
            0.0016224387917697857
        ],
        [
            -0.05440388812427515,
            -0.021702792531360107,
            -0.00019284745857748778,
            0.09295873072309191,
            0.03712817428073122,
            0.12368999369856322,
            0.014045958041197171,
            0.011155629811733066,
            0.0015402140456106982,
            0.033335508109014665,
            -0.02346996573707741,
            0.013782449074676082,
            0.014080350799723723,
            -0.06415884662465245,
            0.02189520060996352,
            0.01225323635867093,
            0.009760941590191904,
            -0.006689715565441812,
            0.033417541165663554,
            0.0011067831760271274
        ],
        [
            0.03657356741910024,
            0.08587152077713721,
            4.971726459557152e-05,
            0.302238065665506,
            0.12368999369856322,
            0.5435802197764354,
            0.17088578228141907,
            0.029728171973048865,
            -0.03191646994108101,
            0.07167063305436289,
            0.03622255287126055,
            0.11018563305407138,
            0.056318562477223666,
            -0.25941237948753426,
            0.08077483680655248,
            0.044721848624575254,
            0.03706741871120346,
            -0.01134846718118454,
            0.05053853905256644,
            -0.0002152619841345024
        ],
        [
            0.18003210798907468,
            0.13687239852525082,
            0.00045241800997654764,
            0.029011342354491994,
            0.014045958041197171,
            0.17088578228141907,
            0.1234871058089359,
            -0.004070324578040793,
            -0.027659983126257684,
            -0.025740101059197672,
            0.11179807108675766,
            0.07539697756744848,
            0.012509435409022095,
            -0.05789600079259042,
            0.015780772429007116,
            0.028877777076150624,
            0.022974412893003313,
            0.007825012720155629,
            -0.045065255705331084,
            -0.0035062206250892052
        ],
        [
            -0.004527014887309483,
            -0.0021209163079011165,
            0.0005921365990790329,
            0.02377442245257501,
            0.011155629811733066,
            0.029728171973048865,
            -0.004070324578040793,
            0.009518306342708815,
            -0.03363374206481014,
            0.015011443088478514,
            -0.061620961361210945,
            -0.012132468238469495,
            0.0031536589511795762,
            -0.015092591566143084,
            0.00882781946339436,
            0.0034467441016442046,
            -0.004853632929340781,
            -0.008635803758093873,
            0.045615163133412656,
            0.002242862982464743
        ],
        [
            -0.21635392993746314,
            -0.12753065359911064,
            -0.004585084112340631,
            0.035019379531594494,
            0.0015402140456106982,
            -0.03191646994108101,
            -0.027659983126257684,
            -0.03363374206481014,
            0.24059655676454525,
            -0.004018261231767591,
            0.2663917843439009,
            0.051057220619729296,
            0.004338488679605793,
            -0.015960814661351953,
            -0.01940548112641292,
            -0.03412973797806762,
            0.02475805339168824,
            0.036600150783996296,
            -0.1949939001839197,
            -0.009713000845537256
        ],
        [
            -0.10276453819695615,
            -0.05955992685433094,
            -6.638140036862851e-05,
            0.08359096918862002,
            0.033335508109014665,
            0.07167063305436289,
            -0.025740101059197672,
            0.015011443088478514,
            -0.004018261231767591,
            0.04347186888004375,
            -0.07998662839333456,
            -0.017799206081829104,
            0.010866429818239858,
            -0.05021001267126807,
            0.018104495305897535,
            -0.00493382383976031,
            -0.005789178929875609,
            -0.011245149508467603,
            0.058826120726965435,
            0.0028817378490588186
        ],
        [
            0.022980055061307212,
            0.03653708261867291,
            -0.004981027436379865,
            -0.027292877234638007,
            -0.02346996573707741,
            0.03622255287126055,
            0.11179807108675766,
            -0.061620961361210945,
            0.2663917843439009,
            -0.07998662839333456,
            0.5222892881230448,
            0.17028097520290134,
            -0.0008137773000930982,
            0.012603994343499026,
            -0.027756023580879585,
            0.0484815353074531,
            0.09496713318783562,
            0.06070649369621869,
            -0.3256511562969309,
            -0.017900472849779837
        ],
        [
            0.03688111192191527,
            0.029777872719464436,
            -0.0010385020891579058,
