{
    "opt_E": -2.191025910179501,
    "HF_E": -2.16106065169298,
    "B3LYP_E": -2.162539509440754,
    "sto-3G_E": -2.148746415317716,
    "proj": [
        [
            0.5623933944895488,
            0.35561325201211036,
            0.02674478067638993,
            -0.17941683160080021,
            -0.005442941713557864,
            0.002163380101627911,
            0.17240536344050425,
            0.05446644162782515,
            -0.2224859678519998,
            0.005193785072597156,
            0.031226968752832828,
            0.027385188715190783,
            0.008641852083184071,
            0.03668220863621774,
            0.005897600274121048,
            -0.003000279318087487,
            -0.024060074028419864,
            0.000647395756883753,
            -0.025945714490654557,
            0.006891945158459691
        ],
        [
            0.35561325201211036,
            0.2427890691826167,
            0.008055007704611847,
            -0.06104269813217574,
            -0.002584250916495691,
            0.0952384874598481,
            0.14189209402238243,
            0.02586712883250113,
            -0.1359276228877748,
            0.00033740153741873444,
            0.02631836136386521,
            0.026656880188125186,
            -0.006218096941625114,
            -0.033763246035022274,
            -0.004646003484362581,
            -0.031397415947541,
            -0.030167016102500832,
            -0.0008544573929270997,
            -0.026707147413497265,
            0.004626250173422216
        ],
        [
            0.02674478067638993,
            0.008055007704611847,
            0.0072255081736152535,
            -0.0418462612813138,
            -0.0006427261955319094,
            -0.05679415810096715,
            -0.009674970478646764,
            0.010387408679190373,
            -0.0028024377521242744,
            0.004769894107165647,
            0.014377135487916385,
            -0.0066495770389171805,
            0.0072116059278452905,
            0.02103788628522902,
            0.010384318523086413,
            -0.00477085700816162,
            -0.002972181078832418,
            -0.0006146173729675748,
            -0.016765457428545637,
            0.004185652116701539
        ],
        [
            -0.17941683160080021,
            -0.06104269813217574,
            -0.0418462612813138,
            0.24593310344723154,
            0.0040640667430684166,
            0.3262836683491015,
            0.05229914147923653,
            -0.05760592250852309,
            0.04296253590456644,
            -0.023186251692049003,
            -0.05226240113133008,
            0.042138756929854276,
            -0.04148703754400098,
            -0.13339432888664382,
            -0.05454686614579405,
            0.016685569015128007,
            0.016055028066748567,
            0.0018749692239032848,
            0.07046440814649814,
            -0.019109766032516483
        ],
        [
            -0.005442941713557864,
            -0.002584250916495691,
            -0.0006427261955319094,
            0.0040640667430684166,
            9.479292100078163e-05,
            0.004245899642477904,
            -8.92398232692647e-05,
            -0.0008259734190079423,
            0.0027133142077334256,
            -9.345975162303314e-05,
            0.0006143546360922756,
            0.00020513314837652656,
            -0.0006129279080694892,
            -0.003257865730902009,
            -0.0003092328892021256,
            -0.0017059233773006927,
            -0.0005947746267279897,
            -0.00010132084364488174,
            -0.0008240899754916773,
            6.11281651961059e-05
        ],
        [
            0.002163380101627911,
            0.0952384874598481,
            -0.05679415810096715,
            0.3262836683491015,
            0.004245899642477904,
            0.5780438929969207,
            0.2024464815463922,
            -0.0599696060737773,
            -0.012980294375235282,
            -0.027796380911880397,
            0.0037328675963945006,
            0.1132571602693771,
            -0.0666000436977667,
            -0.22200222783547147,
            -0.08424522750063915,
            0.03568271229653121,
            0.029712722354519744,
            0.0008032030651519324,
            0.058426197691457536,
            -0.019444970043007166
        ],
        [
            0.17240536344050425,
            0.14189209402238243,
            -0.009674970478646764,
            0.05229914147923653,
            -8.92398232692647e-05,
            0.2024464815463922,
            0.13633951718266077,
            0.006992813754370143,
            -0.0349849433305607,
            0.0022624093237337013,
            0.09301160091407062,
            0.07713660919405527,
            -0.018232806608179438,
            -0.06441115063334986,
            -0.02045133333669021,
            0.036115120207589085,
            0.028254453292293893,
            -0.0020068648894701812,
            -0.0342038640803997,
            0.005046919532994886
        ],
        [
            0.05446644162782515,
            0.02586712883250113,
            0.010387408679190373,
            -0.05760592250852309,
            -0.0008259734190079423,
            -0.0599696060737773,
            0.006992813754370143,
            0.02178842836859166,
            0.014804947779804201,
            0.013003828144425167,
            0.07602645663379258,
            0.012377719986287046,
            0.009471219414541385,
            0.019697634825432568,
            0.017710194657132396,
            0.0026394961907540196,
            0.00816936696222629,
            -0.002739693032812611,
            -0.057054561364344045,
            0.012506516773089685
        ],
        [
            -0.2224859678519998,
            -0.1359276228877748,
            -0.0028024377521242744,
            0.04296253590456644,
            0.0027133142077334256,
            -0.012980294375235282,
            -0.0349849433305607,
            0.014804947779804201,
            0.2111103712842036,
            0.03187479414975892,
            0.23613826200628268,
            0.0485417855114288,
            0.002698848821291391,
            -0.05440551944363597,
            0.03253475742448892,
            -0.013923985079212869,
            0.033463397684459,
            -0.010689513063141113,
            -0.17139394048836412,
            0.03362552592526829
        ],
        [
            0.005193785072597156,
            0.00033740153741873444,
            0.004769894107165647,
            -0.023186251692049003,
            -9.345975162303314e-05,
            -0.027796380911880397,
            0.0022624093237337013,
            0.013003828144425167,
            0.03187479414975892,
            0.010466713359060048,
            0.06842932171288696,
            0.012936348527820786,
            0.004690875300632381,
            0.000964024243804982,
            0.012710149929099423,
            -0.0018464463835478789,
            0.007339541216688215,
            -0.0027696085846137075,
            -0.050943135621124215,
            0.010596934582183574
        ],
        [
            0.031226968752832828,
            0.02631836136386521,
            0.014377135487916385,
            -0.05226240113133008,
            0.0006143546360922756,
            0.0037328675963945006,
            0.09301160091407062,
            0.07602645663379258,
            0.23613826200628268,
            0.06842932171288696,
            0.5298172191773592,
            0.16803972783460622,
            0.013300419238029453,
            -0.028798268954545236,
            0.05526738873192446,
            0.08458335705385442,
            0.11814422960670928,
            -0.018326183230323933,
            -0.333498337293086,
            0.06817830622206857
        ],
        [
            0.027385188715190783,
            0.026656880188125186,
            -0.0066495770389171805,
