{
    "opt_E": -2.168513946987536,
    "HF_E": -2.135984241031767,
    "B3LYP_E": -2.1389799400369163,
    "sto-3G_E": -2.1118584987615736,
    "proj": [
        [
            0.5539032822466081,
            0.3573511014729592,
            0.01717537304082447,
            -0.18017387881422814,
            -0.0038155011497366114,
            0.02848717566266483,
            0.16862651040050802,
            0.02124933940394678,
            -0.21661847327768405,
            -0.022586882363741363,
            0.0544180894969898,
            0.029069390292241783,
            0.0035836509132103726,
            0.05918961919637977,
            0.0030706564768227867,
            -0.001314073871898308,
            -0.03719132265619246,
            -0.008685835648114645,
            -0.02449262607454547,
            -0.009923222542605905
        ],
        [
            0.3573511014729592,
            0.24269928692788667,
            0.006728996698767465,
            -0.0707209523217794,
            -0.0004994243284890283,
            0.09087249917099967,
            0.1289046875667133,
            0.012515838177569065,
            -0.14654315311831,
            -0.01107531565169748,
            0.0304011425702026,
            0.020753037439308904,
            0.003955132722474196,
            -0.01763275904436198,
            0.006198416428005152,
            -0.026813918399703797,
            -0.042334182473878955,
            -0.0036215581244366355,
            -0.012602979431928176,
            -0.0042545993144960294
        ],
        [
            0.01717537304082447,
            0.006728996698767465,
            0.002312634297850217,
            -0.02417099487712655,
            -0.0009259685500796403,
            -0.028291728663286334,
            -0.0029096134894987646,
            0.0009140419937042729,
            -0.0015051297500748913,
            -0.0024172266972503904,
            0.006084898890508199,
            -0.0021942439704746813,
            -0.0019119721323303702,
            0.021519098308112397,
            -0.003147133247578029,
            -0.0015505854906621324,
            -0.001345889495551842,
            -0.0019953696659922708,
            -0.00572568184876929,
            -0.002152694632600199
        ],
        [
            -0.18017387881422814,
            -0.0707209523217794,
            -0.02417099487712655,
            0.25421864233204067,
            0.009823723824762475,
            0.302684649147607,
            0.03744508240194491,
            -0.010738124026813893,
            0.03176937337948243,
            0.02307018782914661,
            -0.03489994803144641,
            0.03590540189333719,
            0.01871046887925268,
            -0.22157943704995653,
            0.03143143847376517,
            0.01914504863377411,
            0.021403748871535826,
            0.01758444334176161,
            0.0483135663811413,
            0.018947351857930013
        ],
        [
            -0.0038155011497366114,
            -0.0004994243284890283,
            -0.0009259685500796403,
            0.009823723824762475,
            0.0004072686943669049,
            0.013727602019686452,
            0.0032275962646735198,
            -0.00036536740633972024,
            0.0005471569332617823,
            0.0007339716207802927,
            0.0002883174720035292,
            0.0025244091834628556,
            0.0008190871735924767,
            -0.008931443638384124,
            0.0013646121216385322,
            0.0013774420137486686,
            0.0012943714141535416,
            0.0005620284234515853,
            0.0014453335036942502,
            0.0005993572908099172
        ],
        [
            0.02848717566266483,
            0.09087249917099967,
            -0.028291728663286334,
            0.302684649147607,
            0.013727602019686452,
            0.5141026345373557,
            0.17590528891403034,
            -0.008729765844566448,
            -0.021173444410430706,
            0.016488808781855567,
            0.06595421425733987,
            0.10940485337686683,
            0.025921454211087866,
            -0.3088941823119304,
            0.0448645226978023,
            0.02310038388592065,
            0.02519062585055669,
            0.011689960007222413,
            0.02262776215590902,
            0.012216179929374639
        ],
        [
            0.16862651040050802,
            0.1289046875667133,
            -0.0029096134894987646,
            0.03744508240194491,
            0.0032275962646735198,
            0.17590528891403034,
            0.12237089562312295,
            4.864588987303598e-07,
            -0.017868209093353467,
            -0.009111167375283304,
            0.12836189166666714,
            0.08388589989449004,
            0.0049737526832074695,
            -0.05640986388731829,
            0.00963042677858042,
            0.02360281314404849,
            0.025439583294309613,
            -0.009553295629872324,
            -0.036829011482192565,
            -0.01067166518451358
        ],
        [
            0.02124933940394678,
            0.012515838177569065,
            0.0009140419937042729,
            -0.010738124026813893,
            -0.00036536740633972024,
            -0.008729765844566448,
            4.864588987303598e-07,
            0.0018718822058228252,
            -0.02077131330551392,
            0.0006924985145532519,
            -0.019789591774031164,
            -0.006763544272180793,
            0.0018436042515172146,
            0.00540891717118147,
            0.001910428754917189,
            0.00757352674978096,
            -0.0003478802639327903,
            0.002496035909297005,
            0.00955222204975092,
            0.002674433278459479
        ],
        [
            -0.21661847327768405,
            -0.14654315311831,
            -0.0015051297500748913,
            0.03176937337948243,
            0.0005471569332617823,
            -0.021173444410430706,
            -0.017868209093353467,
            -0.02077131330551392,
            0.27268087616232933,
            -0.019930024892127734,
            0.2907630226726081,
            0.08738622374868238,
            -0.030568506325625872,
            0.03932040891270357,
            -0.03701069203310896,
            -0.0753728302384026,
            0.021278296828947958,
            -0.040873976237210785,
            -0.14682753408073676,
            -0.04389550438354117
        ],
        [
            -0.022586882363741363,
            -0.01107531565169748,
            -0.0024172266972503904,
            0.02307018782914661,
            0.0007339716207802927,
            0.016488808781855567,
            -0.009111167375283304,
            0.0006924985145532519,
            -0.019930024892127734,
            0.005849702115835549,
            -0.04795860956333644,
            -0.013847777137855474,
            0.0047760424517298596,
            -0.022766246632661885,
            0.006368400172221355,
            0.008901025443981145,
            -0.001004560410298591,
            0.007329625168617031,
            0.024923851060433665,
            0.007927227001134724
        ],
        [
            0.0544180894969898,
            0.0304011425702026,
            0.006084898890508199,
            -0.03489994803144641,
            0.0002883174720035292,
            0.06595421425733987,
            0.12836189166666714,
            -0.019789591774031164,
            0.2907630226726081,
            -0.04795860956333644,
            0.5483042466421536,
            0.21216832941262018,
            -0.036771563949659344,
            0.08840185721201199,
            -0.044179506112167644,
            -0.0392014533836256,
            0.07051325899485172,
            -0.0701672736628843,
            -0.24722938317993481,
            -0.07599702828351827
        ],
        [
            0.029069390292241783,
            0.020753037439308904,
            -0.0021942439704746813,
