{
    "opt_E": -2.1991483215458447,
    "HF_E": -2.1675632241184393,
    "B3LYP_E": -2.1702926843838415,
    "sto-3G_E": -2.153613426637152,
    "proj": [
        [
            0.583246852252843,
            0.36596820959131543,
            0.008869988755201294,
            -0.1730474888995686,
            0.024609921731592585,
            -0.018019038474563345,
            0.16256921461779983,
            0.016727467437697333,
            -0.2039425453433962,
            0.027414283066904667,
            0.050918789633679365,
            0.021319089201397867,
            0.0009993321321130615,
            0.06368775247122836,
            -0.007158948242281709,
            -0.0013387309808914898,
            -0.029275915609601615,
            0.00048200894270366537,
            -0.03250752702738725,
            -0.007660014343016413
        ],
        [
            0.36596820959131543,
            0.2508460047256494,
            0.0025405055890926993,
            -0.05423050508907003,
            0.007889574353136987,
            0.09146931827666098,
            0.13833559709597298,
            0.008228640272927272,
            -0.13630180008325235,
            0.01777210277767616,
            0.026105868271157816,
            0.021054572835031482,
            -0.0006194971938502263,
            -0.025943059676799964,
            0.003582861726018121,
            -0.03008794211353474,
            -0.03868618046460301,
            0.00023152297329815158,
            -0.017079981348276728,
            -0.003168264228544089
        ],
        [
            0.008869988755201294,
            0.0025405055890926993,
            0.0006445098852516198,
            -0.011611738823251422,
            0.0016121891060998637,
            -0.016830269948500516,
            -0.003144488210882173,
            0.0006556607997458154,
            5.379552173636113e-05,
            6.421160114177399e-05,
            0.003950708305606164,
            -0.0020156138773139657,
            0.0002281690092726265,
            0.009004715805633653,
            -0.0021894986163576192,
            -0.001967650982803121,
            -0.0009617975788940557,
            7.76129179621407e-06,
            -0.004101156021509552,
            -0.0008552056424314998
        ],
        [
            -0.1730474888995686,
            -0.05423050508907003,
            -0.011611738823251422,
            0.21027009007950367,
            -0.02920174897609188,
            0.30130754952299854,
            0.0549279551130712,
            -0.011829727005760671,
            0.014637066730519696,
            -0.0033790695837667057,
            -0.05375529474952966,
            0.03925234890356091,
            -0.004022462767587742,
            -0.16514296973657422,
            0.03692205410621584,
            0.026132395038673976,
            0.015428532172395001,
            -0.00018068867577350386,
            0.06189186330601599,
            0.01342107435614043
        ],
        [
            0.024609921731592585,
            0.007889574353136987,
            0.0016121891060998637,
            -0.02920174897609188,
            0.004059498138711612,
            -0.0414238740175693,
            -0.00716290141803655,
            0.001663445653303464,
            -0.0019707034676425548,
            0.00045297971341433255,
            0.008269836023824032,
            -0.004770981387986935,
            0.0005571392618486915,
            0.023277085156439208,
            -0.00505912464616292,
            -0.002498410385554962,
            -0.001330376142036816,
            2.6150076437838066e-05,
            -0.008673485220653252,
            -0.001887061233528485
        ],
        [
            -0.018019038474563345,
            0.09146931827666098,
            -0.016830269948500516,
            0.30130754952299854,
            -0.0414238740175693,
            0.566496158637608,
            0.20697987769869508,
            -0.012078100782819791,
            -0.03154849911568607,
            0.0008626638839719981,
            0.016660640179808513,
            0.11667062171963831,
            -0.00675878941719757,
            -0.2787307004218862,
            0.058032051805116905,
            0.04249388135974987,
            0.025870010944238086,
            -0.00018740161490382804,
            0.049894050324242975,
            0.01267472379376807
        ],
        [
            0.16256921461779983,
            0.13833559709597298,
            -0.003144488210882173,
            0.0549279551130712,
            -0.00716290141803655,
            0.20697987769869508,
            0.13947835614214435,
            0.001875151632537386,
            -0.02362533470630625,
            0.0012462378329071546,
            0.11135278045745627,
            0.08401598111014272,
            -0.0018589049264836168,
            -0.0765340327287811,
            0.01250665641423051,
            0.02496660470924936,
            0.023123790134190945,
            -7.600692907271668e-06,
            -0.03622564697616671,
            -0.005539954105966646
        ],
        [
            0.016727467437697333,
            0.008228640272927272,
            0.0006556607997458154,
            -0.011829727005760671,
            0.001663445653303464,
            -0.012078100782819791,
            0.001875151632537386,
            0.0008790615961872016,
            3.2090588686500276e-05,
            -5.713322055831903e-06,
            0.010652303309772342,
            0.001555994459680955,
            0.00020701450220172576,
            0.00808249813266885,
            -0.002227859618684853,
            -0.000867448431567678,
            0.000368546161306785,
            7.894075213236375e-06,
            -0.007018042693313147,
            -0.0013660338136562756
        ],
        [
            -0.2039425453433962,
            -0.13630180008325235,
            5.379552173636113e-05,
            0.014637066730519696,
            -0.0019707034676425548,
            -0.03154849911568607,
            -0.02362533470630625,
            3.2090588686500276e-05,
            0.23982297385389695,
            -0.03422994828609524,
            0.2815259913642861,
            0.07305769455383747,
            0.001409135162323301,
            -0.00887879849705532,
            -0.0329592849042268,
            -0.060071076944010884,
            0.02553884113666776,
            -0.0005316869523482508,
            -0.1683942997890703,
            -0.02854390174250787
        ],
        [
            0.027414283066904667,
            0.01777210277767616,
            6.421160114177399e-05,
            -0.0033790695837667057,
            0.00045297971341433255,
            0.0008626638839719981,
            0.0012462378329071546,
            -5.713322055831903e-06,
            -0.03422994828609524,
            0.004919672670467098,
            -0.04208248645423159,
            -0.011925609798866024,
            -0.00016697993933321355,
            0.0026408233190253804,
            0.004460645189771325,
            0.007940481924890453,
            -0.004238822699402405,
            7.676128339384179e-05,
            0.02457914163606555,
            0.004153412482530289
        ],
        [
            0.050918789633679365,
            0.026105868271157816,
            0.003950708305606164,
            -0.05375529474952966,
            0.008269836023824032,
            0.016660640179808513,
            0.11135278045745627,
            0.010652303309772342,
            0.2815259913642861,
            -0.04208248645423159,
            0.5659686961515916,
            0.19862973763066175,
            0.0022740230308787527,
            0.027649012061290786,
            -0.04904017066930794,
            -0.007056820083382825,
            0.09238744634399783,
            -0.0005318340405204246,
            -0.302584119369132,
            -0.05301821186529044
        ],
        [
            0.021319089201397867,
            0.021054572835031482,
