{
    "opt_E": -2.212133060786753,
    "HF_E": -2.1810486284562094,
    "B3LYP_E": -2.1833841380356214,
    "sto-3G_E": -2.1720385614392734,
    "proj": [
        [
            0.5819493901455111,
            0.36138630445403197,
            0.045882845250613286,
            -0.16572563985693128,
            -5.545369431510501e-05,
            -0.02073609173760894,
            0.16691343761311694,
            0.07232972189551722,
            -0.20792842186762003,
            -0.012455846668002524,
            0.03895021834044892,
            0.019336985568797545,
            -0.0036512014250846317,
            0.05197227314404668,
            -0.005262454204388874,
            0.0009739465236005394,
            -0.026266148256621307,
            0.002635976344372018,
            -0.029525561356002143,
            0.00046575073381325237
        ],
        [
            0.36138630445403197,
            0.24675516355756502,
            0.012841824367458511,
            -0.04914185083426733,
            0.0008562324483904121,
            0.09550305282727456,
            0.14334700255054916,
            0.03889597013088975,
            -0.13094052552453478,
            -0.003092480374806954,
            0.022644808442237794,
            0.02288158266472081,
            0.0010911208667725512,
            -0.030114051782660002,
            0.006408625643315291,
            -0.02883418657998594,
            -0.03456480928228737,
            0.001575590754749271,
            -0.018305380646598174,
            0.0004125121000431788
        ],
        [
            0.045882845250613286,
            0.012841824367458511,
            0.01673054778806282,
            -0.05762861373034527,
            -0.0008212115043054444,
            -0.08851460457630206,
            -0.016260865146760957,
            0.00989100369527717,
            -0.004731989910591931,
            -0.006245416302926544,
            0.019603584412107387,
            -0.011635677856959192,
            -0.0025400396561609897,
            0.037684309122066995,
            -0.0077401877533507454,
            -0.008457975079122269,
            -0.004655745052837385,
            0.0011180778715558328,
            -0.022328215537711582,
            0.0010514979677159763
        ],
        [
            -0.16572563985693128,
            -0.04914185083426733,
            -0.05762861373034527,
            0.19878743318471856,
            0.0027765807181758867,
            0.302785242733489,
            0.054442060648450086,
            -0.03507916896887332,
            0.023796201846892268,
            0.020736779930435514,
            -0.05905004687916749,
            0.04111702281874342,
            0.008731790597805569,
            -0.13189224623500773,
            0.026470724347356093,
            0.025079938278814076,
            0.015363005037341141,
            -0.003586225498107713,
            0.07038462690804918,
            -0.003277764189804403
        ],
        [
            -5.545369431510501e-05,
            0.0008562324483904121,
            -0.0008212115043054444,
            0.0027765807181758867,
            5.287271906027582e-05,
            0.005282846909871162,
            0.0016783199174501774,
            -0.00024203745367015232,
            -0.0010450024569161978,
            0.0003781947139299683,
            -0.0015916150963526214,
            0.0008595145920163218,
            0.000126987416886098,
            -0.0015992069198159005,
            0.0004371493985188669,
            0.001374511844977194,
            0.0005897047017362871,
            -8.302777780295884e-05,
            0.0018550328838681988,
            -9.636230252228036e-05
        ],
        [
            -0.02073609173760894,
            0.09550305282727456,
            -0.08851460457630206,
            0.302785242733489,
            0.005282846909871162,
            0.5950131376650165,
            0.2128745282582447,
            -0.03284734791324741,
            -0.02178203109379963,
            0.02699971431353679,
            -0.0116096416725595,
            0.11855654053972395,
            0.01492593651889906,
            -0.24415642489530337,
            0.04890205539766318,
            0.04426699221365767,
            0.02666490636944352,
            -0.0034707656701477743,
            0.07189186026498183,
            -0.003744667975683443
        ],
        [
            0.16691343761311694,
            0.14334700255054916,
            -0.016260865146760957,
            0.054442060648450086,
            0.0016783199174501774,
            0.2128745282582447,
            0.1453026746692966,
            0.008342146496258912,
            -0.02424423913515558,
            -0.002672222421726048,
            0.10514866153716891,
            0.08350418562619723,
            0.0034426944223095004,
            -0.07585521907076324,
            0.01464950570897543,
            0.02467407677527702,
            0.02274131683348508,
            0.0019077103672615406,
            -0.03780168737738562,
            0.0013598187159961548
        ],
        [
            0.07232972189551722,
            0.03889597013088975,
            0.00989100369527717,
            -0.03507916896887332,
            -0.00024203745367015232,
            -0.03284734791324741,
            0.008342146496258912,
            0.010728915881246952,
            -0.028618737477526024,
            -0.0021757719151708,
            -0.0022412620500813297,
            -0.0041138405942462925,
            -0.001266063360414978,
            0.022573789282596707,
            -0.0031572699024988915,
            0.0047728517314106714,
            -0.0015731168131997934,
            0.00020358189142583353,
            -0.00041624172099715605,
            -0.00011390817945900196
        ],
        [
            -0.20792842186762003,
            -0.13094052552453478,
            -0.004731989910591931,
            0.023796201846892268,
            -0.0010450024569161978,
            -0.02178203109379963,
            -0.02424423913515558,
            -0.028618737477526024,
            0.20854593954081604,
            -0.02165553167229088,
            0.2566312233742472,
            0.06383034611400985,
            -0.0010142180992833336,
            -0.03987124999494277,
            -0.004156950780806063,
            -0.03992901460371776,
            0.028975511790362705,
            0.006711065496079182,
            -0.16626014521034857,
            0.008461648369949252
        ],
        [
            -0.012455846668002524,
            -0.003092480374806954,
            -0.006245416302926544,
            0.020736779930435514,
            0.0003781947139299683,
            0.02699971431353679,
            -0.002672222421726048,
            -0.0021757719151708,
            -0.02165553167229088,
            0.006167610742354611,
            -0.052962496993078687,
            -0.011749692017155703,
            0.0011651762389914006,
            -0.008912134273105648,
            0.003132723140792765,
            0.0022534711191898532,
            -0.006485146611541936,
            -0.0015400068225533863,
            0.03464068157357067,
            -0.0016472136832389845
        ],
        [
            0.03895021834044892,
            0.022644808442237794,
            0.019603584412107387,
            -0.05905004687916749,
            -0.0015916150963526214,
            -0.0116096416725595,
            0.10514866153716891,
            -0.0022412620500813297,
            0.2566312233742472,
            -0.052962496993078687,
            0.570516847894202,
            0.19038142863706103,
            -0.005663392089588455,
            -0.01230463393326883,
            -0.01103904373422835,
            0.023549479726210798,
            0.10470966721022838,
            0.014476953232807144,
            -0.3327743269076952,
            0.015672027382696477
        ],
        [
            0.019336985568797545,
            0.02288158266472081,
