{
    "opt_E": -2.220167802528449,
    "HF_E": -2.1876714621052624,
    "B3LYP_E": -2.190372816141192,
    "sto-3G_E": -2.176492823739352,
    "proj": [
        [
            0.5938699243309912,
            0.37138792702249074,
            0.04586731997053915,
            -0.15400936106330462,
            1.2982556344451882e-05,
            -0.04104069895728862,
            0.15985623705894172,
            0.08116636276860102,
            -0.19696268838274356,
            0.014122521650504493,
            0.026025683981976057,
            0.019808936234887414,
            0.0035633356885303464,
            0.050281029908672246,
            0.010818745588748504,
            -0.0011314154782764636,
            -0.023169624923885367,
            -0.0002857374609213074,
            -0.018678812479958395,
            0.0013871620508730833
        ],
        [
            0.37138792702249074,
            0.2569355524146278,
            0.011327757693095464,
            -0.04387712129595094,
            -0.0009718665313488822,
            0.09261671706937981,
            0.14610280845444495,
            0.04167902975941339,
            -0.12548871439861375,
            0.002777673445467958,
            0.014593872071601724,
            0.024837028572072956,
            -0.0024255813086271516,
            -0.026628750880150785,
            -0.006898281109994983,
            -0.02748581764859704,
            -0.032389723774177585,
            7.17530400561565e-05,
            -0.011082358669624256,
            0.0004988457493641191
        ],
        [
            0.04586731997053915,
            0.011327757693095464,
            0.01745199246128336,
            -0.053570355778179195,
            0.0009917884908719292,
            -0.09468633049096016,
            -0.020753676321351038,
            0.013801660352662936,
            -0.004543424420612444,
            0.008095153817153323,
            0.019680799106570245,
            -0.010009659889476724,
            0.003269745856962768,
            0.035534228273030405,
            0.013941646388817832,
            -0.007480101458366777,
            -0.0020532387136954133,
            -0.0009711917133796965,
            -0.01878922501561173,
            0.0014943719702853592
        ],
        [
            -0.15400936106330462,
            -0.04387712129595094,
            -0.053570355778179195,
            0.1649480781537368,
            -0.0029164016029384746,
            0.28633558627548816,
            0.0598328133340439,
            -0.043321313627155265,
            0.02286243978653373,
            -0.02362590860111226,
            -0.050957890326113364,
            0.0324056943889002,
            -0.01003794256889023,
            -0.10970775277530934,
            -0.041565237263044674,
            0.020630534022646193,
            0.0073220679595002395,
            0.0027125555358766067,
            0.05174437686749762,
            -0.004131072039321862
        ],
        [
            1.2982556344451882e-05,
            -0.0009718665313488822,
            0.0009917884908719292,
            -0.0029164016029384746,
            9.684431543447899e-05,
            -0.005955365073434015,
            -0.0016024113006221957,
            0.0006260183976195061,
            0.002211545113849692,
            0.0008806185949825223,
            0.004386620078050194,
            -0.00020551609563888498,
            0.00013313005228492215,
            0.0008787521796728366,
            0.0011916044462007306,
            -0.0027747960709530698,
            -0.0008108104168455671,
            -0.0001640170240857854,
            -0.0035160794801679944,
            0.0002600763828917329
        ],
        [
            -0.04104069895728862,
            0.09261671706937981,
            -0.09468633049096016,
            0.28633558627548816,
            -0.005955365073434015,
            0.6209416133664711,
            0.22968520624240177,
            -0.051832722705238074,
            -0.016600217077504326,
            -0.03605766596569158,
            -0.02333272766643174,
            0.1093982851112728,
            -0.02130810322974217,
            -0.22733669621137506,
            -0.08191269886978557,
            0.03859986237117821,
            0.014848601948062803,
            0.004174948206673781,
            0.06317739402867473,
            -0.0051869275502082444
        ],
        [
            0.15985623705894172,
            0.14610280845444495,
            -0.020753676321351038,
            0.0598328133340439,
            -0.0016024113006221957,
            0.22968520624240177,
            0.15531819765358415,
            0.008999495949509717,
            -0.02136977671109866,
            0.0030089046484507507,
            0.103080567116004,
            0.08856728329121268,
            -0.007820086887679767,
            -0.07654376405308878,
            -0.021732324980911297,
            0.020339684933371356,
            0.02207494832507656,
            -0.0006099469805034176,
            -0.03476116887934497,
            0.0026970947888476813
        ],
        [
            0.08116636276860102,
            0.04167902975941339,
            0.013801660352662936,
            -0.043321313627155265,
            0.0006260183976195061,
            -0.051832722705238074,
            0.008999495949509717,
            0.01601474937404129,
            -0.012994848520237743,
            0.008057575945322625,
            0.03396596615157259,
            0.006674588869893903,
            0.0019786083114574347,
            0.024690996849236466,
            0.009258173049718772,
            0.0027578866414394053,
            0.004818497299323963,
            -0.0008817551893839295,
            -0.02078809372547589,
            0.0016951146615038013
        ],
        [
            -0.19696268838274356,
            -0.12548871439861375,
            -0.004543424420612444,
            0.02286243978653373,
            0.002211545113849692,
            -0.016600217077504326,
            -0.02136977671109866,
            -0.012994848520237743,
            0.17387348433975688,
            0.028176734360742552,
            0.24049784374118008,
            0.06756034657788991,
            -0.0025084479182355857,
            -0.037147690788557765,
            0.01968373916247701,
            -0.043596054824107486,
            0.028069342419837218,
            -0.006017694027828183,
            -0.1408443824128212,
            0.010833334838997687
        ],
        [
            0.014122521650504493,
            0.002777673445467958,
            0.008095153817153323,
            -0.02362590860111226,
            0.0008806185949825223,
            -0.03605766596569158,
            0.0030089046484507507,
            0.008057575945322625,
            0.028176734360742552,
            0.011449983208768397,
            0.07501379279651392,
            0.019367907676790988,
            0.0006936301011206049,
            0.0073315954673447365,
            0.010254929621332978,
            -0.00853406589862165,
            0.008629320105331947,
            -0.0018977609340150791,
            -0.04465993405893733,
            0.003489866166335331
        ],
        [
            0.026025683981976057,
            0.014593872071601724,
            0.019680799106570245,
            -0.050957890326113364,
            0.004386620078050194,
            -0.02333272766643174,
            0.103080567116004,
            0.03396596615157259,
            0.24049784374118008,
            0.07501379279651392,
            0.5928436992498665,
            0.21405882273027677,
            -0.002986045508480922,
            -0.0216569200807695,
            0.044434110404122686,
            -0.004070223873636608,
            0.10833227164917199,
            -0.012826678075303685,
            -0.3176089692094066,
            0.0251101929573926
        ],
        [
            0.019808936234887414,
            0.024837028572072956,
