{
    "opt_E": -2.1888900555895066,
    "HF_E": -2.15814625420509,
    "B3LYP_E": -2.1601915738032327,
    "sto-3G_E": -2.145148265180424,
    "proj": [
        [
            0.56000867688226,
            0.35433013141022596,
            0.03853870020312412,
            -0.1676848683122995,
            -0.04259918081794751,
            0.013517122596776633,
            0.1749400219882832,
            0.07027281418932398,
            -0.2059311173393704,
            -0.07181318105489568,
            0.03798079359427881,
            0.02826285359768337,
            0.003141489701642518,
            0.04865573702363574,
            0.0012073418817897654,
            -0.0018379085284818619,
            -0.029287920834451704,
            -0.0013614391467588081,
            -0.025614778426341727,
            -0.001435988427829151
        ],
        [
            0.35433013141022596,
            0.2391610744050271,
            0.012863517823540567,
            -0.06196776853800619,
            -0.014549917722006662,
            0.09065298668465778,
            0.13816064550544818,
            0.037502921437705165,
            -0.1285751386976056,
            -0.039581016754394585,
            0.03197191825017512,
            0.025048170343536805,
            -0.0022247741476426426,
            -0.028067205742962224,
            0.00017406170119432633,
            -0.03178897726262263,
            -0.03687228682658838,
            -0.001369265390637831,
            -0.0238582544971817,
            -0.0012082725770521739
        ],
        [
            0.03853870020312412,
            0.012863517823540567,
            0.014731879324262818,
            -0.05680471082581347,
            -0.015879321817319762,
            -0.07917294563441105,
            -0.011486172220908078,
            0.012439911186845804,
            0.0001330719922462157,
            -0.010324694877018167,
            0.016052862682249775,
            -0.009504265456582058,
            0.001940491471841265,
            0.04230417461361049,
            0.00043625744630639067,
            -0.009951217873564287,
            -0.005056356377977626,
            -0.0022242547779164844,
            -0.02126788034155317,
            -0.0002786084297445077
        ],
        [
            -0.1676848683122995,
            -0.06196776853800619,
            -0.05680471082581347,
            0.22032775732490836,
            0.061308161529063446,
            0.2995473744803453,
            0.03953206859626026,
            -0.04902745841255974,
            0.016856265712402358,
            0.04178659093893219,
            -0.04616559600377263,
            0.03901862681367958,
            -0.008006583698924943,
            -0.16376637676832698,
            -0.001618840444499765,
            0.03396376470658308,
            0.020608489950559472,
            0.007385524290307074,
            0.07029179502720807,
            0.0008919689807692944
        ],
        [
            -0.04259918081794751,
            -0.014549917722006662,
            -0.015879321817319762,
            0.061308161529063446,
            0.01712109419980805,
            0.08507574057006746,
            0.012183311104537764,
            -0.013456498640371906,
            0.0009552858193741453,
            0.011237242894527802,
            -0.016154888866332182,
            0.010513019197444724,
            -0.002121429198601436,
            -0.04559335207303956,
            -0.0004636200537217088,
            0.010622651412157031,
            0.005643520767422375,
            0.002320420443651061,
            0.022158925947947855,
            0.00028751813219359007
        ],
        [
            0.013517122596776633,
            0.09065298668465778,
            -0.07917294563441105,
            0.2995473744803453,
            0.08507574057006746,
            0.5553816182185308,
            0.18687252150533143,
            -0.04497252866888173,
            -0.03896502835410805,
            0.03453270025387207,
            0.02211252335174793,
            0.11306183066719945,
            -0.014927512267007817,
            -0.2729165222291956,
            -0.0017059278686502013,
            0.055408430001819116,
            0.031478186822209465,
            0.007454821775665822,
            0.059539559372842325,
            -0.00026605161405054045
        ],
        [
            0.1749400219882832,
            0.13816064550544818,
            -0.011486172220908078,
            0.03953206859626026,
            0.012183311104537764,
            0.18687252150533143,
            0.13088803641740013,
            0.011642036921293899,
            -0.024669961682987882,
            -0.01160990859713211,
            0.11167244401216665,
            0.07815785538012356,
            -0.0054885902480001966,
            -0.06914875613405991,
            0.0005691354584355657,
            0.02689275090638598,
            0.022450608381698645,
            -0.003203658457398532,
            -0.04229699104582446,
            -0.001620875498875988
        ],
        [
            0.07027281418932398,
            0.037502921437705165,
            0.012439911186845804,
            -0.04902745841255974,
            -0.013456498640371906,
            -0.04497252866888173,
            0.011642036921293899,
            0.01433482409962476,
            -0.00745674644721521,
            -0.012445235092785568,
            0.03186529727701797,
            0.004952954553410698,
            0.0013148268013586206,
            0.03229268571862207,
            0.0005612340499084142,
            0.0007688803087412448,
            0.0018740757681951993,
            -0.0023358135453457156,
            -0.024123431869675648,
            -0.0004869288571955287
        ],
        [
            -0.2059311173393704,
            -0.1285751386976056,
            0.0001330719922462157,
            0.016856265712402358,
            0.0009552858193741453,
            -0.03896502835410805,
            -0.024669961682987882,
            -0.00745674644721521,
            0.24808940964496426,
            0.021677995300282207,
            0.2814114071866542,
            0.0650650021199759,
            -0.008752483345104752,
            -0.017603919186824236,
            0.0013960360878038575,
            -0.047547211332116666,
            0.030219642426198512,
            -0.01925161994772768,
            -0.19311718033837666,
            -0.0033553492043742047
        ],
        [
            -0.07181318105489568,
            -0.039581016754394585,
            -0.010324694877018167,
            0.04178659093893219,
            0.011237242894527802,
            0.03453270025387207,
            -0.01160990859713211,
            -0.012445235092785568,
            0.021677995300282207,
            0.011752584435927884,
            -0.009466694516723969,
            -0.00043991949877176194,
            -0.0016409900026732255,
            -0.027992738970007605,
            -0.0003867889194283696,
            -0.004058813841743132,
            -2.011816432693191e-06,
            0.0007511407978908039,
            0.00813844365342224,
            0.00020075906045953295
        ],
        [
            0.03798079359427881,
            0.03197191825017512,
            0.016052862682249775,
            -0.04616559600377263,
            -0.016154888866332182,
            0.02211252335174793,
            0.11167244401216665,
            0.03186529727701797,
            0.2814114071866542,
            -0.009466694516723969,
            0.5391978578169558,
            0.18427245469507297,
            -0.01069364558622782,
            0.01211834428843654,
            0.004129646229705081,
            0.024678646430181674,
            0.1017148764297849,
            -0.031107725059711835,
            -0.32232129253067754,
            -0.006595065472380286
        ],
        [
            0.02826285359768337,
            0.025048170343536805,
            -0.009504265456582058,
