{
    "opt_E": -2.1979242103373875,
    "HF_E": -2.164678300468558,
    "B3LYP_E": -2.168286918070006,
    "sto-3G_E": -2.138034663643251,
    "proj": [
        [
            0.6012288538169712,
            0.38384093835098415,
            -0.054201953348157014,
            -0.14354739440449768,
            0.010069307912458388,
            -0.046466618166489664,
            0.14391513263646424,
            -0.10460680443229115,
            -0.17149060222981438,
            0.018742217548450943,
            0.01903272009629767,
            0.026391757893731282,
            -0.017303636679231717,
            0.055295936021752416,
            -0.0010446575720945842,
            0.003969903263258484,
            -0.02616099162712593,
            -0.004799124748458525,
            -0.006610548508954677,
            0.004044448647194155
        ],
        [
            0.38384093835098415,
            0.26970493950574603,
            -0.013556387988538381,
            -0.04406330381932247,
            0.0025734424901012573,
            0.08596077243920876,
            0.13753893434115047,
            -0.052210523527541165,
            -0.12097689515094336,
            0.01042651931174957,
            0.009963404414266259,
            0.026596387663890893,
            0.00395055147077229,
            -0.027105880834669204,
            -0.0016267133732988863,
            -0.02624210417951109,
            -0.03822093618708222,
            -0.0009643251713616285,
            -0.0033703403275044297,
            0.0008227133151573707
        ],
        [
            -0.054201953348157014,
            -0.013556387988538381,
            0.025206696354472966,
            0.05749088625667735,
            -0.004619684352019133,
            0.11069228605669088,
            0.027289608341725963,
            0.02606984037149463,
            -0.005906135973659715,
            -0.0038618489134487734,
            -0.02315396013454068,
            0.007927934203234474,
            0.020916677819747893,
            -0.0538784419837511,
            -0.0057834929508425986,
            0.007572527046619818,
            0.001466163611703374,
            0.0062518041615754315,
            0.016755012303132345,
            -0.0066408656085421595
        ],
        [
            -0.14354739440449768,
            -0.04406330381932247,
            0.05749088625667735,
            0.13350917213001384,
            -0.01057845454934559,
            0.25151867604336753,
            0.06104071748284282,
            0.057702199959409776,
            0.007230390065561493,
            -0.008489335564645196,
            -0.022450354383525422,
            0.02685539194162977,
            0.043878684504230145,
            -0.12324961591985675,
            -0.010184050457187328,
            0.007615495992303827,
            0.0040562270218896124,
            0.010271992440624335,
            0.02331836576509007,
            -0.010486775195629714
        ],
        [
            0.010069307912458388,
            0.0025734424901012573,
            -0.004619684352019133,
            -0.01057845454934559,
            0.0008478919625647651,
            -0.02041005675768863,
            -0.0051494264355223685,
            -0.004692420695483475,
            0.0007044855010456171,
            0.0006936822152961216,
            0.003457858358402937,
            -0.001846446398062227,
            -0.0038021572802988133,
            0.009785831917511763,
            0.0010425926885570035,
            -0.0016130366520108875,
            -0.0005772022926439342,
            -0.0010679371254399325,
            -0.0027945921622384894,
            0.0011285539057953498
        ],
        [
            -0.046466618166489664,
            0.08596077243920876,
            0.11069228605669088,
            0.25151867604336753,
            -0.02041005675768863,
            0.5931677505184373,
            0.2332097343448364,
            0.07815649408656476,
            -0.03968539977365268,
            -0.009542139292973548,
            0.019446530751840916,
            0.1059521503061486,
            0.09265457411685517,
            -0.2669149207399675,
            -0.021840818210862672,
            0.021963970076221674,
            0.01023504575572819,
            0.015210512557329163,
            0.026926474778831592,
            -0.015037026433687366
        ],
        [
            0.14391513263646424,
            0.13753893434115047,
            0.027289608341725963,
            0.06104071748284282,
            -0.0051494264355223685,
            0.2332097343448364,
            0.1510340026171626,
            -0.010470631975749116,
            -0.021257286712395494,
            0.003543550165883164,
            0.10576215713489083,
            0.09272267298182442,
            0.026332321341885994,
            -0.08119386723678101,
            -0.005593000980938864,
            0.02529262859888856,
            0.025314828636519158,
            -0.005140575126267045,
            -0.026232979404167,
            0.006384340744719309
        ],
        [
            -0.10460680443229115,
            -0.052210523527541165,
            0.02606984037149463,
            0.057702199959409776,
            -0.004692420695483475,
            0.07815649408656476,
            -0.010470631975749116,
            0.0412189712605679,
            -0.01984023660264637,
            -0.0068189943400359405,
            -0.09399826453973786,
            -0.026877804121332387,
            0.023988002424200783,
            -0.04748712411160454,
            -0.009039229082768717,
            0.012192826156616304,
            -0.006025687825790797,
            0.013998792087728347,
            0.04548139551080951,
            -0.015565805922192798
        ],
        [
            -0.17149060222981438,
            -0.12097689515094336,
            -0.005906135973659715,
            0.007230390065561493,
            0.0007044855010456171,
            -0.03968539977365268,
            -0.021257286712395494,
            -0.01984023660264637,
            0.18273750965047847,
            0.003184124579250784,
            0.2671513445529556,
            0.07991148770437367,
            -0.03559373545384819,
            0.020114389335180703,
            0.02439420503579467,
            -0.056882936520326166,
            0.02517079290261583,
            -0.034646884342699344,
            -0.1267838219016687,
            0.04019694331581466
        ],
        [
            0.018742217548450943,
            0.01042651931174957,
            -0.0038618489134487734,
            -0.008489335564645196,
            0.0006936822152961216,
            -0.009542139292973548,
            0.003543550165883164,
            -0.0068189943400359405,
            0.003184124579250784,
            0.0011739152857325708,
            0.01666861497636387,
            0.004590407759733259,
            -0.003934959943741477,
            0.005439015463609546,
            0.0018135394662702835,
            -0.005405891300918455,
            -0.0011624866174837736,
            -0.002515363635136822,
            -0.008522644250403198,
            0.0028347739467709456
        ],
        [
            0.01903272009629767,
            0.009963404414266259,
            -0.02315396013454068,
            -0.022450354383525422,
            0.003457858358402937,
            0.019446530751840916,
            0.10576215713489083,
            -0.09399826453973786,
            0.2671513445529556,
            0.01666861497636387,
            0.5928228162392012,
            0.23241390274588383,
            -0.059676711635833116,
            0.04018267852835291,
            0.03918334563298029,
            -0.046169696726988764,
            0.08462998635789075,
            -0.0711593242466357,
            -0.25700274318582295,
            0.08177849234401081
        ],
        [
            0.026391757893731282,
            0.026596387663890893,
            0.007927934203234474,
