{
    "opt_E": -2.200558994570971,
    "HF_E": -2.1711058140999215,
    "B3LYP_E": -2.172990544960906,
    "sto-3G_E": -2.1636981922185647,
    "proj": [
        [
            0.5091104164910834,
            0.30591956126081626,
            -0.0027322200252316063,
            -0.16688317655675777,
            -0.004208997850866451,
            0.09943016333017925,
            0.18296885895026999,
            0.0022310761520493083,
            -0.2850141532216767,
            -0.005479978270151676,
            0.03785640491791547,
            0.03199011974581266,
            -2.468411067555501e-05,
            0.011349948405501624,
            0.00213983852987587,
            0.004465617035921141,
            -0.02884587484241541,
            0.0016521889212590037,
            -0.01913302495760982,
            -0.0035080354701371723
        ],
        [
            0.30591956126081626,
            0.19362891228366716,
            -0.0014857484326722351,
            -0.054327167806194315,
            -0.0014821683016277847,
            0.12406179257179147,
            0.12863050312947266,
            0.0002553695182405696,
            -0.15163536501311242,
            -0.003482602592001489,
            0.032007035417229636,
            0.026014158570099487,
            -0.005706699896349957,
            -0.0348078258644184,
            -0.0027024509473139013,
            -0.022114331852153037,
            -0.03008887510465518,
            0.0005916411800210614,
            -0.017196436228206987,
            -0.00290312637205328
        ],
        [
            -0.0027322200252316063,
            -0.0014857484326722351,
            3.4978730151446685e-05,
            0.0006252221743930342,
            1.8574040227910198e-05,
            -0.0004977365677749421,
            -0.00046788991129403663,
            0.0002434449271329434,
            0.002801317969063906,
            0.00014104834292560977,
            0.0027555594785792525,
            0.0003626616043884505,
            0.00010352807588960352,
            -0.000786526466062801,
            -0.00021315872882626176,
            -0.001965802989659308,
            -0.0005227253529382894,
            -4.768108257589512e-05,
            -0.0019690862416464473,
            -0.0003224465009978743
        ],
        [
            -0.16688317655675777,
            -0.054327167806194315,
            0.0006252221743930342,
            0.3375340422624169,
            0.007802740577631634,
            0.3436493026467376,
            0.029912832503183908,
            -0.018667220283262283,
            0.14769169434324603,
            -0.004555598016105105,
            -0.0852880819818564,
            0.03561729834252527,
            -0.03772654540070511,
            -0.17752641460081914,
            -0.008547960166161555,
            0.03458185371662093,
            0.025832846380875085,
            -0.0005539367357644985,
            0.08894262167070474,
            0.015538766226570213
        ],
        [
            -0.004208997850866451,
            -0.0014821683016277847,
            1.8574040227910198e-05,
            0.007802740577631634,
            0.0001818021617103471,
            0.007803134924226957,
            0.0006898244815181922,
            -0.0003724413972967116,
            0.003851460008339775,
            -7.696414518732603e-05,
            -0.0012663199133760785,
            0.001175887557661068,
            -0.0008376802955886601,
            -0.003904354915404023,
            -0.00018579141016446032,
            0.001177330087014827,
            0.000993174899623675,
            -1.7434673893491184e-05,
            0.0017867005487564062,
            0.0003142747483857036
        ],
        [
            0.09943016333017925,
            0.12406179257179147,
            -0.0004977365677749421,
            0.3436493026467376,
            0.007803134924226957,
            0.529374753267344,
            0.17129140500247533,
            -0.01753096870300984,
            0.04783712886454273,
            -0.006979079358771903,
            -0.015757952874230905,
            0.09310887208671792,
            -0.04836707426772552,
            -0.23674789516313716,
            -0.012772761935734865,
            0.03663753164600738,
            0.022365952160920202,
            -0.0004330462380116333,
            0.06533603354173541,
            0.011708622309246996
        ],
        [
            0.18296885895026999,
            0.12863050312947266,
            -0.00046788991129403663,
            0.029912832503183908,
            0.0006898244815181922,
            0.17129140500247533,
            0.12269570914148208,
            0.005228688920071245,
            -0.03250233413991467,
            0.0003229609361880566,
            0.1191298724536612,
            0.0789390506718755,
            -0.008712927661384715,
            -0.05313324967925059,
            -0.004533233552530613,
            0.01990128336703609,
            0.023447011974875535,
            -0.0005051846962851248,
            -0.044238452786617366,
            -0.007209182544050546
        ],
        [
            0.0022310761520493083,
            0.0002553695182405696,
            0.0002434449271329434,
            -0.018667220283262283,
            -0.0003724413972967116,
            -0.01753096870300984,
            0.005228688920071245,
            0.004841091645895775,
            0.014800572488069907,
            0.0019648102357910395,
            0.0512725041879233,
            0.014301049311336038,
            0.0035595275465312515,
            0.007587088602480341,
            -0.000985452724537216,
            -0.0065360205748683795,
            0.004903816852729639,
            -0.0004341119635557405,
            -0.03015851089528921,
            -0.005027107919557291
        ],
        [
            -0.2850141532216767,
            -0.15163536501311242,
            0.002801317969063906,
            0.14769169434324603,
            0.003851460008339775,
            0.04783712886454273,
            -0.03250233413991467,
            0.014800572488069907,
            0.2737544534523281,
            0.010263943543186813,
            0.20855269974835347,
            0.07366930293565713,
            -0.0011825927726967025,
            -0.06753301234728032,
            -0.012176979152160188,
            -0.041221575809100096,
            0.036398050481063815,
            -0.0034061869185730504,
            -0.1099894422042304,
            -0.01779858506122727
        ],
        [
            -0.005479978270151676,
            -0.003482602592001489,
            0.00014104834292560977,
            -0.004555598016105105,
            -7.696414518732603e-05,
            -0.006979079358771903,
            0.0003229609361880566,
            0.0019648102357910395,
            0.010263943543186813,
            0.00088488157613632,
            0.02111192398064456,
            0.0055913119968759705,
            0.001343123586684995,
            0.0018208806483643969,
            -0.0005661736943548027,
            -0.0038265255806902107,
            0.001815378028572809,
            -0.00021451453621728513,
            -0.012584678749980146,
            -0.0020893594221842245
        ],
        [
            0.03785640491791547,
            0.032007035417229636,
            0.0027555594785792525,
            -0.0852880819818564,
            -0.0012663199133760785,
            -0.015757952874230905,
            0.1191298724536612,
            0.0512725041879233,
            0.20855269974835347,
            0.02111192398064456,
            0.6091262385525378,
            0.21771685234628246,
            0.024588361289385217,
            0.01734670503586935,
            -0.013964558601035466,
            -0.024594731931419936,
            0.09459305645889973,
            -0.0051973405932616255,
            -0.3260918151833572,
            -0.05408176900700586
        ],
        [
            0.03199011974581266,
