{
    "opt_E": -2.214261363722882,
    "HF_E": -2.182236957165207,
    "B3LYP_E": -2.1849278746661787,
    "sto-3G_E": -2.1714063921853954,
    "proj": [
        [
            0.5611537117577243,
            0.34975014460644643,
            0.01524713158308538,
            -0.1738270874214667,
            0.01352869481433565,
            0.009585134881651905,
            0.17233820795623644,
            0.013450666407849747,
            -0.23909095090725357,
            0.02224094530480065,
            0.04379596229132631,
            0.023568024195912654,
            -0.0046568152900694345,
            0.04294869534226848,
            0.0006759285663237658,
            0.00021412163149768808,
            -0.02769748519519253,
            -0.00547112390565245,
            -0.022419076508199402,
            -0.005593863347734868
        ],
        [
            0.34975014460644643,
            0.23541423621645116,
            0.005284813858957548,
            -0.05436557291739872,
            0.004069445826902939,
            0.1017205354495749,
            0.13904385400616368,
            0.010261802927497952,
            -0.14474488118894407,
            0.011681483717709277,
            0.02363455006538213,
            0.021844175203334665,
            0.006282987748389989,
            -0.026682252650278182,
            0.0009140622048627967,
            -0.025685794036382686,
            -0.03453503274771529,
            -0.002299315706180989,
            -0.012003948018951454,
            -0.0024854986330965483
        ],
        [
            0.01524713158308538,
            0.005284813858957548,
            0.001507686401790992,
            -0.019044505134075115,
            0.0015167628015904807,
            -0.024797555454887453,
            -0.003389238777428349,
            -0.00040298324949320603,
            -0.006297301886699951,
            0.0011274915195904726,
            0.004154453886045533,
            -0.002292855580155382,
            -0.0031858342052392273,
            0.01285946510096808,
            -0.0007483750101226306,
            7.293082427445148e-05,
            -7.965936344715279e-05,
            -0.0007900381170228102,
            -0.003539216053303096,
            -0.0008751704528734578
        ],
        [
            -0.1738270874214667,
            -0.05436557291739872,
            -0.019044505134075115,
            0.2429338168426516,
            -0.019336203963444033,
            0.32548477213475413,
            0.050188153879517174,
            0.007779681178309321,
            0.06289702563978528,
            -0.013483588552654904,
            -0.06812976583096135,
            0.032236379264150315,
            0.0447721617827876,
            -0.15784012284117335,
            0.012750253224386835,
            0.025644202227860406,
            0.013492377103643446,
            0.012075677653640657,
            0.058440415069522945,
            0.013752351188136312
        ],
        [
            0.01352869481433565,
            0.004069445826902939,
            0.0015167628015904807,
            -0.019336203963444033,
            0.0015407515320314724,
            -0.02603566247061885,
            -0.00403818600463085,
            -0.0006599178105115687,
            -0.004763381144077098,
            0.001063318477244092,
            0.005802523239674867,
            -0.0022060749868623754,
            -0.003547005550536183,
            0.012912154651530268,
            -0.0009714825580304762,
            -0.0012196562697461568,
            -0.0004550673472316066,
            -0.0009659274167036497,
            -0.004644207339661127,
            -0.0010966103369788028
        ],
        [
            0.009585134881651905,
            0.1017205354495749,
            -0.024797555454887453,
            0.32548477213475413,
            -0.02603566247061885,
            0.5816695017773641,
            0.20094556057479931,
            0.013059978680684014,
            0.012110556872278163,
            -0.012137587646608546,
            -0.014052783949609413,
            0.10003753723060205,
            0.06912218098737204,
            -0.2553350522105933,
            0.018000506764678608,
            0.033229198432618665,
            0.016901169658025895,
            0.011782445462892234,
            0.05107636812783278,
            0.013192717484941028
        ],
        [
            0.17233820795623644,
            0.13904385400616368,
            -0.003389238777428349,
            0.050188153879517174,
            -0.00403818600463085,
            0.20094556057479931,
            0.1403931628303987,
            -0.0023221203027505065,
            -0.02157330523087631,
            0.0015419063382949615,
            0.11739284080740964,
            0.08710283958841757,
            0.013827636314854438,
            -0.06596301104352437,
            0.0015946983558649773,
            0.01806442366368908,
            0.023627618395921948,
            -0.005609873268461065,
            -0.037068149605556884,
            -0.006883015114413348
        ],
        [
            0.013450666407849747,
            0.010261802927497952,
            -0.00040298324949320603,
            0.007779681178309321,
            -0.0006599178105115687,
            0.013059978680684014,
            -0.0023221203027505065,
            0.006803663894036623,
            -0.03219941207456721,
            0.0008905677370610911,
            -0.060013323792781334,
            -0.018735173191684027,
            0.007125561832809265,
            -0.0038381215815096823,
            0.004238920276024842,
            0.011679602624712957,
            -0.005570530460724017,
            0.005013523640437649,
            0.030492173792663255,
            0.006168156499874779
        ],
        [
            -0.23909095090725357,
            -0.14474488118894407,
            -0.006297301886699951,
            0.06289702563978528,
            -0.004763381144077098,
            0.012110556872278163,
            -0.02157330523087631,
            -0.03219941207456721,
            0.21863632851497092,
            -0.012601598661896937,
            0.24253180704169736,
            0.08216299776138526,
            -0.02151923818341304,
            -0.032861760710566325,
            -0.01718050439028139,
            -0.05761522012511444,
            0.027874010901238512,
            -0.018707579498573514,
            -0.12032845055680987,
            -0.023598768354813397
        ],
        [
            0.02224094530480065,
            0.011681483717709277,
            0.0011274915195904726,
            -0.013483588552654904,
            0.001063318477244092,
            -0.012137587646608546,
            0.0015419063382949615,
            0.0008905677370610911,
            -0.012601598661896937,
            0.0012212730318622886,
            -0.003950907772972049,
            -0.0028257407720635075,
            -0.000975015945190243,
            0.007946339600815247,
            0.00016529257046597076,
            0.0021998514724745058,
            -0.0008351301332899854,
            6.490742225390317e-05,
            0.0013710557821325384,
            0.00016214845299927677
        ],
        [
            0.04379596229132631,
            0.02363455006538213,
            0.004154453886045533,
            -0.06812976583096135,
            0.005802523239674867,
            -0.014052783949609413,
            0.11739284080740964,
            -0.060013323792781334,
            0.24253180704169736,
            -0.003950907772972049,
            0.6064566443668379,
            0.2314071223395375,
            -0.05383446350914574,
            0.026192333689572585,
            -0.03294181735706593,
            -0.04225953869129688,
            0.09255329835829817,
            -0.04716792518373198,
            -0.2845446010779842,
            -0.05761278227880694
        ],
        [
            0.023568024195912654,
            0.021844175203334665,
