{
    "opt_E": -2.19406541995432,
    "HF_E": -2.163042769765285,
    "B3LYP_E": -2.165136451927088,
    "sto-3G_E": -2.142020934558679,
    "proj": [
        [
            0.5655834392284549,
            0.36282925381910114,
            0.03912477098167966,
            -0.1745100688771259,
            0.0035650904633496147,
            7.620035775569656e-05,
            0.1680933072407524,
            0.08003474975909165,
            -0.2064963176814493,
            0.0012336904770338262,
            0.028211427527861897,
            0.028647702326355613,
            0.0043710965321164365,
            0.044291904917666804,
            -0.00047356904468783727,
            0.00018990829131682076,
            -0.028778178257888486,
            0.008434518550421825,
            -0.015752986555770187,
            -0.0028546194541602655
        ],
        [
            0.36282925381910114,
            0.24971175046632854,
            0.01158900353428126,
            -0.06297186801277893,
            0.0015058261108998891,
            0.09083368193543814,
            0.1387749449693323,
            0.04269086494712091,
            -0.13177362961189548,
            0.0011298908796242822,
            0.025344162425065785,
            0.026777300581649694,
            -0.004156916480987995,
            -0.028215413875594043,
            0.0013513894534822259,
            -0.032019272474246276,
            -0.03629047731190157,
            0.0061541272625531196,
            -0.018781769965853293,
            -0.001987448155991827
        ],
        [
            0.03912477098167966,
            0.01158900353428126,
            0.01584535214774772,
            -0.05925398173976513,
            0.0009933945730341404,
            -0.08481211506576788,
            -0.015844509554432024,
            0.01684908304424314,
            -0.003282589702481875,
            -0.0012333388361417223,
            0.013723185132151962,
            -0.009704669018796836,
            0.015640220301691495,
            0.04313521167932383,
            -0.004494047984320643,
            -0.003271197937606086,
            -0.003446661781412372,
            0.007520171268923109,
            -0.013533615010494788,
            -0.0025717360449252105
        ],
        [
            -0.1745100688771259,
            -0.06297186801277893,
            -0.05925398173976513,
            0.223465533113802,
            -0.003782058324794123,
            0.3063536600370762,
            0.04889119188364134,
            -0.06396246540067564,
            0.02913984930214953,
            0.0039733352928740745,
            -0.04094828675579347,
            0.03623375635553409,
            -0.055033945959943334,
            -0.1586120939062355,
            0.0156817834465309,
            0.010468140447535893,
            0.014828897698447011,
            -0.02525242432512324,
            0.043825802017866775,
            0.008668331105291307
        ],
        [
            0.0035650904633496147,
            0.0015058261108998891,
            0.0009933945730341404,
            -0.003782058324794123,
            6.499860308161632e-05,
            -0.0048181740191661215,
            -0.0004897337798116311,
            0.001147241927482807,
            -0.0006847134019531006,
            -6.594422462457941e-05,
            0.0008626943890101184,
            -0.00041624917272687885,
            0.0008617026917405433,
            0.0026422296463001187,
            -0.0002443344956879073,
            2.758951164410574e-05,
            -0.00012829338734837072,
            0.0004281306557010667,
            -0.0007477479916583286,
            -0.00014647933122645095
        ],
        [
            7.620035775569656e-05,
            0.09083368193543814,
            -0.08481211506576788,
            0.3063536600370762,
            -0.0048181740191661215,
            0.5650310107789241,
            0.19851104831331923,
            -0.05992517450428158,
            -0.023932060040316432,
            0.004909813345678448,
            0.022021413502140336,
            0.11006462224385097,
            -0.0881059351767448,
            -0.2629827327404611,
            0.024944453931189752,
            0.02346724659974244,
            0.025621305052800056,
            -0.024249289018173654,
            0.02903810284976483,
            0.008628520220347213
        ],
        [
            0.1680933072407524,
            0.1387749449693323,
            -0.015844509554432024,
            0.04889119188364134,
            -0.0004897337798116311,
            0.19851104831331923,
            0.13407590903703412,
            0.01573826568213616,
            -0.02910582585911641,
            -0.0010333966969024908,
            0.10265398282846426,
            0.08221923809077053,
            -0.022176388894976133,
            -0.06570446655969786,
            0.006022649075569927,
            0.034709304221591526,
            0.029858117532018023,
            0.010242873496844213,
            -0.03297948694914985,
            -0.0031209494971197503
        ],
        [
            0.08003474975909165,
            0.04269086494712091,
            0.01684908304424314,
            -0.06396246540067564,
            0.001147241927482807,
            -0.05992517450428158,
            0.01573826568213616,
            0.03090317915467492,
            0.015826233700327885,
            -0.003694169561715127,
            0.08738167827045017,
            0.018489204728230138,
            0.022853862122098514,
            0.035625907781519445,
            -0.007075884213357069,
            -0.005850002150481882,
            0.003831648258597679,
            0.0230141273902421,
            -0.05277519713437151,
            -0.007622618401257964
        ],
        [
            -0.2064963176814493,
            -0.13177362961189548,
            -0.003282589702481875,
            0.02913984930214953,
            -0.0006847134019531006,
            -0.023932060040316432,
            -0.02910582585911641,
            0.015826233700327885,
            0.21395642218213265,
            -0.011547515037968853,
            0.2628384812593572,
            0.06203127216073598,
            0.04737403294484349,
            -0.009146932403109568,
            -0.016146026635118094,
            -0.03362925611100048,
            0.029765585554308978,
            0.06179826294534061,
            -0.15408920595537884,
            -0.02024695893622705
        ],
        [
            0.0012336904770338262,
            0.0011298908796242822,
            -0.0012333388361417223,
            0.0039733352928740745,
            -6.594422462457941e-05,
            0.004909813345678448,
            -0.0010333966969024908,
            -0.003694169561715127,
            -0.011547515037968853,
            0.0009111648703585588,
            -0.021224520230377672,
            -0.004601686554503687,
            -0.0045723772547680164,
            -0.0012777960578573872,
            0.001500168600948377,
            0.004216278508192836,
            -0.0005197091062505193,
            -0.005351424781445665,
            0.013108310207969804,
            0.0017602960882284009
        ],
        [
            0.028211427527861897,
            0.025344162425065785,
            0.013723185132151962,
            -0.04094828675579347,
            0.0008626943890101184,
            0.022021413502140336,
            0.10265398282846426,
            0.08738167827045017,
            0.2628384812593572,
            -0.021224520230377672,
            0.5611725192949645,
            0.18789538734130037,
            0.0732061660643625,
            0.018052332751176004,
            -0.02501411972483073,
            0.01986526136544943,
            0.09451981529224188,
            0.12060239309700597,
            -0.29616895543567795,
            -0.03944575625716687
        ],
        [
            0.028647702326355613,
            0.026777300581649694,
            -0.009704669018796836,
