{
    "opt_E": -2.213363998821713,
    "HF_E": -2.1815502765280836,
    "B3LYP_E": -2.183897943347625,
    "sto-3G_E": -2.1695356386129587,
    "proj": [
        [
            0.5617968765487615,
            0.3481877922699596,
            -0.01956796176539048,
            -0.17601214757062109,
            -0.004566705083699117,
            0.011015938035772374,
            0.17376959166924635,
            -0.04816804267048356,
            -0.23569728889711433,
            -0.005267182279086046,
            0.03920246593437933,
            0.024072421956842338,
            0.000948855760010887,
            0.04266517942703486,
            0.0012575936382364502,
            -0.0017759371829761434,
            -0.029819661638275215,
            -0.00955249871286716,
            -0.020493183905470294,
            -0.0011544264693084951
        ],
        [
            0.3481877922699596,
            0.23399174188839564,
            -0.004038153890758953,
            -0.053708510049749414,
            -0.0015786800389041933,
            0.10470159951955968,
            0.13964457625890958,
            -0.023471477374842887,
            -0.1418144283811152,
            -0.0034000279392776816,
            0.021822868116610373,
            0.023573417835631338,
            0.00699971806283925,
            -0.028498308778804098,
            -0.0015903198820052637,
            -0.026929713249803932,
            -0.034393177185327875,
            -0.004313445355638303,
            -0.011914088492739902,
            -0.000596674736068928
        ],
        [
            -0.01956796176539048,
            -0.004038153890758953,
            0.004694439340565649,
            0.033608030257991944,
            0.0007862347356926759,
            0.04750909249707417,
            0.009216408614026202,
            0.005295916384411068,
            0.007058264552019273,
            1.2504895187187282e-05,
            -0.007434562221166826,
            0.006125351862445314,
            0.005819181535796598,
            -0.022713035375867892,
            -0.0009344295288546036,
            0.0030681713669711897,
            0.0022487915573042934,
            0.003088869037852222,
            0.007454771930605188,
            0.00039207780816083546
        ],
        [
            -0.17601214757062109,
            -0.053708510049749414,
            0.033608030257991944,
            0.24341296327039957,
            0.005730836408184431,
            0.3236605201955624,
            0.04832968722379841,
            0.04059149822543122,
            0.06252246206886786,
            0.000330306361794725,
            -0.06200462225169244,
            0.036396137937601596,
            0.0402140166449141,
            -0.1593880181056871,
            -0.006508612066382387,
            0.019120222401353006,
            0.014847137718630297,
            0.023020431644627946,
            0.05594027020384794,
            0.0029233773074115593
        ],
        [
            -0.004566705083699117,
            -0.0015786800389041933,
            0.0007862347356926759,
            0.005730836408184431,
            0.0001354805071191977,
            0.007349542428985101,
            0.000885347346787677,
            0.0009959289634119885,
            0.0015371130338625914,
            7.954558338282332e-06,
            -0.0017017190820081216,
            0.0007567034773535938,
            0.0009615130513067769,
            -0.0036170464969979316,
            -0.00014647002771642827,
            0.000596965273888957,
            0.0004226655147467689,
            0.0005863789399100769,
            0.001455430528250756,
            7.510625416038865e-05
        ],
        [
            0.011015938035772374,
            0.10470159951955968,
            0.04750909249707417,
            0.3236605201955624,
            0.007349542428985101,
            0.5782015359937678,
            0.19831401446210603,
            0.036781455975182877,
            0.00898766495969223,
            -0.0010066556625424928,
            -0.010594487969451533,
            0.10509329770985801,
            0.06337343469456344,
            -0.2560090768910465,
            -0.010875023103246558,
            0.028342226733465155,
            0.02036940135778378,
            0.022371820851315016,
            0.0491127395891855,
            0.002768132511137457
        ],
        [
            0.17376959166924635,
            0.13964457625890958,
            0.009216408614026202,
            0.04832968722379841,
            0.000885347346787677,
            0.19831401446210603,
            0.13829962078699204,
            -0.012146407328173505,
            -0.023902795610048114,
            -1.7660860127816469e-06,
            0.1127239604199546,
            0.0855272974666327,
            0.01336827488542565,
            -0.06413906880857151,
            -0.003064405589174952,
            0.023589669986631277,
            0.026195227185344498,
            -0.011311627406176417,
            -0.036208133988978125,
            -0.0015392935060015908
        ],
        [
            -0.04816804267048356,
            -0.023471477374842887,
            0.005295916384411068,
            0.04059149822543122,
            0.0009959289634119885,
            0.036781455975182877,
            -0.012146407328173505,
            0.012077953894925303,
            -0.004042388000683076,
            -0.000676344634988632,
            -0.06134089456395815,
            -0.01548335311463076,
            0.010181840069886284,
            -0.021365330485350748,
            -0.0007510374804704708,
            0.00512280508821674,
            -0.0045985215069922055,
            0.011876226065813237,
            0.033361882616084235,
            0.0015775357928198008
        ],
        [
            -0.23569728889711433,
            -0.1418144283811152,
            0.007058264552019273,
            0.06252246206886786,
            0.0015371130338625914,
            0.00898766495969223,
            -0.023902795610048114,
            -0.004042388000683076,
            0.21671232287996198,
            0.00710664625294822,
            0.24485589893104354,
            0.07432709119383063,
            -0.032124879378459564,
            -0.033272619436145186,
            -0.0017213525751428402,
            -0.04938237778979341,
            0.028858131069435293,
            -0.042009458289205034,
            -0.129276463569122,
            -0.0058107915058651415
        ],
        [
            -0.005267182279086046,
            -0.0034000279392776816,
            1.2504895187187282e-05,
            0.000330306361794725,
            7.954558338282332e-06,
            -0.0010066556625424928,
            -1.7660860127816469e-06,
            -0.000676344634988632,
            0.00710664625294822,
            0.00025926863675112166,
            0.010798016404371929,
            0.003465969180911379,
            -0.001345024630877036,
            7.098013536992043e-05,
            -1.3272883666250075e-05,
            -0.0009407091604164853,
            0.0017136037406891742,
            -0.001835422134961526,
            -0.005489679601465431,
            -0.00024967855453345055
        ],
        [
            0.03920246593437933,
            0.021822868116610373,
            -0.007434562221166826,
            -0.06200462225169244,
            -0.0017017190820081216,
            -0.010594487969451533,
            0.1127239604199546,
            -0.06134089456395815,
            0.24485589893104354,
            0.010798016404371929,
            0.6004252671921636,
            0.21435985469556704,
            -0.06347631071833075,
            0.02222631029216552,
            -0.00021008826981066829,
            -0.021541476103171284,
            0.09385969285191474,
            -0.10027940476504969,
            -0.29556762381212115,
            -0.013527976531896687
        ],
        [
            0.024072421956842338,
            0.023573417835631338,
