{
    "opt_E": -2.20592319919621,
    "HF_E": -2.1743013343772954,
    "B3LYP_E": -2.176557685415365,
    "sto-3G_E": -2.161025604894438,
    "proj": [
        [
            0.5890969013636076,
            0.3700225822688237,
            0.021252490450396656,
            -0.17011350662438013,
            0.018064910565069602,
            -0.03465563762812599,
            0.16036216163339495,
            0.032699765209131475,
            -0.19885974687482624,
            0.04328083683061324,
            0.03708988656263593,
            0.020951645964675893,
            0.001087714027401318,
            0.052552375893180216,
            0.009454828306809385,
            -0.0037163161026092825,
            -0.02214070080040479,
            -0.006435119539803571,
            -0.027204575137539704,
            0.008437666231854182
        ],
        [
            0.3700225822688237,
            0.25680598199796945,
            0.006041134478330738,
            -0.05023816413816391,
            0.004218141984802353,
            0.09256819295756795,
            0.14374448533155432,
            0.016492056282650318,
            -0.13154894674976508,
            0.018434463691872068,
            0.019145661212287664,
            0.02397046701278637,
            -0.0005193217717121957,
            -0.03006801379773923,
            -0.00558164715298063,
            -0.031060196086658266,
            -0.03255091643386008,
            -0.003016780205438786,
            -0.017036835892307877,
            0.003633818157087989
        ],
        [
            0.021252490450396656,
            0.006041134478330738,
            0.0032740443796815013,
            -0.02532653060195132,
            0.0031526814645159093,
            -0.03896857465887407,
            -0.007690483421227644,
            0.0024679052454368933,
            -0.0007979146056840941,
            0.005368175501394696,
            0.008974944355434484,
            -0.004177764338624368,
            -0.0012832350209193225,
            0.016783895359329195,
            0.006208948779306907,
            -0.0024622691939731214,
            -0.0005294351266723303,
            -0.002154011543779442,
            -0.00861012709817897,
            0.002352355991856997
        ],
        [
            -0.17011350662438013,
            -0.05023816413816391,
            -0.02532653060195132,
            0.19654866987207173,
            -0.02434474417440255,
            0.30247234017909386,
            0.06096297370245321,
            -0.019335710838856573,
            0.01688543115430091,
            -0.03972435618726995,
            -0.05191963380153443,
            0.03785175908307663,
            0.008686311163301583,
            -0.13180691240407402,
            -0.04627038680377337,
            0.018744452334761363,
            0.007211281213374959,
            0.014477974427673533,
            0.056482794690285096,
            -0.01601741981022635
        ],
        [
            0.018064910565069602,
            0.004218141984802353,
            0.0031526814645159093,
            -0.02434474417440255,
            0.0030582205476445746,
            -0.038613985421591224,
            -0.008514300061027345,
            0.0022707519819024353,
            0.0005691251264013882,
            0.005168586713333319,
            0.0089571352146217,
            -0.004851760050388915,
            -0.001548685037673069,
            0.015344735987192427,
            0.006425783619729891,
            -0.004714270512345374,
            -0.0017209862125108087,
            -0.0022921786661846996,
            -0.009326365759001651,
            0.0024615557002366016
        ],
        [
            -0.03465563762812599,
            0.09256819295756795,
            -0.03896857465887407,
            0.30247234017909386,
            -0.038613985421591224,
            0.5950883268251075,
            0.2213434605790583,
            -0.021507527698399947,
            -0.028607650032316377,
            -0.046925252796103815,
            -0.00036202581545462844,
            0.1155195108653421,
            0.012607290439396407,
            -0.24366677907368714,
            -0.0799533767051162,
            0.037578711068682,
            0.01870974666191917,
            0.01537222831200974,
            0.05142440427347452,
            -0.01733433589805933
        ],
        [
            0.16036216163339495,
            0.14374448533155432,
            -0.007690483421227644,
            0.06096297370245321,
            -0.008514300061027345,
            0.2213434605790583,
            0.14727326064160579,
            0.0018721465582839667,
            -0.028659893903570502,
            0.005360760114469231,
            0.09762321787344506,
            0.08376175017136918,
            0.0012586993518681235,
            -0.07613522321153326,
            -0.021122906753353963,
            0.030593560839733434,
            0.025922535573193788,
            -0.005642379622138894,
            -0.03236926448837446,
            0.00569736044927399
        ],
        [
            0.032699765209131475,
            0.016492056282650318,
            0.0024679052454368933,
            -0.019335710838856573,
            0.0022707519819024353,
            -0.021507527698399947,
            0.0018721465582839667,
            0.0025070118448338296,
            -0.008471544899536502,
            0.0042406502099131506,
            0.0052617507691453645,
            -0.0005123306585378811,
            -0.00014009681277501825,
            0.012556565889798072,
            0.0030207396946839264,
            0.002541867238402143,
            0.001115027428054203,
            -0.0009919592541632034,
            -0.0036923280441586107,
            0.0011986359568687578
        ],
        [
            -0.19885974687482624,
            -0.13154894674976508,
            -0.0007979146056840941,
            0.01688543115430091,
            0.0005691251264013882,
            -0.028607650032316377,
            -0.028659893903570502,
            -0.008471544899536502,
            0.20641113817024784,
            0.023153075121697005,
            0.25800599210210107,
            0.061443871996748875,
            -0.02331960380322546,
            -0.0332136397516076,
            0.03514924001227783,
            -0.03652929725745122,
            0.03254206311247238,
            -0.0351455686766141,
            -0.16238834431280136,
            0.034614121286636386
        ],
        [
            0.04328083683061324,
            0.018434463691872068,
            0.005368175501394696,
            -0.03972435618726995,
            0.005168586713333319,
            -0.046925252796103815,
            0.005360760114469231,
            0.0042406502099131506,
            0.023153075121697005,
            0.015442774962302869,
            0.07285520908138715,
            0.014804696469868824,
            -0.00577474045791643,
            0.017159525828872084,
            0.014293826286077019,
            -0.004676526778009103,
            0.00834014548960751,
            -0.010508682283741811,
            -0.04684009179482168,
            0.010857657175516202
        ],
        [
            0.03708988656263593,
            0.019145661212287664,
            0.008974944355434484,
            -0.05191963380153443,
            0.0089571352146217,
            -0.00036202581545462844,
            0.09762321787344506,
            0.0052617507691453645,
            0.25800599210210107,
            0.07285520908138715,
            0.558265576856361,
            0.18880549200664426,
            -0.03368673591238446,
            -0.01308265530447793,
            0.05551004469025591,
            0.032875612329874696,
            0.11481572408465782,
            -0.0677915377944488,
            -0.3113672969416517,
            0.06877369807438065
        ],
        [
            0.020951645964675893,
            0.02397046701278637,
            -0.004177764338624368,
