{
    "opt_E": -2.1528529489471424,
    "HF_E": -2.1239917022320216,
    "B3LYP_E": -2.124946507735236,
    "sto-3G_E": -2.1074045402338695,
    "proj": [
        [
            0.4996731709467766,
            0.32750482069172954,
            0.02375363145542107,
            -0.17475851390379732,
            0.011615236848681052,
            0.09237688831256687,
            0.18929139696614133,
            0.016885631907576394,
            -0.2480418719178368,
            0.009090918249416718,
            0.04308078363151504,
            0.032927571350067686,
            0.005411291777494869,
            0.019113185266352792,
            0.005651612096462424,
            0.003366959005661441,
            -0.033830565780616106,
            -0.000904462874957535,
            -0.026626361031585232,
            -0.0033460985151563074
        ],
        [
            0.32750482069172954,
            0.2207137226400467,
            0.013519801322666551,
            -0.0919454285930766,
            0.006519276940448181,
            0.09371000926051273,
            0.13426982940976742,
            0.0077654806725736426,
            -0.14494808613875546,
            0.004136405847372591,
            0.049961012962879185,
            0.021756210463623388,
            0.007548704513344873,
            -0.02358358855169208,
            0.002808315099907419,
            -0.03158211013192833,
            -0.04008663348437684,
            3.221864576142308e-05,
            -0.04412343091587976,
            -0.00463356541171166
        ],
        [
            0.02375363145542107,
            0.013519801322666551,
            0.004011384073913973,
            -0.03715230080431413,
            0.0020055025255560684,
            -0.03168126222366313,
            0.0023811497604750184,
            -0.0020072225167100805,
            -0.009290414735774117,
            -0.0006750907748422854,
            0.00913729325540892,
            -0.004344934914163765,
            -0.007347218370374516,
            0.020540773386206523,
            -0.003830056080324141,
            -0.0019212712620201137,
            -0.004673074138430924,
            -0.00018941268641291283,
            -0.011956762001888612,
            -0.0015220871011186947
        ],
        [
            -0.17475851390379732,
            -0.0919454285930766,
            -0.03715230080431413,
            0.3518460477337361,
            -0.01861612717543903,
            0.33649963939772726,
            0.007359832456982324,
            0.01682033830527127,
            0.0792682663950573,
            0.005319348152141075,
            -0.054544171054803255,
            0.05632101514380882,
            0.07301408098407579,
            -0.2074427873587526,
            0.037405366939606874,
            0.019845616084730365,
            0.04558664458575551,
            0.0017903689206992702,
            0.09439181402995314,
            0.012383033653080106
        ],
        [
            0.011615236848681052,
            0.006519276940448181,
            0.0020055025255560684,
            -0.01861612717543903,
            0.001003953827836326,
            -0.0160672429233977,
            0.0010726632904296373,
            -0.0010050430093605284,
            -0.004612820265772296,
            -0.0003362355257078085,
            0.004549728530089344,
            -0.0019845073763639378,
            -0.0036997104090882266,
            0.010732700780833934,
            -0.001883706308855483,
            -0.00023389886168068757,
            -0.0018616969226126403,
            -0.00010555068193392078,
            -0.005665982077798889,
            -0.0007350552324489983
        ],
        [
            0.09237688831256687,
            0.09371000926051273,
            -0.03168126222366313,
            0.33649963939772726,
            -0.0160672429233977,
            0.4982594458018069,
            0.14604542973288726,
            0.017748598803673406,
            -0.010729762081321415,
            0.005719609683225301,
            0.039772014238032324,
            0.11530518603640315,
            0.09165411531383282,
            -0.2553762344930794,
            0.046489047511985335,
            0.03353403540893762,
            0.04783199778819029,
            0.0016099740648900364,
            0.04765200010737697,
            0.007373050029377784
        ],
        [
            0.18929139696614133,
            0.13426982940976742,
            0.0023811497604750184,
            0.007359832456982324,
            0.0010726632904296373,
            0.14604542973288726,
            0.11473300781647408,
            -0.006610350005903644,
            -0.03816422334625767,
            -0.0032690626468801815,
            0.11686957369654628,
            0.06744046417289329,
            0.015371335889796379,
            -0.03889430199527778,
            0.007409294591821778,
            0.03516086664774381,
            0.023858716577430675,
            -0.0003855349503081061,
            -0.05436311208714108,
            -0.006074601127415558
        ],
        [
            0.016885631907576394,
            0.0077654806725736426,
            -0.0020072225167100805,
            0.01682033830527127,
            -0.0010050430093605284,
            0.017748598803673406,
            -0.006610350005903644,
            0.017520116132093932,
            -0.056860701641369686,
            0.008182221471777941,
            -0.08867265330856192,
            -0.017006965563938384,
            0.010734053037739357,
            -0.008649885172725592,
            0.00832460470802686,
            -0.0011921274157774926,
            -0.00811454292495124,
            0.0001300527345340224,
            0.06622375343510194,
            0.007529194235458985
        ],
        [
            -0.2480418719178368,
            -0.14494808613875546,
            -0.009290414735774117,
            0.0792682663950573,
            -0.004612820265772296,
            -0.010729762081321415,
            -0.03816422334625767,
            -0.056860701641369686,
            0.27637527212630775,
            -0.027554837138189955,
            0.25074466745074164,
            0.044873070370309326,
            -0.019650203729827287,
            -0.040105196289794094,
            -0.021701087511023245,
            -0.02380508091514226,
            0.026103242896540334,
            0.0007138923146527715,
            -0.19096019329623723,
            -0.020876532830882834
        ],
        [
            0.009090918249416718,
            0.004136405847372591,
            -0.0006750907748422854,
            0.005319348152141075,
            -0.0003362355257078085,
            0.005719609683225301,
            -0.0032690626468801815,
            0.008182221471777941,
            -0.027554837138189955,
            0.0038426647766461406,
            -0.04161365791344269,
            -0.008181555452477899,
            0.004526928310050111,
            -0.001958655184247413,
            0.0037209138342819558,
            0.00030916123418158945,
            -0.0035206414120536995,
            3.326594616570955e-05,
            0.031113113982625628,
            0.0035120986180125118
        ],
        [
            0.04308078363151504,
            0.049961012962879185,
            0.00913729325540892,
            -0.054544171054803255,
            0.004549728530089344,
            0.039772014238032324,
            0.11686957369654628,
            -0.08867265330856192,
            0.25074466745074164,
            -0.04161365791344269,
            0.5154537785656693,
            0.14924542126252183,
            -0.03622840877020697,
            0.022413990982293124,
            -0.03012967943655033,
            0.07422399835354504,
            0.08667729438844228,
            -0.001402865313875815,
            -0.3392467536342511,
            -0.038894363618677034
        ],
        [
            0.032927571350067686,
            0.021756210463623388,
