{
    "opt_E": -2.194450165661144,
    "HF_E": -2.1646459716148745,
    "B3LYP_E": -2.1668638286311555,
    "sto-3G_E": -2.153860999266119,
    "proj": [
        [
            0.5168812929824937,
            0.31179270456507746,
            -0.016637291607942667,
            -0.171425676473549,
            0.005250616251633776,
            0.08855746318710604,
            0.17973466633044632,
            -0.028354340795771923,
            -0.27698658903259415,
            0.01732579264718203,
            0.04507879349422953,
            0.03195682625396619,
            -0.002444599019792415,
            0.017464495650468884,
            0.002940203521721236,
            0.002489304533076145,
            -0.03051432456991878,
            0.006767539124477746,
            -0.021245676447331923,
            -0.005388756339231786
        ],
        [
            0.31179270456507746,
            0.19825806134419144,
            -0.0054384572032047385,
            -0.05635643225290714,
            0.0009704699269601763,
            0.12025221347800011,
            0.12752373745748521,
            -0.01431239862663635,
            -0.15170653912739057,
            0.007374710363293969,
            0.03217657529884103,
            0.024927567537208192,
            -0.0014385959210717837,
            -0.033206830020832835,
            -0.00456347078949113,
            -0.02210632164850438,
            -0.03171753049798387,
            0.00399488609317472,
            -0.015095590954359315,
            -0.0035652467478672237
        ],
        [
            -0.016637291607942667,
            -0.0054384572032047385,
            0.0030482561781853003,
            0.03142348548007822,
            -0.001404157445919735,
            0.03236360546140847,
            0.00291386004458901,
            0.002241792091084314,
            0.011900653665987596,
            -0.0029289122920026873,
            -0.008589354046918362,
            0.002348086001726817,
            -0.001877041417646539,
            -0.019301920307161494,
            -0.0018374572069515137,
            0.002073023479438165,
            0.001440024325332085,
            -0.002102324354270888,
            0.007638135543734358,
            0.0020424298782462753
        ],
        [
            -0.171425676473549,
            -0.05635643225290714,
            0.03142348548007822,
            0.32447885867688747,
            -0.01445604521072613,
            0.3355215977566918,
            0.032800868401972966,
            0.02324566216460155,
            0.12624904301147205,
            -0.029624353896387824,
            -0.07841329284158646,
            0.032551840193813825,
            -0.020097591473086294,
            -0.19410178904757117,
            -0.01792555118009664,
            0.035466504986965665,
            0.025866317943643007,
            -0.021338658067214532,
            0.07749085251655281,
            0.020725899395128273
        ],
        [
            0.005250616251633776,
            0.0009704699269601763,
            -0.001404157445919735,
            -0.01445604521072613,
            0.0006648708562786063,
            -0.016169125716381735,
            -0.002111970939898106,
            -0.000914484372475981,
            -0.0035543684873389114,
            0.0014413856500463116,
            0.005527737563410963,
            -0.0008027800473216003,
            0.001063380250198582,
            0.009254269868468949,
            0.0008007212400254612,
            -0.0014367071893151163,
            -0.0004887226942976401,
            0.0011818262865776004,
            -0.004451865261727412,
            -0.0011781702909447367
        ],
        [
            0.08855746318710604,
            0.12025221347800011,
            0.03236360546140847,
            0.3355215977566918,
            -0.016169125716381735,
            0.5232237895116235,
            0.17336878790693422,
            0.01527908284170419,
            0.034953233734262366,
            -0.02456676421953279,
            -0.0011242587258938404,
            0.09218031162826532,
            -0.02307545564591905,
            -0.25772610493576914,
            -0.026265065910623196,
            0.03536307398369017,
            0.022080188803569004,
            -0.015828537508300353,
            0.05292785545400214,
            0.015002577756854835
        ],
        [
            0.17973466633044632,
            0.12752373745748521,
            0.00291386004458901,
            0.032800868401972966,
            -0.002111970939898106,
            0.17336878790693422,
            0.12199052890942855,
            -0.0031316878328499376,
            -0.028894515257950535,
            0.005850142930243855,
            0.1199519314888881,
            0.0798671870718391,
            -0.0013361055014815442,
            -0.05450612403080474,
            -0.00788984188336831,
            0.0197020469717471,
            0.023507905467580515,
            0.008912082795272593,
            -0.04002495957547857,
            -0.009647588581266828
        ],
        [
            -0.028354340795771923,
            -0.01431239862663635,
            0.002241792091084314,
            0.02324566216460155,
            -0.000914484372475981,
            0.01527908284170419,
            -0.0031316878328499376,
            0.0024240945833257227,
            0.021243470508204583,
            -0.0015876974581737506,
            0.003455920727653356,
            0.003554627595164984,
            -0.00017952403540227868,
            -0.011459023625286287,
            -0.0015487114208047941,
            -0.0007837465955038899,
            0.0026680501351802805,
            -0.0002449751025325574,
            -6.400426882504693e-05,
            5.46116134124332e-05
        ],
        [
            -0.27698658903259415,
            -0.15170653912739057,
            0.011900653665987596,
            0.12624904301147205,
            -0.0035543684873389114,
            0.034953233734262366,
            -0.028894515257950535,
            0.021243470508204583,
            0.2726618262747091,
            0.004534457091675701,
            0.22863726784093252,
            0.08019077196187,
            0.018877727766056507,
            -0.04924169292081343,
            -0.016665073719439958,
            -0.05201373583903339,
            0.03383521724066868,
            0.024641412243819327,
            -0.11373831900064864,
            -0.028303879293358508
        ],
        [
            0.01732579264718203,
            0.007374710363293969,
            -0.0029289122920026873,
            -0.029624353896387824,
            0.0014413856500463116,
            -0.02456676421953279,
            0.005850142930243855,
            -0.0015876974581737506,
            0.004534457091675701,
            0.005123208024635384,
            0.044639855621974964,
            0.011648055196929625,
            0.0042876770393695295,
            0.01672197168343529,
            0.0001773250301159793,
            -0.006737013537712607,
            0.0025902503114127013,
            0.006116490724263829,
            -0.02521644207184926,
            -0.006441248554785751
        ],
        [
            0.04507879349422953,
            0.03217657529884103,
            -0.008589354046918362,
            -0.07841329284158646,
            0.005527737563410963,
            -0.0011242587258938404,
            0.1199519314888881,
            0.003455920727653356,
            0.22863726784093252,
            0.044639855621974964,
            0.6021482040855096,
            0.22463286283907885,
            0.04129125307356748,
            0.04538032410727051,
            -0.015509458903164264,
            -0.03789364999257131,
            0.08854675117518984,
            0.06892030454216896,
            -0.29584693339597945,
            -0.0745604937043531
        ],
        [
            0.03195682625396619,
            0.024927567537208192,
            0.002348086001726817,
