{
    "opt_E": -2.2170380520506567,
    "HF_E": -2.184182608274315,
    "B3LYP_E": -2.187111476000779,
    "sto-3G_E": -2.171168776092217,
    "proj": [
        [
            0.5961745919269518,
            0.36904525065860405,
            -0.041181715996499765,
            -0.15635388872807662,
            -0.015523149536367582,
            -0.03827600702791945,
            0.15639945590315735,
            -0.06811576069017815,
            -0.20024789662547685,
            -0.04064336796247056,
            0.034691189643726986,
            0.019787395325315357,
            9.524044970063807e-05,
            0.05523566005041298,
            -0.010440951933349872,
            -0.001358100643183535,
            -0.025141932901632396,
            0.0010824309049058047,
            -0.02073502213485179,
            -0.005984413366809488
        ],
        [
            0.36904525065860405,
            0.25422644790069,
            -0.0101969720384467,
            -0.04203663493557285,
            -0.002815986540384468,
            0.09658207335652096,
            0.14299707592066718,
            -0.035489627191597664,
            -0.12980389659374678,
            -0.016126879127368043,
            0.013314175541041189,
            0.02295890083796784,
            -0.0009229431106295855,
            -0.026779755942801426,
            0.006746376528402226,
            -0.02578875585130624,
            -0.034334879969202724,
            2.426754047002127e-05,
            -0.007859090101957749,
            -0.0018618164023136764
        ],
        [
            -0.041181715996499765,
            -0.0101969720384467,
            0.012839013676601299,
            0.046269422167740513,
            0.005632239332218835,
            0.07922185523037009,
            0.01741359125668839,
            0.008798164897649535,
            0.0044236237140118885,
            0.009835525265453388,
            -0.017248684005793415,
            0.007932932273323487,
            -0.0015147726963942994,
            -0.03398501214538183,
            0.01160974274024882,
            0.006483113259060178,
            0.0018698558048979989,
            -0.001126640398208742,
            0.014830246213056345,
            0.003063952043988804
        ],
        [
            -0.15635388872807662,
            -0.04203663493557285,
            0.046269422167740513,
            0.16713810184733477,
            0.020195013635079105,
            0.2838991433845485,
            0.061891381565269,
            0.03247862104292085,
            0.024392713895549378,
            0.03433243048684075,
            -0.04999174075913731,
            0.03183631035726583,
            -0.005011590512825992,
            -0.12362733453151502,
            0.0404356058852743,
            0.019734140354831026,
            0.007295734325836222,
            -0.0036115289676613795,
            0.04659212495248526,
            0.009983162852017776
        ],
        [
            -0.015523149536367582,
            -0.002815986540384468,
            0.005632239332218835,
            0.020195013635079105,
            0.002502269902748996,
            0.03549096690794489,
            0.008268527871393556,
            0.003607779989062821,
            -0.00023897290322572623,
            0.004527089086858619,
            -0.010046561080486016,
            0.0033559073126015145,
            -0.0008086241834564674,
            -0.014162114433780624,
            0.005546134376909534,
            0.005178528174812912,
            0.001654030041146584,
            -0.0006130311943352423,
            0.008324337359709798,
            0.0016146386587407066
        ],
        [
            -0.03827600702791945,
            0.09658207335652096,
            0.07922185523037009,
            0.2838991433845485,
            0.03549096690794489,
            0.6066892974965221,
            0.22982673527029232,
            0.03633850435667339,
            -0.015624150010608514,
            0.04578779373470721,
            -0.015905962008118644,
            0.10823458498208735,
            -0.008892717242675919,
            -0.24624188258369603,
            0.0772174509238508,
            0.03618828918291821,
            0.014052421901626989,
            -0.004922757258605041,
            0.053569404492831596,
            0.012766200118460783
        ],
        [
            0.15639945590315735,
            0.14299707592066718,
            0.01741359125668839,
            0.061891381565269,
            0.008268527871393556,
            0.22982673527029232,
            0.15347951096401963,
            -0.005690823545561835,
            -0.02061801156112317,
            -0.005365887929016888,
            0.10466825324485023,
            0.08979617426025523,
            -0.00116781634005335,
            -0.07812147020793057,
            0.020122101423658254,
            0.02107224045121038,
            0.0226782750802849,
            0.0013989275292983303,
            -0.03160826204043374,
            -0.00429391771413943
        ],
        [
            -0.06811576069017815,
            -0.035489627191597664,
            0.008798164897649535,
            0.03247862104292085,
            0.003607779989062821,
            0.03633850435667339,
            -0.005690823545561835,
            0.00953055247104468,
            0.0206791271262983,
            0.007179040123573791,
            -0.007096662355389178,
            0.0011577272177753228,
            -0.00039338567512771946,
            -0.021195821278114754,
            0.005039997024270274,
            -0.0030901203145118905,
            -0.00018055954472205897,
            -0.00037697604217096367,
            0.005003671448001474,
            0.0013587710694999244
        ],
        [
            -0.20024789662547685,
            -0.12980389659374678,
            0.0044236237140118885,
            0.024392713895549378,
            -0.00023897290322572623,
            -0.015624150010608514,
            -0.02061801156112317,
            0.0206791271262983,
            0.18532854981075342,
            -0.019511831864891596,
            0.25064402935704927,
            0.07513862188238907,
            0.00845417195113507,
            -0.024992369349059015,
            -0.024978690901249066,
            -0.0530626494903883,
            0.026825051235730032,
            0.00881522393402725,
            -0.13458760041543047,
            -0.02064934303985593
        ],
        [
            -0.04064336796247056,
            -0.016126879127368043,
            0.009835525265453388,
            0.03433243048684075,
            0.004527089086858619,
            0.04578779373470721,
            -0.005365887929016888,
            0.007179040123573791,
            -0.019511831864891596,
            0.014240459847365364,
            -0.07419024555720664,
            -0.019037285202801842,
            -0.00262317451315034,
            -0.01903544589312967,
            0.012377603901001885,
            0.009649983304651402,
            -0.006961290818589408,
            -0.0027365011436415055,
            0.04104277189354094,
            0.007040758412681438
        ],
        [
            0.034691189643726986,
            0.013314175541041189,
            -0.017248684005793415,
            -0.04999174075913731,
            -0.010046561080486016,
            -0.015905962008118644,
            0.10466825324485023,
            -0.007096662355389178,
            0.25064402935704927,
            -0.07419024555720664,
            0.602678985652648,
            0.22363099783080045,
            0.01609751604884588,
            0.0034452132810897447,
            -0.05243981499653227,
            -0.028669356498108988,
            0.09898733391429455,
            0.019319336175805158,
            -0.29871966480856355,
            -0.04831533728284269
        ],
        [
            0.019787395325315357,
            0.02295890083796784,
            0.007932932273323487,
