{
    "opt_E": -2.1949386550388748,
    "HF_E": -2.164061403992854,
    "B3LYP_E": -2.1658970271507783,
    "sto-3G_E": -2.150401580184591,
    "proj": [
        [
            0.5620036675565371,
            0.3427927285534879,
            0.014443724622521324,
            -0.1764435933148915,
            0.03514989749432471,
            0.01863796568867644,
            0.17425741456608865,
            0.014850175604695301,
            -0.23052901034588724,
            0.07824014091038685,
            0.03854155758089502,
            0.03030670885467353,
            -0.004818406120512206,
            0.04188309524166027,
            0.009368129597398096,
            -0.004429407933601852,
            -0.031456390850881456,
            0.00017792399947413838,
            -0.024303483781013966,
            0.002141053775043528
        ],
        [
            0.3427927285534879,
            0.2272524232405065,
            0.004658545098014511,
            -0.05317053605304733,
            0.008085946337064508,
            0.10631217717975715,
            0.13648791584969566,
            0.010309466827357625,
            -0.13895240137561538,
            0.035169256182396996,
            0.02340456639611849,
            0.027135796774178707,
            0.004771077346597693,
            -0.03300110947874648,
            -0.008027105908798099,
            -0.0273296105257372,
            -0.03436592584368493,
            0.00038350399953208356,
            -0.014702752705512016,
            0.0009559866932429525
        ],
        [
            0.014443724622521324,
            0.004658545098014511,
            0.0014135188916068596,
            -0.018396600329489348,
            0.004359670155200456,
            -0.023456233204305614,
            -0.003051186854115603,
            -0.0001244653889438183,
            -0.004937896043338577,
            0.005432952229926464,
            0.0024714930700742294,
            -0.0031038154263325515,
            -0.00205789240266857,
            0.012444215586544084,
            0.0038992791217861886,
            -0.0012432590969517572,
            -0.0013535221780048652,
            5.586993825877113e-05,
            -0.004111548980425919,
            0.00010338395075048475
        ],
        [
            -0.1764435933148915,
            -0.05317053605304733,
            -0.018396600329489348,
            0.24038675401167425,
            -0.057417439638048226,
            0.3115435143440539,
            0.04285882899719113,
            0.0032949935772932817,
            0.05089370139325008,
            -0.07238445056471624,
            -0.0467929101645114,
            0.04036406766916231,
            0.027556650451059973,
            -0.15898571779653187,
            -0.05251706699596577,
            0.027020680854757992,
            0.021439625549276156,
            -0.0011393741810798894,
            0.06681384758123646,
            -0.0012943450619170105
        ],
        [
            0.03514989749432471,
            0.008085946337064508,
            0.004359670155200456,
            -0.057417439638048226,
            0.013939585098521895,
            -0.07743308783445352,
            -0.012073879999334505,
            -0.0016264950686532419,
            -0.005211108335757571,
            0.017933165700008236,
            0.018447236814605604,
            -0.008830515560752112,
            -0.006968704623336546,
            0.03761177714486972,
            0.013346907735575505,
            -0.009071719353838185,
            -0.005207715493249399,
            0.000442390150026778,
            -0.021592089893502163,
            0.00029553019110640323
        ],
        [
            0.01863796568867644,
            0.10631217717975715,
            -0.023456233204305614,
            0.3115435143440539,
            -0.07743308783445352,
            0.55463558477597,
            0.188226162178617,
            0.008920017762164407,
            -0.009303417151413163,
            -0.06923739684291588,
            0.013586301789795517,
            0.11088056670965415,
            0.042989280892360544,
            -0.25331460711199816,
            -0.08182752383533402,
            0.04407070926686765,
            0.030138216278514415,
            -0.000594054626448399,
            0.057689716108296596,
            -0.0007998392561026673
        ],
        [
            0.17425741456608865,
            0.13648791584969566,
            -0.003051186854115603,
            0.04285882899719113,
            -0.012073879999334505,
            0.188226162178617,
            0.12990596304939717,
            0.0006089298568287397,
            -0.027934311914636318,
            0.015356703513045168,
            0.10870086834312909,
            0.07930448358311798,
            0.00965418850925612,
            -0.06368593391669819,
            -0.018783052525173878,
            0.02850316477588453,
            0.024515270490744926,
            0.001293636925862861,
            -0.03969358343740152,
            0.0007470435777989617
        ],
        [
            0.014850175604695301,
            0.010309466827357625,
            -0.0001244653889438183,
            0.0032949935772932817,
            -0.0016264950686532419,
            0.008920017762164407,
            0.0006089298568287397,
            0.003655248587285528,
            -0.026774011861940915,
            -0.005619072540020127,
            -0.03998114863271182,
            -0.009171297644505484,
            0.0018029658469126202,
            -0.0007219598898001657,
            -0.003549243846599007,
            0.005096629506218606,
            -0.003911687322085879,
            -0.0007893199664187829,
            0.027061430879532035,
            -5.2681753274952444e-05
        ],
        [
            -0.23052901034588724,
            -0.13895240137561538,
            -0.004937896043338577,
            0.05089370139325008,
            -0.005211108335757571,
            -0.009303417151413163,
            -0.027934311914636318,
            -0.026774011861940915,
            0.23093839382911666,
            0.01134300304512075,
            0.25387996042748356,
            0.060078440733325175,
            -0.006407147491603535,
            -0.03517638825972004,
            0.013253793499284657,
            -0.03964539471252724,
            0.028827065738734226,
            0.0052189926199957505,
            -0.16985793495893653,
            -0.00031673554232161026
        ],
        [
            0.07824014091038685,
            0.035169256182396996,
            0.005432952229926464,
            -0.07238445056471624,
            0.017933165700008236,
            -0.06923739684291588,
            0.015356703513045168,
            -0.005619072540020127,
            0.01134300304512075,
            0.03429886439108601,
            0.0920384773183325,
            0.0182133022925851,
            -0.009080506547945786,
            0.039633403630434806,
            0.017250837647477004,
            -0.004918682300248796,
            0.006190755445588172,
            0.0016402157275869985,
            -0.06453070882311597,
            0.0006840112351053616
        ],
        [
            0.03854155758089502,
            0.02340456639611849,
            0.0024714930700742294,
            -0.0467929101645114,
            0.018447236814605604,
            0.013586301789795517,
            0.10870086834312909,
            -0.03998114863271182,
            0.25387996042748356,
            0.0920384773183325,
            0.5560210611209624,
            0.18493690457024056,
            -0.01710134306765328,
            0.007527893379801279,
            0.03183764706740889,
            0.02139856294913662,
            0.0974657612177682,
            0.00948195392840489,
            -0.331891414216126,
            0.001909156509956154
        ],
        [
            0.03030670885467353,
            0.027135796774178707,
            -0.0031038154263325515,
