{
    "opt_E": -2.1919140008458156,
    "HF_E": -2.1598486592865704,
    "B3LYP_E": -2.162449294582686,
    "sto-3G_E": -2.143322387950784,
    "proj": [
        [
            0.5824659746814995,
            0.36944801720739584,
            -0.013797826960469611,
            -0.17601554532654973,
            0.012519640664793939,
            -0.018320671430528925,
            0.16021373559250512,
            -0.010029679974492244,
            -0.1983283477241896,
            0.019113154858680686,
            0.051224736402409446,
            0.020737472320064683,
            0.005256184468730151,
            0.06534932832643751,
            0.003242587165731994,
            -0.0007691155611764521,
            -0.030444831127141785,
            0.010055643575282375,
            -0.030329480540764286,
            -0.016236922229805523
        ],
        [
            0.36944801720739584,
            0.2554141096266385,
            -0.004777993379007648,
            -0.05683188629619166,
            0.003930684175988804,
            0.09018723804669453,
            0.13782804021852513,
            -0.008110171895719947,
            -0.13683374477028953,
            0.008942486168925942,
            0.025538791556973466,
            0.02051327949475771,
            -0.003231890612858919,
            -0.02479594919156782,
            -4.144625739895935e-05,
            -0.029977623921772285,
            -0.038277421494877006,
            0.004065976506306632,
            -0.016992228140673173,
            -0.007130317371264603
        ],
        [
            -0.013797826960469611,
            -0.004777993379007648,
            0.001150036179432066,
            0.015604950698503187,
            -0.0011348502545258236,
            0.02129647499364106,
            0.0035134743824288776,
            -0.00035658002726311836,
            0.0007000480874926636,
            -0.0010591069250752544,
            -0.004684294497705525,
            0.002169212787398822,
            -0.0023080781858288916,
            -0.012964836719809358,
            0.0008614355102019203,
            0.00035449258241886756,
            0.0005579547763925922,
            -0.001282113361687151,
            0.003939788698972007,
            0.0021613854991975236
        ],
        [
            -0.17601554532654973,
            -0.05683188629619166,
            0.015604950698503187,
            0.21270149690864074,
            -0.015392958079254181,
            0.29901680174887074,
            0.05701338797498305,
            -0.004324953575695228,
            0.01106952602138712,
            -0.014200454799532782,
            -0.048952515363653304,
            0.03971614162238011,
            -0.032186216689084585,
            -0.17448361693810666,
            0.012918453114595222,
            0.01706029100452303,
            0.016934268255598035,
            -0.016542503294317445,
            0.05018256381009368,
            0.027793002353330182
        ],
        [
            0.012519640664793939,
            0.003930684175988804,
            -0.0011348502545258236,
            -0.015392958079254181,
            0.0011266331991676994,
            -0.021327685933820388,
            -0.003676634952998812,
            0.0004949754335388267,
            0.0005905524678466496,
            0.001019430054377323,
            0.006071798752311002,
            -0.0017797060850865973,
            0.0024537308706801386,
            0.012935223179837873,
            -0.0010495239423947977,
            -0.0005243112157370723,
            -0.0003687024925521106,
            0.0014474532542315976,
            -0.0046685761846197976,
            -0.0024783853348642713
        ],
        [
            -0.018320671430528925,
            0.09018723804669453,
            0.02129647499364106,
            0.29901680174887074,
            -0.021327685933820388,
            0.5562908064431216,
            0.20840315169139287,
            -0.006457160919446832,
            -0.033615298165161796,
            -0.01647842358102373,
            0.029534455349290698,
            0.11706100631967342,
            -0.049464404619647774,
            -0.28718920419088073,
            0.016471871966629248,
            0.029538189882630544,
            0.028709447662290073,
            -0.01464555111644672,
            0.031117414071578545,
            0.022729547785503484
        ],
        [
            0.16021373559250512,
            0.13782804021852513,
            0.0035134743824288776,
            0.05701338797498305,
            -0.003676634952998812,
            0.20840315169139287,
            0.13848501243277087,
            0.0005350236459128934,
            -0.02646932571862544,
            -0.0006317367032256762,
            0.10721461992340055,
            0.08281049510288331,
            -0.012074309016035184,
            -0.07762829264339617,
            0.002451436408714652,
            0.02856928058398217,
            0.02586243658774754,
            0.005908480193691605,
            -0.03221493088513002,
            -0.012001951267437482
        ],
        [
            -0.010029679974492244,
            -0.008110171895719947,
            -0.00035658002726311836,
            -0.004324953575695228,
            0.0004949754335388267,
            -0.006457160919446832,
            0.0005350236459128934,
            0.003476137343831029,
            0.027608447460391764,
            -0.00014649864014938812,
            0.04028851516327274,
            0.009984731078515075,
            0.0049147451393190215,
            0.0036346484111121186,
            -0.005619629841336581,
            -0.007280768090765866,
            0.0022105850490763143,
            0.005247067733609819,
            -0.02234200135403006,
            -0.009898490228212767
        ],
        [
            -0.1983283477241896,
            -0.13683374477028953,
            0.0007000480874926636,
            0.01106952602138712,
            0.0005905524678466496,
            -0.033615298165161796,
            -0.02646932571862544,
            0.027608447460391764,
            0.2448907390434794,
            -0.005449572392493242,
            0.28615498546580265,
            0.07117246133895234,
            0.03416652062995166,
            0.007648444541820972,
            -0.04176159091659229,
            -0.05291262642030019,
            0.02326675140713336,
            0.036214833886052025,
            -0.15742783582511405,
            -0.06898946391200368
        ],
        [
            0.019113154858680686,
            0.008942486168925942,
            -0.0010591069250752544,
            -0.014200454799532782,
            0.001019430054377323,
            -0.01647842358102373,
            -0.0006317367032256762,
            -0.00014649864014938812,
            -0.005449572392493242,
            0.001112731737683974,
            0.0013623679921197054,
            -0.0012835234380023557,
            0.0011978690257776958,
            0.01189535503703541,
            0.0003477856167781475,
            0.003348686876372955,
            0.000966594305915997,
            0.0005888108447749775,
            -0.000985471919328085,
            -0.0008470322260722642
        ],
        [
            0.051224736402409446,
            0.025538791556973466,
            -0.004684294497705525,
            -0.048952515363653304,
            0.006071798752311002,
            0.029534455349290698,
            0.10721461992340055,
            0.04028851516327274,
            0.28615498546580265,
            0.0013623679921197054,
            0.5581418290040852,
            0.19245810490797968,
            0.04629769125383893,
            0.04225216894438734,
            -0.05240106396245939,
            0.005740913808450527,
            0.08672066554352578,
            0.06478534475411585,
            -0.27343039928113005,
            -0.12158017688155152
        ],
        [
            0.020737472320064683,
            0.02051327949475771,
