{
    "opt_E": -2.1769539216900164,
    "HF_E": -2.1462180181733337,
    "B3LYP_E": -2.1481104240548867,
    "sto-3G_E": -2.1304189707732015,
    "proj": [
        [
            0.5467453185641278,
            0.34472535771238744,
            0.018437175224315833,
            -0.16999692733501787,
            0.039542558359226494,
            0.037806169074648385,
            0.17917778762239156,
            0.045951802863885415,
            -0.22456383713192635,
            0.0818062303207896,
            0.03440535188538305,
            0.030949678840079722,
            0.008144094436880906,
            0.04026046047834694,
            0.009319024751005938,
            -0.00019353094235530482,
            -0.03216903625317789,
            -0.0029342677081325977,
            -0.020733004445595865,
            -0.004586507996119689
        ],
        [
            0.34472535771238744,
            0.22893653130397212,
            0.005802315451940007,
            -0.0675127109133522,
            0.013588821992991147,
            0.09285604040510972,
            0.13515116321394732,
            0.02380594578478419,
            -0.1344430785875399,
            0.04393832769573303,
            0.03467146829122785,
            0.02572756637568822,
            -0.004382347093025321,
            -0.026115444621058834,
            -0.0031246077608114045,
            -0.029875950260000228,
            -0.03722415580659516,
            -0.0035838982918608444,
            -0.023656052431884268,
            -0.005171660951004157
        ],
        [
            0.018437175224315833,
            0.005802315451940007,
            0.005252526061964265,
            -0.03506865423356638,
            0.009998905416565706,
            -0.04628520677194921,
            -0.006356147832612753,
            0.007498344214612741,
            0.0008305445887462621,
            0.009821264971795052,
            0.011428571263792963,
            -0.005022809626030741,
            0.004627494605510707,
            0.026938490318249513,
            0.0022531775678712846,
            -0.006466190993040307,
            -0.004097815908091992,
            -0.0027791142163062174,
            -0.013933132308663656,
            -0.00412139709006026
        ],
        [
            -0.16999692733501787,
            -0.0675127109133522,
            -0.03506865423356638,
            0.2420161758479014,
            -0.06763802895106219,
            0.30109114394187303,
            0.03295808712423339,
            -0.04832543689795613,
            0.03874656240106936,
            -0.06767505336522935,
            -0.035868339170740844,
            0.041060587951807004,
            -0.03194826235296273,
            -0.181184408973069,
            -0.018709313157425852,
            0.03364858644184529,
            0.03000618404056926,
            0.013225995710615297,
            0.06521279291058646,
            0.01981865212988126
        ],
        [
            0.039542558359226494,
            0.013588821992991147,
            0.009998905416565706,
            -0.06763802895106219,
            0.01913834789556506,
            -0.08780468920866025,
            -0.011537134316492028,
            0.013990824361821173,
            -0.0034735370415675867,
            0.01882697931564932,
            0.016604165599487106,
            -0.010331659815457625,
            0.00907576876007123,
            0.05218564199947355,
            0.0049123754433915544,
            -0.009931838514218097,
            -0.007288419283321109,
            -0.0045538147113478936,
            -0.022650859244253498,
            -0.006785491344073431
        ],
        [
            0.037806169074648385,
            0.09285604040510972,
            -0.04628520677194921,
            0.30109114394187303,
            -0.08780468920866025,
            0.5314502461374874,
            0.17548965407490605,
            -0.0450197660052093,
            -0.024400225496413044,
            -0.057942572410037176,
            0.03779089024300751,
            0.11009676489109313,
            -0.049923766679785306,
            -0.2794914748643444,
            -0.030653486178126226,
            0.048802319324984945,
            0.037353193770693384,
            0.011368826748694048,
            0.04869222271483283,
            0.017357920170741305
        ],
        [
            0.17917778762239156,
            0.13515116321394732,
            -0.006356147832612753,
            0.03295808712423339,
            -0.011537134316492028,
            0.17548965407490605,
            0.12474712521741382,
            0.011020764239114356,
            -0.027522209062082196,
            0.016401997911654725,
            0.11315797315759744,
            0.07547350260772992,
            -0.012116085359230658,
            -0.06174681812867528,
            -0.009326324099928849,
            0.0264542071005561,
            0.02175781620259464,
            -0.006851756286585017,
            -0.0417825094395488,
            -0.009852423285422355
        ],
        [
            0.045951802863885415,
            0.02380594578478419,
            0.007498344214612741,
            -0.04832543689795613,
            0.013990824361821173,
            -0.0450197660052093,
            0.011020764239114356,
            0.015810601738982778,
            0.016651307115798635,
            0.01903842462866877,
            0.06293073179110834,
            0.012864713419223394,
            0.005227974284989998,
            0.034360267610934,
            0.0007988644300197142,
            -0.003981379931679318,
            0.0028405910624620615,
            -0.008358671552139839,
            -0.04391465363307457,
            -0.01226355118812627
        ],
        [
            -0.22456383713192635,
            -0.1344430785875399,
            0.0008305445887462621,
            0.03874656240106936,
            -0.0034735370415675867,
            -0.024400225496413044,
            -0.027522209062082196,
            0.016651307115798635,
            0.2559857935763094,
            -0.0036552076831615115,
            0.2745913316809546,
            0.06368151523568673,
            -0.006568136971223019,
            -0.007797881359626726,
            -0.022192545015048,
            -0.04568618928792939,
            0.02401389482073046,
            -0.03427513374046454,
            -0.18013111303399104,
            -0.049574175193894815
        ],
        [
            0.0818062303207896,
            0.04393832769573303,
            0.009821264971795052,
            -0.06767505336522935,
            0.01882697931564932,
            -0.057942572410037176,
            0.016401997911654725,
            0.01903842462866877,
            -0.0036552076831615115,
            0.02528745615881918,
            0.05432225616200769,
            0.009879469815719542,
            0.007589131402192458,
            0.04623339539771216,
            0.003303045678378468,
            -0.0011825574215695244,
            0.0009317995130562463,
            -0.007515961222206623,
            -0.03944197397763335,
            -0.011098699753616088
        ],
        [
            0.03440535188538305,
            0.03467146829122785,
            0.011428571263792963,
            -0.035868339170740844,
            0.016604165599487106,
            0.03779089024300751,
            0.11315797315759744,
            0.06293073179110834,
            0.2745913316809546,
            0.05432225616200769,
            0.5347296154381767,
            0.18222585661626842,
            -0.002081394937756577,
            0.034314759958378925,
            -0.023306173379079465,
            0.02306314104747611,
            0.08746513105334518,
            -0.057547064162702305,
            -0.30778740196445853,
            -0.08374139837259216
        ],
        [
            0.030949678840079722,
            0.02572756637568822,
            -0.005022809626030741,
            0.041060587951807004,
