{
    "opt_E": -2.1919092369938094,
    "HF_E": -2.1600486123653844,
    "B3LYP_E": -2.16255431069833,
    "sto-3G_E": -2.1383141272525257,
    "proj": [
        [
            0.5733249746092167,
            0.36894099833455457,
            -0.03283923288933531,
            -0.16736395950383032,
            -0.0035522148043488685,
            -0.010245892457733172,
            0.165947814538627,
            -0.06300406852630251,
            -0.2032676182410135,
            -0.02833335429104996,
            0.02565183042011022,
            0.03209960285363854,
            -0.005595078608545016,
            0.050722912736056495,
            -0.015631729172870895,
            -8.404509645651542e-05,
            -0.030088512571800948,
            -0.0036082227353101647,
            -0.01454940886728142,
            -0.001920126959016077
        ],
        [
            0.36894099833455457,
            0.255003313726831,
            -0.01016958970664306,
            -0.06006205416988798,
            0.0002762856322510924,
            0.08575256284492562,
            0.1384681154632564,
            -0.033595222525262446,
            -0.13218123586989075,
            -0.010708156226647988,
            0.023810863779904535,
            0.02837351122339323,
            0.0025076273017850337,
            -0.02504913225305899,
            0.0064830181468360035,
            -0.032395500540691485,
            -0.039461027073891916,
            -0.0026627481350006013,
            -0.015635300334066377,
            -0.00035834443039784694
        ],
        [
            -0.03283923288933531,
            -0.01016958970664306,
            0.010538950652777275,
            0.04615129159729592,
            0.002460032423109154,
            0.06908508188603048,
            0.011844820839100698,
            0.010413932036122817,
            -2.282199310222869e-05,
            0.010958941958878114,
            -0.012417605031662806,
            0.006239944942523422,
            0.008904804722440011,
            -0.03450226543682884,
            0.01569697758474761,
            0.006149111998181301,
            0.0030989921588612016,
            0.0029587865080300422,
            0.014217996598548208,
            0.0009501150997446824
        ],
        [
            -0.16736395950383032,
            -0.06006205416988798,
            0.04615129159729592,
            0.20419772363542452,
            0.010372637904037463,
            0.29711871709795806,
            0.04689663094782504,
            0.045396363426837734,
            0.020741428991178354,
            0.04392900481210923,
            -0.032660604865964366,
            0.031111165982342735,
            0.036091342964319664,
            -0.15215946297155294,
            0.06572912740129025,
            0.019093395895679103,
            0.013824488816127533,
            0.010337281281121616,
            0.047521955201853976,
            0.0038496039347743556
        ],
        [
            -0.0035522148043488685,
            0.0002762856322510924,
            0.002460032423109154,
            0.010372637904037463,
            0.0006514083027353575,
            0.01690022965932787,
            0.0034593207495476545,
            0.002526127630450907,
            -0.004027750113716138,
            0.0033998737446870255,
            -0.007413249804095232,
            0.0006348610700695018,
            0.0026663608907972064,
            -0.00764363128986275,
            0.004241197220963821,
            0.0032542202676283335,
            0.0008418035760911483,
            0.0012378352068931672,
            0.006411296244088839,
            0.00028450060134605523
        ],
        [
            -0.010245892457733172,
            0.08575256284492562,
            0.06908508188603048,
            0.29711871709795806,
            0.01690022965932787,
            0.5688653331035178,
            0.19565552558021562,
            0.04508824618496157,
            -0.030544130585186992,
            0.05347078503148668,
            0.03203576623329488,
            0.10673250417751197,
            0.060320604735358704,
            -0.26155795731246395,
            0.11048227615231986,
            0.03733360233450718,
            0.024602488052840977,
            0.009839957979540704,
            0.03945899389052381,
            0.005155099061046533
        ],
        [
            0.165947814538627,
            0.1384681154632564,
            0.011844820839100698,
            0.04689663094782504,
            0.0034593207495476545,
            0.19565552558021562,
            0.13466884582925892,
            -0.012677398906703842,
            -0.02382026784479833,
            -0.008440965258045096,
            0.11509911259078198,
            0.08469515893433198,
            0.012981112423970712,
            -0.06538109572162333,
            0.02478416887343429,
            0.02632169757999243,
            0.024779644142670778,
            -0.006759290463709915,
            -0.039470085450747594,
            -0.0002625806753795416
        ],
        [
            -0.06300406852630251,
            -0.033595222525262446,
            0.010413932036122817,
            0.045396363426837734,
            0.002526127630450907,
            0.04508824618496157,
            -0.012677398906703842,
            0.015983760235709642,
            -0.008096349556917189,
            0.018181459556583967,
            -0.05601180567019082,
            -0.015055205162466303,
            0.009699935485463135,
            -0.02893905053882313,
            0.01577957819261903,
            0.002966327444113802,
            -0.004413209890171268,
            0.006780160500870587,
            0.03526731833371078,
            0.0014561147967145393
        ],
        [
            -0.2032676182410135,
            -0.13218123586989075,
            -2.282199310222869e-05,
            0.020741428991178354,
            -0.004027750113716138,
            -0.030544130585186992,
            -0.02382026784479833,
            -0.008096349556917189,
            0.21460965613226443,
            -0.04789148546752348,
            0.2625948630859667,
            0.06647123007412507,
            -0.027796465128223154,
            -0.00593601769759305,
            -0.029751368859522394,
            -0.0507142674414663,
            0.025743115336648532,
            -0.029115727417193336,
            -0.16215188201556108,
            -0.003702671778948351
        ],
        [
            -0.02833335429104996,
            -0.010708156226647988,
            0.010958941958878114,
            0.04392900481210923,
            0.0033998737446870255,
            0.05347078503148668,
            -0.008440965258045096,
            0.018181459556583967,
            -0.04789148546752348,
            0.02779561314508189,
            -0.10625246158820735,
            -0.0271741550402964,
            0.015435032083358665,
            -0.02877905827230171,
            0.022098305261286214,
            0.014130867221206551,
            -0.008180418559887982,
            0.012473056088573261,
            0.06693121251348019,
            0.002197510613045594
        ],
        [
            0.02565183042011022,
            0.023810863779904535,
            -0.012417605031662806,
            -0.032660604865964366,
            -0.007413249804095232,
            0.03203576623329488,
            0.11509911259078198,
            -0.05601180567019082,
            0.2625948630859667,
            -0.10625246158820735,
            0.5511011205828241,
            0.2019867193812953,
            -0.04060507339043976,
            0.018081865471816328,
            -0.049005612518083726,
            -0.0008752488019392606,
            0.09282795762601141,
            -0.05508136449367733,
            -0.30056075709129204,
            -0.008144661524143126
        ],
        [
            0.03209960285363854,
            0.02837351122339323,
            0.006239944942523422,
