{
    "opt_E": -2.212517550900559,
    "HF_E": -2.18030633599301,
    "B3LYP_E": -2.183371841215928,
    "sto-3G_E": -2.167830618792147,
    "proj": [
        [
            0.6034034134896544,
            0.3733988124720126,
            0.04500925412047921,
            -0.15134086356536142,
            0.02405496898756699,
            -0.048142902884590694,
            0.15406540897433613,
            0.07001493410245681,
            -0.1846860785291662,
            0.05124848039033596,
            0.03741197883494903,
            0.018026408520535095,
            -0.005358837353850274,
            0.060910898740546594,
            0.0069452743483375086,
            -0.002893886849224938,
            -0.021246263064221654,
            -0.0012955976418750704,
            -0.026559835015258545,
            -0.0016167740178343656
        ],
        [
            0.3733988124720126,
            0.258265190084323,
            0.01113731378865316,
            -0.0401458127086743,
            0.00507892159046488,
            0.09296072260296327,
            0.14344627607353452,
            0.03854453879128733,
            -0.12583825598814996,
            0.022502537605464296,
            0.013643094915550208,
            0.021997899722990107,
            0.0025374870443040684,
            -0.02736892079043566,
            -0.004378566595397032,
            -0.02577918918599107,
            -0.03364184555835507,
            -1.1926774468719172e-05,
            -0.009440837893565934,
            -0.00025408767200548333
        ],
        [
            0.04500925412047921,
            0.01113731378865316,
            0.014771367673521867,
            -0.047576324241005254,
            0.008585871120289523,
            -0.08516072634294626,
            -0.019102279332375176,
            0.007821705305635921,
            7.677847091540086e-05,
            0.010694531370422542,
            0.018195702886506352,
            -0.009301646873269608,
            -0.005395312959020489,
            0.03707904333745588,
            0.005278522396047928,
            -0.009521978744320729,
            -0.0015522876225569921,
            -0.0011704364187981426,
            -0.018063236429312627,
            -0.0017645073473178299
        ],
        [
            -0.15134086356536142,
            -0.0401458127086743,
            -0.047576324241005254,
            0.15347975616619533,
            -0.027585923937531526,
            0.27312503281373307,
            0.0608436520084653,
            -0.026196676908987963,
            0.006625160850202699,
            -0.03408259707010713,
            -0.049278929813832695,
            0.032384278609704276,
            0.016859046256505795,
            -0.12054916885350957,
            -0.017081329940999188,
            0.027799380770077646,
            0.005507222783573237,
            0.0034751354153324584,
            0.05258953967195518,
            0.005132717699028059
        ],
        [
            0.02405496898756699,
            0.00507892159046488,
            0.008585871120289523,
            -0.027585923937531526,
            0.005011042273307944,
            -0.050043245233328065,
            -0.011556842209098585,
            0.004241962533770346,
            0.0019280261094292129,
            0.006270890765609706,
            0.012713876538066736,
            -0.005158390846669809,
            -0.0032932101569971024,
            0.020992349817443662,
            0.0030267997893145904,
            -0.00709523536086192,
            -0.001299532918013961,
            -0.0007606464448430662,
            -0.012038803595507191,
            -0.0011798695850529933
        ],
        [
            -0.048142902884590694,
            0.09296072260296327,
            -0.08516072634294626,
            0.27312503281373307,
            -0.050043245233328065,
            0.6060441325718523,
            0.23152504723730155,
            -0.028226480929759747,
            -0.035865628994566495,
            -0.046162051385681836,
            -0.009896329007514033,
            0.11297842358234404,
            0.032323586288734475,
            -0.25244701854918883,
            -0.03635167272300824,
            0.05148106698748595,
            0.012816434944551102,
            0.004939422928092335,
            0.06150923537192716,
            0.006574599391561917
        ],
        [
            0.15406540897433613,
            0.14344627607353452,
            -0.019102279332375176,
            0.0608436520084653,
            -0.011556842209098585,
            0.23152504723730155,
            0.15470344263779148,
            0.0057287712990057825,
            -0.021268362980658016,
            0.0040216128995997765,
            0.10520753740446834,
            0.08849205633388439,
            0.0074295259614235104,
            -0.08443433579556997,
            -0.012655547892793493,
            0.02059340191612259,
            0.01975841235674908,
            -0.0010215055157108566,
            -0.03294735569766513,
            -0.002582622459934319
        ],
        [
            0.07001493410245681,
            0.03854453879128733,
            0.007821705305635921,
            -0.026196676908987963,
            0.004241962533770346,
            -0.028226480929759747,
            0.0057287712990057825,
            0.009610175843932504,
            -0.028545745226853873,
            0.00607262005197295,
            -0.013321925311165637,
            -0.006950186318615904,
            -0.0008511724370663266,
            0.01958589072797567,
            0.002447021694378439,
            0.00531559107159977,
            -0.0019420869373540004,
            0.00024251218919841395,
            0.005891201278824594,
            0.0006548129577903397
        ],
        [
            -0.1846860785291662,
            -0.12583825598814996,
            7.677847091540086e-05,
            0.006625160850202699,
            0.0019280261094292129,
            -0.035865628994566495,
            -0.021268362980658016,
            -0.028545745226853873,
            0.19499023800667165,
            0.010250262352576202,
            0.2654119363940743,
            0.0754475934870714,
            -0.014149662161849118,
            -0.020149212179002368,
            -0.0011076790112431764,
            -0.056121787377189813,
            0.030325551888127408,
            -0.008096588594954419,
            -0.15236855636711136,
            -0.014976949134467975
        ],
        [
            0.05124848039033596,
            0.022502537605464296,
            0.010694531370422542,
            -0.03408259707010713,
            0.006270890765609706,
            -0.046162051385681836,
            0.0040216128995997765,
            0.00607262005197295,
            0.010250262352576202,
            0.011115849506167305,
            0.05087374092859759,
            0.010961262415668215,
            -0.004719484742205224,
            0.021677481340818924,
            0.0030355196058174535,
            -0.005708836437054166,
            0.006011917936651737,
            -0.001744113737709668,
            -0.031065019059324767,
            -0.0029400328865469933
        ],
        [
            0.03741197883494903,
            0.013643094915550208,
            0.018195702886506352,
            -0.049278929813832695,
            0.012713876538066736,
            -0.009896329007514033,
            0.10520753740446834,
            -0.013321925311165637,
            0.2654119363940743,
            0.05087374092859759,
            0.5853962778049138,
            0.2161474217105276,
            -0.02571317545891717,
            -0.001336243903343501,
            0.0003317605933277105,
            -0.01965806557206245,
            0.10733423923191408,
            -0.01608911757143704,
            -0.3056621389999269,
            -0.029100233952925
        ],
        [
            0.018026408520535095,
            0.021997899722990107,
            -0.009301646873269608,
