{
    "opt_E": -2.208444221763469,
    "HF_E": -2.1771019514130936,
    "B3LYP_E": -2.1790869871464187,
    "sto-3G_E": -2.1654011615976634,
    "proj": [
        [
            0.5560092213416139,
            0.3388342306810115,
            -0.06963678768109793,
            -0.15866707115416118,
            -0.008489118119495476,
            0.028565274000165,
            0.1749211662463488,
            -0.12433371732488763,
            -0.2261351912252186,
            -0.02661907800339726,
            0.021383497031739012,
            0.03319963202413762,
            -0.010621244733789215,
            0.02642530899738539,
            -0.004333498748234979,
            -0.005292291389193738,
            -0.025978914685240825,
            0.0011667526108259739,
            -0.011729920149279966,
            -0.002925862073389382
        ],
        [
            0.3388342306810115,
            0.2219093304374111,
            -0.019510121965120183,
            -0.04994033608669164,
            -0.0011236830272162847,
            0.1073207741383769,
            0.13699205770833664,
            -0.06189000891833582,
            -0.13004450574927026,
            -0.01124095380839436,
            0.02026057848980259,
            0.030009828833941484,
            0.0009221978211265731,
            -0.03180919578887394,
            0.0077139978601619445,
            -0.023382762830660403,
            -0.02793185362131091,
            0.0009392005264796321,
            -0.010701764152402352,
            -0.0015833058041328704
        ],
        [
            -0.06963678768109793,
            -0.019510121965120183,
            0.04965339290918108,
            0.10025802480661579,
            0.008923850784191644,
            0.1468183041678545,
            0.022537857446918955,
            0.04237003725881877,
            0.019501907086531517,
            0.017599543927218155,
            -0.033894353112917705,
            0.009508518337035058,
            0.007789536961989413,
            -0.06226689756276406,
            0.02540877526018891,
            0.016363700444732183,
            0.0042677972834777676,
            -0.0072856235383595026,
            0.03295052720353637,
            0.00550919421313233
        ],
        [
            -0.15866707115416118,
            -0.04994033608669164,
            0.10025802480661579,
            0.20503202735743384,
            0.017549161310533842,
            0.29359079618823986,
            0.04481536027138623,
            0.08625861262452403,
            0.06127572160106253,
            0.031950757957811,
            -0.035668389268629315,
            0.02869411313309354,
            0.017741102722652585,
            -0.12889580748404275,
            0.04765718141248996,
            0.026438244408141933,
            0.012163949218502753,
            -0.01075504630416321,
            0.04705535456576669,
            0.008508800975155786
        ],
        [
            -0.008489118119495476,
            -0.0011236830272162847,
            0.008923850784191644,
            0.017549161310533842,
            0.0016951783165500094,
            0.02740525409794512,
            0.0047267277250992445,
            0.007311366447978187,
            -0.0005497835273088239,
            0.0037266385224017347,
            -0.011259765815241192,
            0.0008140112635405486,
            0.0009368136642623379,
            -0.01013613203867715,
            0.005333125359889319,
            0.005683848784685312,
            0.0011774143738762688,
            -0.0020465288504953583,
            0.009529039236664932,
            0.001464024755032402
        ],
        [
            0.028565274000165,
            0.1073207741383769,
            0.1468183041678545,
            0.29359079618823986,
            0.02740525409794512,
            0.5757065297524739,
            0.1977398581719042,
            0.08570993074422442,
            0.0036465320470873723,
            0.038586728450048464,
            -0.005343838193698049,
            0.0917205607221514,
            0.029712337344744134,
            -0.2324339067628866,
            0.08320324060355037,
            0.04149156647429157,
            0.014369202531381037,
            -0.014143753472667114,
            0.05449910960373669,
            0.010608462309824205
        ],
        [
            0.1749211662463488,
            0.13699205770833664,
            0.022537857446918955,
            0.04481536027138623,
            0.0047267277250992445,
            0.1977398581719042,
            0.13447142258357653,
            -0.01808060948128352,
            -0.02487871763884186,
            -0.00781504778238725,
            0.10406606298645975,
            0.08099509616169959,
            0.009130614890682526,
            -0.06475537822719575,
            0.017899427089415353,
            0.023208326259208933,
            0.023955715704728424,
            0.005609840698765967,
            -0.035047548990704745,
            -0.004318610063637442
        ],
        [
            -0.12433371732488763,
            -0.06189000891833582,
            0.04237003725881877,
            0.08625861262452403,
            0.007311366447978187,
            0.08570993074422442,
            -0.01808060948128352,
            0.04748601218026258,
            0.03086869326065047,
            0.019085504472440906,
            -0.05887457942627381,
            -0.014278522545033591,
            0.005701769641911087,
            -0.04457407371564211,
            0.018850227355763555,
            0.0039489408901026615,
            -0.004834521729346047,
            -0.007945610820666159,
            0.038441327247144524,
            0.006145721125344801
        ],
        [
            -0.2261351912252186,
            -0.13004450574927026,
            0.019501907086531517,
            0.06127572160106253,
            -0.0005497835273088239,
            0.0036465320470873723,
            -0.02487871763884186,
            0.03086869326065047,
            0.19893893405584145,
            -0.019654933413767492,
            0.23584074494085114,
            0.0696742948882239,
            0.017690753372891395,
            -0.03781114254450648,
            -0.02136779335019774,
            -0.04097487123016392,
            0.03376505310567638,
            0.02776702402680474,
            -0.1364550823516995,
            -0.0179484559625306
        ],
        [
            -0.02661907800339726,
            -0.01124095380839436,
            0.017599543927218155,
            0.031950757957811,
            0.0037266385224017347,
            0.038586728450048464,
            -0.00781504778238725,
            0.019085504472440906,
            -0.019654933413767492,
            0.013484136495091127,
            -0.07511344413745617,
            -0.021704954926161205,
            -0.0005114226573084265,
            -0.014374069707915507,
            0.013095139151405394,
            0.009063741876705247,
            -0.009023448047768562,
            -0.009219112907892672,
            0.0451678640985222,
            0.0064899407754040826
        ],
        [
            0.021383497031739012,
            0.02026057848980259,
            -0.033894353112917705,
            -0.035668389268629315,
            -0.011259765815241192,
            -0.005343838193698049,
            0.10406606298645975,
            -0.05887457942627381,
            0.23584074494085114,
            -0.07511344413745617,
            0.578517474253205,
            0.21784141300493026,
            0.020377885954142874,
            -0.005050198007109098,
            -0.05384850323523985,
            -0.008764593093290775,
            0.11116626023781061,
            0.062069312879148374,
            -0.30969054370164634,
            -0.042908273049267864
        ],
        [
            0.03319963202413762,
            0.030009828833941484,
            0.009508518337035058,
            0.02869411313309354,
