{
    "opt_E": -2.2011423737429916,
    "HF_E": -2.171387781583321,
    "B3LYP_E": -2.173622970441836,
    "sto-3G_E": -2.161765355656982,
    "proj": [
        [
            0.525007488149583,
            0.32558199962153883,
            0.02950344729260018,
            -0.16854747809231366,
            -0.03035951409903281,
            0.0659339731825879,
            0.18297468175560547,
            0.05244122507570451,
            -0.256010251611886,
            -0.049358946652972135,
            0.04162096604690235,
            0.03089274756455507,
            0.0008133867432368886,
            0.024375610473626793,
            0.0003391434536181043,
            0.003316127658153144,
            -0.029049856886806943,
            -0.0017752661462793926,
            -0.021726670041156654,
            0.0020535957862943925
        ],
        [
            0.32558199962153883,
            0.2124025422429774,
            0.010406466674904424,
            -0.06163267923092067,
            -0.010953861007959354,
            0.10810359407253865,
            0.1335913144199297,
            0.027967067813003312,
            -0.14568966716271062,
            -0.02696857259181313,
            0.03471023493113534,
            0.02496606707673344,
            0.000426468097847341,
            -0.03054884865579926,
            -0.0027425118589561024,
            -0.026186620425485557,
            -0.033741917296710874,
            -0.0014769414430290796,
            -0.019795240125412353,
            0.0013782319092414588
        ],
        [
            0.02950344729260018,
            0.010406466674904424,
            0.009936946788689323,
            -0.053755789653908134,
            -0.009851223109720982,
            -0.06176113781244224,
            -0.0055746032442036825,
            0.007364717227613904,
            -0.014286596037227825,
            -0.005140911236026203,
            0.016384772021165585,
            -0.005212041423102819,
            -0.002071525088381894,
            0.03289036270596186,
            0.005201630356871411,
            -0.007193045810043318,
            -0.0038196293754316542,
            -0.0015634826691254958,
            -0.01622223912695215,
            0.001322856073668379
        ],
        [
            -0.16854747809231366,
            -0.06163267923092067,
            -0.053755789653908134,
            0.2913966336856587,
            0.05335639848953069,
            0.3317823259247381,
            0.0297116187808884,
            -0.04057307487987984,
            0.08887911932081936,
            0.029237003576589198,
            -0.0733449534335167,
            0.032943571662699477,
            0.010542900291816506,
            -0.1778688953888185,
            -0.02720696494411436,
            0.036602188197137474,
            0.022837868321525373,
            0.007685150602192335,
            0.07912734502484464,
            -0.006593611748806734
        ],
        [
            -0.03035951409903281,
            -0.010953861007959354,
            -0.009851223109720982,
            0.05335639848953069,
            0.009774212068093376,
            0.06088000812794658,
            0.005363288944608808,
            -0.007393397693229494,
            0.015461395213983563,
            0.005260670953762723,
            -0.014762271696035738,
            0.005390753859800259,
            0.0019554462234267207,
            -0.03286654395502332,
            -0.005033896399822748,
            0.006152926975409187,
            0.003541569539092129,
            0.0014573617694786944,
            0.015035694009418139,
            -0.001245039900621819
        ],
        [
            0.0659339731825879,
            0.10810359407253865,
            -0.06176113781244224,
            0.3317823259247381,
            0.06088000812794658,
            0.5446302473296925,
            0.17271699679819114,
            -0.029085975745703988,
            0.015807850106494246,
            0.01744484090931539,
            -0.004208038457580208,
            0.09606483354201033,
            0.013207657535661362,
            -0.2572853875710129,
            -0.0366428646958469,
            0.04319842339808003,
            0.02363897108367839,
            0.006483373744150433,
            0.06069624069122129,
            -0.005720970963020264
        ],
        [
            0.18297468175560547,
            0.1335913144199297,
            -0.0055746032442036825,
            0.0297116187808884,
            0.005363288944608808,
            0.17271699679819114,
            0.1268429507556548,
            0.00896592562956493,
            -0.02626871192652526,
            -0.006329340296577791,
            0.12308495086120012,
            0.0803870028805055,
            0.0004546750907434739,
            -0.05687586014783824,
            -0.004856616980108955,
            0.01818475983401579,
            0.02223324850130412,
            -0.0037823655205269546,
            -0.04610130801637105,
            0.0028098401708940655
        ],
        [
            0.05244122507570451,
            0.027967067813003312,
            0.007364717227613904,
            -0.04057307487987984,
            -0.007393397693229494,
            -0.029085975745703988,
            0.00896592562956493,
            0.007638305145606599,
            -0.027497833877058783,
            -0.006398242197950541,
            0.007984527299374045,
            -0.0011695568259824302,
            -0.0008021588375785677,
            0.020824664831937893,
            0.002551698246852692,
            -0.00021927241471364565,
            -0.002655730877829415,
            -0.0007203080466220906,
            -0.007427934125399421,
            0.0006787002807087745
        ],
        [
            -0.256010251611886,
            -0.14568966716271062,
            -0.014286596037227825,
            0.08887911932081936,
            0.015461395213983563,
            0.015807850106494246,
            -0.02626871192652526,
            -0.027497833877058783,
            0.2523282412965185,
            0.03693892560702098,
            0.24393338589488725,
            0.07863283740246586,
            -0.010301851353810804,
            -0.04471388359201601,
            0.011405789433666665,
            -0.052739710410453,
            0.033460646504968515,
            -0.01203375330650849,
            -0.13582856760547884,
            0.008443321716534532
        ],
        [
            -0.049358946652972135,
            -0.02696857259181313,
            -0.005140911236026203,
            0.029237003576589198,
            0.005260670953762723,
            0.01744484090931539,
            -0.006329340296577791,
            -0.006398242197950541,
            0.03693892560702098,
            0.006624068547706781,
            0.018623528765415127,
            0.00822648028492748,
            -0.0005058943585495206,
            -0.015063460769034497,
            -0.00032320364773529903,
            -0.004347995943514287,
            0.004662498447906119,
            -0.000732315158533996,
            -0.008644655863517958,
            0.0004249966365392385
        ],
        [
            0.04162096604690235,
            0.03471023493113534,
            0.016384772021165585,
            -0.0733449534335167,
            -0.014762271696035738,
            -0.004208038457580208,
            0.12308495086120012,
            0.007984527299374045,
            0.24393338589488725,
            0.018623528765415127,
            0.5895064833156977,
            0.21739403121748538,
            -0.02066436139797086,
            0.02435365801788523,
            0.030189208090738787,
            -0.025133810243053115,
            0.09528441821375007,
            -0.02794313197012804,
            -0.3130254185066963,
            0.020873165174826014
        ],
        [
            0.03089274756455507,
            0.02496606707673344,
            -0.005212041423102819,
            0.032943571662699477,
