{
    "opt_E": -2.1705581071277082,
    "HF_E": -2.1418890512963245,
    "B3LYP_E": -2.1429013567720636,
    "sto-3G_E": -2.131879457650264,
    "proj": [
        [
            0.5144208291032464,
            0.33317774981484544,
            0.01139955626380031,
            -0.17519665667100293,
            -0.031121604415391142,
            0.06817042006725942,
            0.19087683243272438,
            0.0025970723721934113,
            -0.24373899163411397,
            -0.05115941883350841,
            0.033444199664326366,
            0.03239153138122471,
            0.0017026966545542043,
            0.02140752304202946,
            -0.00025771855966547134,
            0.002959637462376482,
            -0.026890406704310074,
            0.002074260755993076,
            -0.022653634227561694,
            0.00019800607376115897
        ],
        [
            0.33317774981484544,
            0.2246082942650512,
            0.006125237231263071,
            -0.08197482427158005,
            -0.014288182415495563,
            0.09348672230064045,
            0.1396960465975074,
            0.0005188758337470189,
            -0.14042484144370673,
            -0.02972160579905135,
            0.04259631497909208,
            0.024197644694982517,
            0.010044650400622189,
            -0.032088459901709956,
            0.0007164279519856525,
            -0.03125494192671327,
            -0.033686046753343246,
            0.004104243121664082,
            -0.04089302471268267,
            0.0010798465170145796
        ],
        [
            0.01139955626380031,
            0.006125237231263071,
            0.0005510108816685083,
            -0.012647256484173704,
            -0.002367320042775095,
            -0.010960344744001392,
            0.0012306389303463237,
            -0.0007525204591404974,
            -0.005772183009110998,
            -0.001917405954037176,
            0.001212876295153645,
            -0.0011939647040463382,
            -0.001981536024451433,
            0.00684696479300773,
            0.00018967423054662395,
            0.0006928022549574334,
            -0.0006028323902661104,
            0.00025893906023747036,
            -0.0019530677304450933,
            0.00011037062722209469
        ],
        [
            -0.17519665667100293,
            -0.08197482427158005,
            -0.012647256484173704,
            0.32559671225363107,
            0.06175507444152118,
            0.34790913330070083,
            0.017409752162238418,
            0.030252909264769808,
            0.06858295577789791,
            0.04027863647272045,
            -0.06242100826645557,
            0.0518177856284789,
            0.05813081878909331,
            -0.1652895974702624,
            -0.008310017964107809,
            0.026678344846956272,
            0.033715567950509326,
            -0.012681930577534311,
            0.10110610453115958,
            -0.005376163597182347
        ],
        [
            -0.031121604415391142,
            -0.014288182415495563,
            -0.002367320042775095,
            0.06175507444152118,
            0.011736932788099688,
            0.0668492747345411,
            0.003725478912958029,
            0.0062370350841313,
            0.01061166305317136,
            0.0074689546810885665,
            -0.014355353287005854,
            0.009503276888220273,
            0.011176741389722814,
            -0.03109855067982361,
            -0.0016777565257276566,
            0.005279893287713087,
            0.006158402924440025,
            -0.0026225453828836896,
            0.021260559464024487,
            -0.0011154839242332967
        ],
        [
            0.06817042006725942,
            0.09348672230064045,
            -0.010960344744001392,
            0.34790913330070083,
            0.0668492747345411,
            0.5401387608997434,
            0.158852883293719,
            0.031001392404817304,
            -0.010080738042863614,
            0.025735575883081906,
            0.013552017759814705,
            0.11453451813823319,
            0.08219611890483677,
            -0.23174249278638107,
            -0.00950394864187404,
            0.04277370066342757,
            0.04170227731842546,
            -0.010742226526103248,
            0.06965477846750925,
            -0.004913728903896527
        ],
        [
            0.19087683243272438,
            0.1396960465975074,
            0.0012306389303463237,
            0.017409752162238418,
            0.003725478912958029,
            0.158852883293719,
            0.12301880922555278,
            -0.0075663500663959785,
            -0.03609665984709205,
            -0.01122669849929542,
            0.11224179628499009,
            0.06909038350434685,
            0.01801297041339594,
            -0.051440644690412755,
            4.951240159894001e-05,
            0.031566924426894606,
            0.02346643805811181,
            0.004265497756119794,
            -0.05465215936931747,
            0.001653312484391183
        ],
        [
            0.0025970723721934113,
            0.0005188758337470189,
            -0.0007525204591404974,
            0.030252909264769808,
            0.0062370350841313,
            0.031001392404817304,
            -0.0075663500663959785,
            0.01614395985715802,
            -0.04383640887333548,
            0.0018755152280340818,
            -0.084635371849506,
            -0.01612231788649821,
            0.00710619671641526,
            -0.007511206102539167,
            -0.003046008875722956,
            -0.005331567204274223,
            -0.01102907079588007,
            -0.006684972982280506,
            0.06508018605650787,
            -0.002945078852561131
        ],
        [
            -0.24373899163411397,
            -0.14042484144370673,
            -0.005772183009110998,
            0.06858295577789791,
            0.01061166305317136,
            -0.010080738042863614,
            -0.03609665984709205,
            -0.04383640887333548,
            0.25366152783953344,
            0.025280112338410602,
            0.2415619261567166,
            0.0451214237482286,
            -0.0026176463041772714,
            -0.06058478269818997,
            0.008426510381319372,
            -0.015137090976480413,
            0.03164004322148089,
            0.01916821959484642,
            -0.18859561969222738,
            0.00849937455990661
        ],
        [
            -0.05115941883350841,
            -0.02972160579905135,
            -0.001917405954037176,
            0.04027863647272045,
            0.0074689546810885665,
            0.025735575883081906,
            -0.01122669849929542,
            0.0018755152280340818,
            0.025280112338410602,
            0.0071523427221603045,
            -0.0048525688008108575,
            0.0011318543004407442,
            0.005187937115276746,
            -0.01974175880873479,
            -0.0004399229799540456,
            -0.0036984980837392427,
            0.0015874813668679151,
            -0.0006771733287544352,
            0.005415888022097603,
            -0.00027019668342621184
        ],
        [
            0.033444199664326366,
            0.04259631497909208,
            0.001212876295153645,
            -0.06242100826645557,
            -0.014355353287005854,
            0.013552017759814705,
            0.11224179628499009,
            -0.084635371849506,
            0.2415619261567166,
            -0.0048525688008108575,
            0.5138446497607889,
            0.1546215259893712,
            -0.014930060582981615,
            -0.010760841967974335,
            0.013382949161335918,
            0.09444922543456943,
            0.10842701199736449,
            0.03343506295076193,
            -0.34352147654526,
            0.01493641149084019
        ],
        [
            0.03239153138122471,
            0.024197644694982517,
            -0.0011939647040463382,
