{
    "opt_E": -2.1422169440761007,
    "HF_E": -2.112328643986803,
    "B3LYP_E": -2.113706919182417,
    "sto-3G_E": -2.0911226398260574,
    "proj": [
        [
            0.5111290170105691,
            0.33131712739725205,
            -0.032950678027940404,
            -0.17695902187605095,
            -0.007892328144240813,
            0.08340758131616015,
            0.18162115376065585,
            -0.06322053800169601,
            -0.23844799671173134,
            0.002920835585636511,
            0.05125416809327202,
            0.0363028734881563,
            -0.007046221806334339,
            0.024187785966888906,
            -0.0031127859876519215,
            0.0003616674399173401,
            -0.03606361870703374,
            0.009289339449824954,
            -0.027700199715564595,
            0.009649214489402952
        ],
        [
            0.33131712739725205,
            0.22049821927857408,
            -0.015421878374483848,
            -0.08709224158181822,
            -0.004368944848172461,
            0.09379396926884719,
            0.12826535825809937,
            -0.036798075604765765,
            -0.14369867928299365,
            0.0022253019454910386,
            0.046347824724661674,
            0.024173777498216822,
            0.00228499910031219,
            -0.021554138665710765,
            -0.0020442132411653724,
            -0.03057162928947518,
            -0.04031539327148556,
            0.009966938746419558,
            -0.032699674309980574,
            0.008545538538031371
        ],
        [
            -0.032950678027940404,
            -0.015421878374483848,
            0.014750655039536013,
            0.06801153253388323,
            0.001698706817807222,
            0.06929858897158425,
            0.004513472828712219,
            0.013572310595481392,
            0.006894850148453552,
            -0.00497666521287345,
            -0.014132673283574993,
            0.007632249983914772,
            0.0011520075851147095,
            -0.05076695207306104,
            -0.01238553736239124,
            0.004865349169844942,
            0.007326096746206082,
            -0.007401589983237223,
            0.0185054256349237,
            -0.006106103100747874
        ],
        [
            -0.17695902187605095,
            -0.08709224158181822,
            0.06801153253388323,
            0.31678388519946205,
            0.008134905680261697,
            0.3130081518442188,
            0.016496116819774823,
            0.06328718896130216,
            0.06186900783641874,
            -0.019267692026418155,
            -0.036685156856386,
            0.04286306824268431,
            0.007364969534140601,
            -0.2278744441953495,
            -0.05297407208710081,
            0.025796080971050465,
            0.04103118654189135,
            -0.028409250566334195,
            0.06845012018296887,
            -0.024046692179685664
        ],
        [
            -0.007892328144240813,
            -0.004368944848172461,
            0.001698706817807222,
            0.008134905680261697,
            0.00024594537889817316,
            0.006061199160587165,
            -0.0010722171937070923,
            0.0018496457620331263,
            0.003867682954014997,
            -0.0003244221711898599,
            -0.0005771375813928279,
            0.00016064494406334496,
            0.0005884491936434319,
            -0.005888970277793203,
            -0.0007619002525898406,
            -0.0016027210380517554,
            -0.00015873902592024588,
            -0.0003205746671039431,
            0.0005375423775813102,
            -0.00034873137597728925
        ],
        [
            0.08340758131616015,
            0.09379396926884719,
            0.06929858897158425,
            0.3130081518442188,
            0.006061199160587165,
            0.48407180941218186,
            0.15215760729051372,
            0.041217692594007004,
            -0.018046268728254447,
            -0.014726449357377056,
            0.06389930788686098,
            0.10556674809086518,
            0.01159101706937367,
            -0.2863454970365477,
            -0.06425904898057846,
            0.03626616685238361,
            0.04267531446294676,
            -0.0163263677488998,
            0.02618334446937845,
            -0.01457176335057451
        ],
        [
            0.18162115376065585,
            0.12826535825809937,
            0.004513472828712219,
            0.016496116819774823,
            -0.0010722171937070923,
            0.15215760729051372,
            0.11072183642401172,
            -0.014816227066541615,
            -0.03224856040620852,
            0.006690920216545245,
            0.11518549791441217,
            0.06968184475053461,
            0.0031932975162950344,
            -0.04525812889617983,
            -0.009973954853463439,
            0.03409759281707855,
            0.024777879534998073,
            0.013040968177362534,
            -0.044113661106498496,
            0.010026066553187126
        ],
        [
            -0.06322053800169601,
            -0.036798075604765765,
            0.013572310595481392,
            0.06328718896130216,
            0.0018496457620331263,
            0.041217692594007004,
            -0.014816227066541615,
            0.015802158434143194,
            0.012427626246680454,
            -0.0059708226534931986,
            -0.03390055926863848,
            -0.005721731265535931,
            0.0010813294894622166,
            -0.04307512439465746,
            -0.00993016289417216,
            -0.004666643085291548,
            0.0005277530374299449,
            -0.009124999257578923,
            0.024531716767963358,
            -0.007466341569737561
        ],
        [
            -0.23844799671173134,
            -0.14369867928299365,
            0.006894850148453552,
            0.06186900783641874,
            0.003867682954014997,
            -0.018046268728254447,
            -0.03224856040620852,
            0.012427626246680454,
            0.2973620543985664,
            0.03493276952566545,
            0.27653140774887036,
            0.05991957534883128,
            0.03215384341214704,
            0.0011545148528669014,
            0.04282330797791528,
            -0.039500466192553915,
            0.025040441833320215,
            0.06101413096096376,
            -0.18472388470238535,
            0.04287761750097791
        ],
        [
            0.002920835585636511,
            0.0022253019454910386,
            -0.00497666521287345,
            -0.019267692026418155,
            -0.0003244221711898599,
            -0.014726449357377056,
            0.006690920216545245,
            -0.0059708226534931986,
            0.03493276952566545,
            0.00790889714432022,
            0.0586281176751857,
            0.012627023630071253,
            0.004741168144367422,
            0.016025477499051668,
            0.01053385147785369,
            -0.006024537288050831,
            0.0016559869258298,
            0.013603339444219225,
            -0.04009048584615418,
            0.01004346671963691
        ],
        [
            0.05125416809327202,
            0.046347824724661674,
            -0.014132673283574993,
            -0.036685156856386,
            -0.0005771375813928279,
            0.06389930788686098,
            0.11518549791441217,
            -0.03390055926863848,
            0.27653140774887036,
            0.0586281176751857,
            0.511088183288027,
            0.16835074156043373,
            0.032248796693043924,
            0.05373241984502204,
            0.0530481780608132,
            0.040745809534457035,
            0.08040407674021295,
            0.09817107268700018,
            -0.29508614741354156,
            0.07230118666081231
        ],
        [
            0.0363028734881563,
            0.024173777498216822,
            0.007632249983914772,
            0.04286306824268431,
