{
    "opt_E": -2.17803904360973,
    "HF_E": -2.146473254222556,
    "B3LYP_E": -2.1489717172592027,
    "sto-3G_E": -2.1279906526488466,
    "proj": [
        [
            0.5818738563590115,
            0.37929642579952605,
            -0.013436361612031232,
            -0.16977816643376895,
            -0.030705492905001235,
            -0.020943315798760114,
            0.16189248368020168,
            -0.006177186009380101,
            -0.17598459044585107,
            -0.05284837525060449,
            0.04020475376908858,
            0.02414782220135151,
            0.008863356648394547,
            0.07042426217963967,
            0.0008963427532798103,
            -0.0007674769670818627,
            -0.030255046500437973,
            0.0008477795405405232,
            -0.029197405068319637,
            -0.005077211647359415
        ],
        [
            0.37929642579952605,
            0.26606271274968984,
            -0.005393186455530401,
            -0.0639049907355196,
            -0.010637446188094112,
            0.07693475320787715,
            0.13866677868058425,
            -0.006499639549358566,
            -0.12241508885328088,
            -0.02998523616207906,
            0.03254924983105337,
            0.02298366656709705,
            -0.0026173511380307452,
            -0.022135791319198305,
            0.0001557841308563662,
            -0.03767627882725889,
            -0.0431659077039707,
            0.00011991776344787372,
            -0.026907728395800287,
            -0.003977883505149284
        ],
        [
            -0.013436361612031232,
            -0.005393186455530401,
            0.0010530986075552012,
            0.014553335800646732,
            0.0028744821900086696,
            0.02033435313836156,
            0.003176993568599993,
            -0.0008306280993124868,
            -0.0005721706924830865,
            0.002196437370196142,
            -0.002446738296291471,
            0.002665104247293673,
            -0.0023269702511783032,
            -0.01252948002268828,
            0.0006622854680181514,
            0.0009162531109178533,
            0.0007806427806130289,
            -7.788839460437916e-05,
            0.0038961931706245974,
            0.0005641981182461881
        ],
        [
            -0.16977816643376895,
            -0.0639049907355196,
            0.014553335800646732,
            0.20230083499495802,
            0.040131785310728384,
            0.2895768547546085,
            0.05053474434080948,
            -0.01308718358365709,
            -0.021449828692107566,
            0.02942484032126306,
            -0.04085607217678363,
            0.041003865573440754,
            -0.03351027633952246,
            -0.1695614060950282,
            0.0109172887513293,
            0.02844928531514298,
            0.0185102975812199,
            -0.0010247095936603769,
            0.06449395193292129,
            0.009078716851106297
        ],
        [
            -0.030705492905001235,
            -0.010637446188094112,
            0.0028744821900086696,
            0.040131785310728384,
            0.007988894307068301,
            0.05864239155898454,
            0.011096469086156073,
            -0.002862650509049101,
            -0.006556193604486142,
            0.005658830652215499,
            -0.009454922480784646,
            0.008426813419236592,
            -0.006841120338787986,
            -0.03341410736487183,
            0.002379408472240447,
            0.00712865362615929,
            0.0041993386652398185,
            -0.00019971948699956397,
            0.01425550930384604,
            0.001980037921905129
        ],
        [
            -0.020943315798760114,
            0.07693475320787715,
            0.02033435313836156,
            0.2895768547546085,
            0.05864239155898454,
            0.5484569203451967,
            0.19981390959802184,
            -0.017453337175775213,
            -0.0661589225546345,
            0.025967644544123217,
            0.04950904826171163,
            0.12377122965749747,
            -0.0541556833705264,
            -0.28563533547859943,
            0.016948847308887596,
            0.05235014440974639,
            0.03439951917614235,
            -0.0012510261546996291,
            0.042029593488072746,
            0.005967617464256275
        ],
        [
            0.16189248368020168,
            0.13866677868058425,
            0.003176993568599993,
            0.05053474434080948,
            0.011096469086156073,
            0.19981390959802184,
            0.1349212032365993,
            -0.0002358545163242822,
            -0.026706270485787376,
            -0.008024535369490816,
            0.11055522059393341,
            0.0807855144760335,
            -0.013492458108564647,
            -0.07733967898878591,
            0.00407577265941588,
            0.030271728736531944,
            0.02282545484664896,
            4.961276621130892e-05,
            -0.038653781239872696,
            -0.005406132176401376
        ],
        [
            -0.006177186009380101,
            -0.006499639549358566,
            -0.0008306280993124868,
            -0.01308718358365709,
            -0.002862650509049101,
            -0.017453337175775213,
            -0.0002358545163242822,
            0.0061107289880926435,
            0.03798261699014954,
            -0.0016397904343802227,
            0.05027954169676034,
            0.010120072471470683,
            0.004585677109205105,
            0.008874803029813142,
            -0.0031060121941457377,
            -0.006812526351936241,
            0.0038430772520629416,
            0.00014788934207058028,
            -0.03521679520482498,
            -0.00463388518625342
        ],
        [
            -0.17598459044585107,
            -0.12241508885328088,
            -0.0005721706924830865,
            -0.021449828692107566,
            -0.006556193604486142,
            -0.0661589225546345,
            -0.026706270485787376,
            0.03798261699014954,
            0.27178787472168375,
            0.004251664047299949,
            0.3015148211636339,
            0.05923301987231961,
            0.02270343377698887,
            0.010704843463670793,
            -0.019446361375801517,
            -0.05643574980751046,
            0.021421017308206412,
            0.0005342556308743527,
            -0.21232188838597874,
            -0.027498067759387172
        ],
        [
            -0.05284837525060449,
            -0.02998523616207906,
            0.002196437370196142,
            0.02942484032126306,
            0.005658830652215499,
            0.025967644544123217,
            -0.008024535369490816,
            -0.0016397904343802227,
            0.004251664047299949,
            0.006322948187079413,
            -0.016042931413128684,
            -0.0027662537598018688,
            -0.0038936532292009416,
            -0.022326557786975013,
            0.0008485206006179871,
            -0.003483048257917262,
            -0.001626708067900787,
            -0.00019926005880406742,
            0.011476455422921862,
            0.0016876276943127077
        ],
        [
            0.04020475376908858,
            0.03254924983105337,
            -0.002446738296291471,
            -0.04085607217678363,
            -0.009454922480784646,
            0.04950904826171163,
            0.11055522059393341,
            0.05027954169676034,
            0.3015148211636339,
            -0.016042931413128684,
            0.5188760311011901,
            0.17545737093295016,
            0.023289255218638488,
            0.018966200816270398,
            -0.017630718372018434,
            0.032185965188086134,
            0.09434663661585779,
            0.0014735142903998838,
            -0.30534498951305344,
            -0.0407409541779504
        ],
        [
            0.02414782220135151,
            0.02298366656709705,
            0.002665104247293673,
