{
    "opt_E": -2.1991193942999137,
    "HF_E": -2.169660839045269,
    "B3LYP_E": -2.1716820163388766,
    "sto-3G_E": -2.161077079535308,
    "proj": [
        [
            0.5649699279810783,
            0.3506815693688305,
            -0.005174051473530943,
            -0.17699314553473072,
            0.03008269271913678,
            0.002921304940252157,
            0.17308251201466218,
            0.0002832171713895395,
            -0.22789991051907355,
            0.052487302258444016,
            0.04067000358371163,
            0.025497424575667508,
            0.005657703611159446,
            0.04250037691747517,
            0.0009859798763791963,
            0.0015176528644731736,
            -0.024981299890123956,
            -0.006023007248814699,
            -0.031930746110260595,
            -0.0076109684144977305
        ],
        [
            0.3506815693688305,
            0.2365847281468426,
            -0.0018699547162433316,
            -0.0558900330016841,
            0.008930233976749075,
            0.0986164495502569,
            0.14093307755825207,
            -0.003025481349801428,
            -0.13865253738770766,
            0.025522594981180584,
            0.02676383275255804,
            0.02439029290788213,
            -0.005629652574135915,
            -0.03391442404390728,
            -0.004395156007839146,
            -0.02862099597872459,
            -0.03221484742218381,
            -0.0042393437123348565,
            -0.0233180587711707,
            -0.004941810751970697
        ],
        [
            -0.005174051473530943,
            -0.0018699547162433316,
            0.00015246295150134336,
            0.005877626674719955,
            -0.0010439094467741186,
            0.007675088449663057,
            0.0012250504537138732,
            -0.00022058688982326929,
            0.002459478240143922,
            -0.0010015183806885977,
            0.0005248309202313709,
            0.0013757416791230744,
            -0.0005519111391943896,
            -0.00401554156979515,
            -0.00013582535259757888,
            2.5867314543776633e-05,
            0.00044067375852855034,
            9.71121227497867e-05,
            0.00043064012818067667,
            0.00014824796753164012
        ],
        [
            -0.17699314553473072,
            -0.0558900330016841,
            0.005877626674719955,
            0.24421394366423743,
            -0.0442495271709353,
            0.3255177804226962,
            0.050414171378906025,
            -0.016934929921191694,
            0.040082714266511534,
            -0.042759499060274465,
            -0.062296595838921,
            0.04164624623061096,
            -0.016983694843563546,
            -0.1461184511085219,
            0.005316036957848814,
            0.028035419399838054,
            0.01991908402673671,
            0.016840354848118258,
            0.0816554741535108,
            0.02211108331349767
        ],
        [
            0.03008269271913678,
            0.008930233976749075,
            -0.0010439094467741186,
            -0.0442495271709353,
            0.008058299845561678,
            -0.05942257149726922,
            -0.00922546083714179,
            0.0034299507686525715,
            -0.00432278032153927,
            0.007789953368559564,
            0.015169963404122064,
            -0.0067698026996309505,
            0.0028405947021162116,
            0.025719729257371444,
            -0.0014270536223268922,
            -0.0060196255595790305,
            -0.0034894781340315496,
            -0.0036217190869115177,
            -0.017632170982335365,
            -0.004718015146155854
        ],
        [
            0.002921304940252157,
            0.0986164495502569,
            0.007675088449663057,
            0.3255177804226962,
            -0.05942257149726922,
            0.5780976807654986,
            0.20048529693437714,
            -0.022654534433834708,
            -0.012861247719087714,
            -0.04215967401416185,
            -0.0019085883241360972,
            0.11266504222003734,
            -0.030382038229987134,
            -0.24388576111921556,
            0.0023436130313934677,
            0.046582494494386596,
            0.03155585569953578,
            0.015252670642707404,
            0.07087608484076771,
            0.0209084636964903
        ],
        [
            0.17308251201466218,
            0.14093307755825207,
            0.0012250504537138732,
            0.050414171378906025,
            -0.00922546083714179,
            0.20048529693437714,
            0.1371514359058377,
            -0.00034462322662388005,
            -0.029301235273428542,
            0.0058617846175354465,
            0.10228514460580278,
            0.07764257618691217,
            -0.010630445676966234,
            -0.07194077485204967,
            -0.004568418965969122,
            0.029380379381939426,
            0.024273197679321453,
            -0.007126710673665608,
            -0.037855829742552555,
            -0.008331607391587626
        ],
        [
            0.0002832171713895395,
            -0.003025481349801428,
            -0.00022058688982326929,
            -0.016934929921191694,
            0.0034299507686525715,
            -0.022654534433834708,
            -0.00034462322662388005,
            0.004592286540336858,
            0.02291680232102145,
            0.003847404538093428,
            0.044383053820090154,
            0.008505946793189906,
            -0.0005404862721595514,
            0.0052693405338793435,
            -0.003952376924919729,
            -0.003278512190387374,
            0.004395893143636632,
            -0.006348518362175624,
            -0.03145952995106965,
            -0.008004085994661703
        ],
        [
            -0.22789991051907355,
            -0.13865253738770766,
            0.002459478240143922,
            0.040082714266511534,
            -0.00432278032153927,
            -0.012861247719087714,
            -0.029301235273428542,
            0.02291680232102145,
            0.2302349304557739,
            -0.007294453981770524,
            0.2511728473496284,
            0.06062211647849829,
            -0.013907079050640451,
            -0.04679902227753686,
            -0.02608616932419808,
            -0.02680955435989437,
            0.03374804912550303,
            -0.03384333101856345,
            -0.16797601543024157,
            -0.04224109190560267
        ],
        [
            0.052487302258444016,
            0.025522594981180584,
            -0.0010015183806885977,
            -0.042759499060274465,
            0.007789953368559564,
            -0.04215967401416185,
            0.0058617846175354465,
            0.003847404538093428,
            -0.007294453981770524,
            0.00928175949924954,
            0.030324441972920554,
            0.003030526786820557,
            0.002175697240342622,
            0.02147897981939836,
            -0.0017859867199689929,
            9.757053970130629e-05,
            0.0012516155553614705,
            -0.0047859553617849715,
            -0.023649083083888394,
            -0.006134401875397855
        ],
        [
            0.04067000358371163,
            0.02676383275255804,
            0.0005248309202313709,
            -0.062296595838921,
            0.015169963404122064,
            -0.0019085883241360972,
            0.10228514460580278,
            0.044383053820090154,
            0.2511728473496284,
            0.030324441972920554,
            0.5426494801691845,
            0.18032116290693878,
            -0.012692443959868812,
            -0.010276388004818096,
            -0.03654661973084291,
            0.05670334215965202,
            0.11139361328479536,
            -0.06490720824949693,
            -0.3235613514297904,
            -0.08129884010178659
        ],
        [
            0.025497424575667508,
            0.02439029290788213,
