{
    "opt_E": -2.1981474306626736,
    "HF_E": -2.166942327823589,
    "B3LYP_E": -2.168855410024514,
    "sto-3G_E": -2.152267670315917,
    "proj": [
        [
            0.5473559729658833,
            0.3394241139084085,
            -0.04898926505422056,
            -0.1639859763862454,
            -0.044837248542214665,
            0.035728223439412454,
            0.17977807794329864,
            -0.09692584905823014,
            -0.22209703075562134,
            -0.07369690709725801,
            0.02572655718500983,
            0.031502561099381175,
            -0.002648236621238292,
            0.027438634778426473,
            -0.008384997948153712,
            -0.005666441915130212,
            -0.02676636281371095,
            -0.0041981164068160826,
            -0.01415136845010286,
            0.006815231685017228
        ],
        [
            0.3394241139084085,
            0.223739127706242,
            -0.013779232413423582,
            -0.05718995293291195,
            -0.014559972899206955,
            0.10384941511637873,
            0.1373096024821697,
            -0.05073153087332528,
            -0.1308612805725667,
            -0.037875626623559255,
            0.023933361330504638,
            0.02823593856735126,
            0.005038064017658973,
            -0.030625435679291147,
            -0.001935057659666135,
            -0.02528879771448161,
            -0.028798441625710842,
            -0.00278469887037281,
            -0.013784448397985259,
            0.004831106037647839
        ],
        [
            -0.04898926505422056,
            -0.013779232413423582,
            0.029322809785772508,
            0.07997094765171944,
            0.023883099776129627,
            0.11305227115690553,
            0.016662290499757444,
            0.025239198574462204,
            0.012601781940381552,
            0.017652108384376263,
            -0.021822831772471595,
            0.01009510916256352,
            0.015407626796990846,
            -0.056296335681521495,
            -0.005597097636952892,
            0.009837886438287789,
            0.004789422072761922,
            0.004825227826192075,
            0.021252041909992483,
            -0.011434319230161676
        ],
        [
            -0.1639859763862454,
            -0.05718995293291195,
            0.07997094765171944,
            0.22099013580091584,
            0.0654026324339533,
            0.2976177898871457,
            0.03674782687855465,
            0.07043363013762576,
            0.057915143514126737,
            0.05108729277634056,
            -0.03674427041796227,
            0.031777169667637876,
            0.03900981832901256,
            -0.15159522255758118,
            -0.011018781853591257,
            0.022330675620269403,
            0.0158002669203063,
            0.010713680210351465,
            0.04457584762419713,
            -0.025149690748511845
        ],
        [
            -0.044837248542214665,
            -0.014559972899206955,
            0.023883099776129627,
            0.0654026324339533,
            0.019514637100488515,
            0.0894412999550288,
            0.010952894522324964,
            0.021305962088437456,
            0.011744233721238397,
            0.0148740632638071,
            -0.019343308233504216,
            0.006593538890495555,
            0.01226075615966859,
            -0.04572031964759583,
            -0.004243511608984825,
            0.006247253241084727,
            0.0027718040754149114,
            0.003972107627324026,
            0.017446403322217675,
            -0.009355830206410466
        ],
        [
            0.035728223439412454,
            0.10384941511637873,
            0.11305227115690553,
            0.2976177898871457,
            0.0894412999550288,
            0.5615252092565789,
            0.18592008752817904,
            0.06214589373781854,
            -0.0028735729020401067,
            0.046907462225022574,
            0.007903496423647325,
            0.09633458173346392,
            0.0643451846236113,
            -0.2577686751526221,
            -0.01750227336569958,
            0.031588859496447706,
            0.019320023500222442,
            0.01102951831563807,
            0.040897888725636114,
            -0.027568570675024207
        ],
        [
            0.17977807794329864,
            0.1373096024821697,
            0.016662290499757444,
            0.03674782687855465,
            0.010952894522324964,
            0.18592008752817904,
            0.13040480171544214,
            -0.02158051179803683,
            -0.02626560981836778,
            -0.009960188199579738,
            0.10762622711450165,
            0.07964396333550698,
            0.013559370247752363,
            -0.06092547339549097,
            -0.0005147076258219363,
            0.025791696865126033,
            0.025949249550486164,
            -0.0063401804649190615,
            -0.0357406647108975,
            0.013321070542748132
        ],
        [
            -0.09692584905823014,
            -0.05073153087332528,
            0.025239198574462204,
            0.07043363013762576,
            0.021305962088437456,
            0.06214589373781854,
            -0.02158051179803683,
            0.032832356330317274,
            0.0116332845814569,
            0.020499693097089797,
            -0.068204576983807,
            -0.018152646296859164,
            0.012805527800555312,
            -0.040797489606087714,
            -0.007091535294616698,
            0.001299397651911799,
            -0.006281342585756738,
            0.008101697916653454,
            0.03916466201170579,
            -0.018710534520887345
        ],
        [
            -0.22209703075562134,
            -0.1308612805725667,
            0.012601781940381552,
            0.057915143514126737,
            0.011744233721238397,
            -0.0028735729020401067,
            -0.02626560981836778,
            0.0116332845814569,
            0.21230199447021686,
            0.0272797076090222,
            0.2503159283469397,
            0.07062984747130914,
            -0.02025581051643734,
            -0.020986336977782592,
            0.03986173692654172,
            -0.03850494426309933,
            0.03127531345663737,
            -0.024694982480971524,
            -0.13700398398660796,
            0.06018728445582745
        ],
        [
            -0.07369690709725801,
            -0.037875626623559255,
            0.017652108384376263,
            0.05108729277634056,
            0.0148740632638071,
            0.046907462225022574,
            -0.009960188199579738,
            0.020499693097089797,
            0.0272797076090222,
            0.014982694641446073,
            -0.01232789910832274,
            -0.0012852412277905144,
            0.006321912435861177,
            -0.031247023112240216,
            5.963491837512688e-05,
            -0.004559408834107867,
            -0.0012820874995653302,
            0.002146473117912131,
            0.008185060729784486,
            -0.004660991993831278
        ],
        [
            0.02572655718500983,
            0.023933361330504638,
            -0.021822831772471595,
            -0.03674427041796227,
            -0.019343308233504216,
            0.007903496423647325,
            0.10762622711450165,
            -0.068204576983807,
            0.2503159283469397,
            -0.01232789910832274,
            0.5726126115315155,
            0.20730745115199903,
            -0.04143620530621106,
            0.023192969332370403,
            0.06303841473537561,
            0.0003417151931429766,
            0.0997264621627452,
            -0.05445914607009548,
            -0.28902421076516643,
            0.12858094622490635
        ],
        [
            0.031502561099381175,
            0.02823593856735126,
            0.01009510916256352,
            0.031777169667637876,
            0.006593538890495555,
