{
    "opt_E": -2.2115846450227576,
    "HF_E": -2.178990473672078,
    "B3LYP_E": -2.1818090951946427,
    "sto-3G_E": -2.165202090239423,
    "proj": [
        [
            0.5870366858780337,
            0.365794241407441,
            -0.007439870380328707,
            -0.1713617013414309,
            0.019605824699845405,
            -0.02763308860961657,
            0.1606119841975595,
            -0.010928278366967956,
            -0.21134299389751035,
            0.012517258633420996,
            0.04651133031292519,
            0.020114986712210327,
            0.0020936831340865134,
            0.05593912657545284,
            -0.011061218256287935,
            -0.0018481049100668337,
            -0.02630609770183266,
            -0.004178966037192965,
            -0.025866835411460343,
            -0.010345468159185018
        ],
        [
            0.365794241407441,
            0.2521777875797449,
            -0.001967473623470275,
            -0.048175883746649883,
            0.006256104180834256,
            0.0974323815213899,
            0.1413514509454096,
            -0.006709616157688735,
            -0.13844754360880115,
            0.012736680108023033,
            0.017066175545247027,
            0.020746439661875685,
            -0.00038401760870780856,
            -0.02631277428076183,
            0.008638846388368128,
            -0.02683885000362565,
            -0.03527235258445073,
            -0.0013808574635167789,
            -0.010140052275450574,
            -0.002921297098801744
        ],
        [
            -0.007439870380328707,
            -0.001967473623470275,
            0.00041230811592662036,
            0.009149925469112282,
            -0.0009462261401443167,
            0.013954231731790891,
            0.002945328604334553,
            0.00014235604708485964,
            0.0015126757463444474,
            0.0005234063877049684,
            -0.002181338045101325,
            0.0017450072138625017,
            -1.2257484838835348e-05,
            -0.006506181008342337,
            0.0024693239890642704,
            0.0008996277592181421,
            0.0005137491409578688,
            0.0003267493120924968,
            0.002078245969423432,
            0.0007684626997776701
        ],
        [
            -0.1713617013414309,
            -0.048175883746649883,
            0.009149925469112282,
            0.20332109638422777,
            -0.021053410123220255,
            0.3054534914601795,
            0.06027070824400306,
            0.0031815912101984907,
            0.031614486676282604,
            0.012647917638831288,
            -0.05866199869066258,
            0.033677522819678854,
            -0.00012844150606292282,
            -0.1437663472696049,
            0.05523154142046085,
            0.01879926518938938,
            0.00907359209047309,
            0.007823429414066477,
            0.05042252154698241,
            0.018189655514041662
        ],
        [
            0.019605824699845405,
            0.006256104180834256,
            -0.0009462261401443167,
            -0.021053410123220255,
            0.0021933615126210394,
            -0.03069176388885314,
            -0.005332517701670075,
            -0.00036829380494541805,
            -0.004238583299163663,
            -0.001162381590465288,
            0.005931951038209827,
            -0.0028366557574562934,
            0.00012123006181114796,
            0.015293407057862139,
            -0.005345682545085003,
            -8.868626986509133e-05,
            8.249597437415938e-05,
            -0.0007382382570338569,
            -0.004652870124055314,
            -0.0017569106888046403
        ],
        [
            -0.02763308860961657,
            0.0974323815213899,
            0.013954231731790891,
            0.3054534914601795,
            -0.03069176388885314,
            0.5905913557325856,
            0.21886590695824037,
            0.0013007272446420072,
            -0.010001219874334819,
            0.01974978530465287,
            -0.005115106161697124,
            0.10836440837514888,
            -0.0013638079594788036,
            -0.25469349549552134,
            0.09269325339184155,
            0.029110194964652746,
            0.01622804628848514,
            0.007646785232242809,
            0.04388619687803708,
            0.0194176228736965
        ],
        [
            0.1606119841975595,
            0.1413514509454096,
            0.002945328604334553,
            0.06027070824400306,
            -0.005332517701670075,
            0.21886590695824037,
            0.14737826474310828,
            -0.0018193886082482416,
            -0.02244299649167146,
            -0.00182063398241881,
            0.1086873335548169,
            0.08807162894214883,
            -0.0012903553415560595,
            -0.07323566541372821,
            0.02264406711437594,
            0.02343075010860381,
            0.025329670904777984,
            -0.003988468943453775,
            -0.03310676105054485,
            -0.007015334617759636
        ],
        [
            -0.010928278366967956,
            -0.006709616157688735,
            0.00014235604708485964,
            0.0031815912101984907,
            -0.00036829380494541805,
            0.0013007272446420072,
            -0.0018193886082482416,
            0.0002564103456992434,
            0.006465308220036214,
            -0.000974958439427701,
            0.004586821053204674,
            0.0015183973981681945,
            -0.00022085399377350017,
            -0.0016259975766554386,
            -0.0004458206460098946,
            -0.0011213843037835456,
            0.0008172802181723298,
            -0.000290333049891003,
            -0.0023127672461067603,
            -0.0005221489823528648
        ],
        [
            -0.21134299389751035,
            -0.13844754360880115,
            0.0015126757463444474,
            0.031614486676282604,
            -0.004238583299163663,
            -0.010001219874334819,
            -0.02244299649167146,
            0.006465308220036214,
            0.20278395573385327,
            -0.04310670296020312,
            0.2529551001701428,
            0.07669883688357293,
            -0.009358342340518104,
            -0.02209628216170295,
            -0.036851961882989774,
            -0.05458190617945686,
            0.027133896980323143,
            -0.017285181700842752,
            -0.13184693909788447,
            -0.03324000915548871
        ],
        [
            0.012517258633420996,
            0.012736680108023033,
            0.0005234063877049684,
            0.012647917638831288,
            -0.001162381590465288,
            0.01974978530465287,
            -0.00182063398241881,
            -0.000974958439427701,
            -0.04310670296020312,
            0.0123811593884421,
            -0.08053440328135071,
            -0.02284388504805122,
            0.0025015639894165075,
            -0.00511182584765583,
            0.014090439557201647,
            0.015283583411377848,
            -0.00682517727284184,
            0.005704823906824921,
            0.042613392839192014,
            0.011299556569923425
        ],
        [
            0.04651133031292519,
            0.017066175545247027,
            -0.002181338045101325,
            -0.05866199869066258,
            0.005931951038209827,
            -0.005115106161697124,
            0.1086873335548169,
            0.004586821053204674,
            0.2529551001701428,
            -0.08053440328135071,
            0.5948940009626142,
            0.21923843160599782,
            -0.013775252566911192,
            0.017579275003316856,
            -0.0729606658897622,
            -0.025953301262850174,
            0.0960775354698428,
            -0.03822361930104483,
            -0.28585984262468433,
            -0.07588335107210983
        ],
        [
            0.020114986712210327,
            0.020746439661875685,
