{
    "opt_E": -2.140944771878336,
    "HF_E": -2.111544662339565,
    "B3LYP_E": -2.1126606308204625,
    "sto-3G_E": -2.0906134945189523,
    "proj": [
        [
            0.5216152323449159,
            0.34653810880108793,
            0.01403250938419483,
            -0.17073609636057296,
            0.0532577175759004,
            0.05946069310870218,
            0.18488825176928128,
            0.015861499612349776,
            -0.21226541475012406,
            0.09593866400850894,
            0.0347680045172333,
            0.036105665387576,
            -0.002641478174999667,
            0.031922918491391526,
            -0.0004945290237207879,
            0.0027953688426585986,
            -0.03270942620039208,
            0.0018411358750488902,
            -0.02003284165771484,
            0.0026827247641447102
        ],
        [
            0.34653810880108793,
            0.2388234482853819,
            0.007503930160128185,
            -0.09073212879923631,
            0.027641908482643328,
            0.07905390432185931,
            0.13655009963878706,
            0.00892446728402968,
            -0.12266984254491393,
            0.06006002733892427,
            0.04853848911444469,
            0.024444400402710408,
            0.0024623460655332414,
            -0.0241166927028696,
            0.00012093158106315282,
            -0.03740171001374673,
            -0.0434821586826555,
            0.00413844024493845,
            -0.046368258907568564,
            0.004161431306243896
        ],
        [
            0.01403250938419483,
            0.007503930160128185,
            0.0017191122451970329,
            -0.02170231057786571,
            0.007945597707134338,
            -0.023986073359313256,
            -0.0010999308585575888,
            -0.0001250931295135791,
            -0.0017011498764127285,
            0.006064455206821629,
            0.0021111645995086133,
            -0.0037355733620286356,
            -0.0016148645642353405,
            0.015462431070600649,
            0.0019901875113694256,
            -0.002128419776191337,
            -0.0030568505709739984,
            0.0005479161468931638,
            -0.005851261575913713,
            0.00032580843013144134
        ],
        [
            -0.17073609636057296,
            -0.09073212879923631,
            -0.02170231057786571,
            0.27412460215253026,
            -0.10060560532592532,
            0.30612156923330486,
            0.016056195522123565,
            0.002146307238535782,
            0.01538537100542126,
            -0.07606218879395263,
            -0.030513457409830913,
            0.047733159652941275,
            0.020438518043348314,
            -0.1952578755462465,
            -0.025620744247305455,
            0.029101084275052452,
            0.03934444564341078,
            -0.007312988583666861,
            0.07831108292185641,
            -0.0044068341475321845
        ],
        [
            0.0532577175759004,
            0.027641908482643328,
            0.007945597707134338,
            -0.10060560532592532,
            0.03732491580737312,
            -0.11643612666178738,
            -0.00844683205829832,
            -0.0017763065254771684,
            0.004828531252191936,
            0.027298311729171736,
            0.01932847761035987,
            -0.017644782686609604,
            -0.007542951728948259,
            0.07133352040835195,
            0.010175263524571607,
            -0.013869302989246084,
            -0.015274666247213164,
            0.003418856864967984,
            -0.03701775927284732,
            0.0021887087567695972
        ],
        [
            0.05946069310870218,
            0.07905390432185931,
            -0.023986073359313256,
            0.30612156923330486,
            -0.11643612666178738,
            0.5076011534192549,
            0.15408915843033535,
            0.00723873419267327,
            -0.05135283541497766,
            -0.050276041840337383,
            0.05994068728882762,
            0.11693101576216028,
            0.029143274703322248,
            -0.2766458940634391,
            -0.03642181132262933,
            0.05244862685154404,
            0.05076219856252453,
            -0.004563691108404722,
            0.04505819161166678,
            -0.00020731031936207587
        ],
        [
            0.18488825176928128,
            0.13655009963878706,
            -0.0010999308585575888,
            0.016056195522123565,
            -0.00844683205829832,
            0.15408915843033535,
            0.11618250033654172,
            0.0014303182868650895,
            -0.02883872802031648,
            0.025416645722269815,
            0.11217729789387441,
            0.0682832244854703,
            0.005558427595263973,
            -0.05134411526993233,
            -0.007366633434291939,
            0.035248782840667604,
            0.02251124145594072,
            0.004283531167034711,
            -0.05037289575281343,
            0.00531434451592101
        ],
        [
            0.015861499612349776,
            0.00892446728402968,
            -0.0001250931295135791,
            0.002146307238535782,
            -0.0017763065254771684,
            0.00723873419267327,
            0.0014303182868650895,
            0.0027671471579180018,
            -0.028120457526778553,
            -0.00048526821794959697,
            -0.030159548618449234,
            -0.004591045822634785,
            0.00033759771502232626,
            -0.001803662916694687,
            -0.001818810020005661,
            0.0016815550441556882,
            -0.0022180121174239574,
            -0.002202878616031886,
            0.024933723009610408,
            -0.0018430359182747338
        ],
        [
            -0.21226541475012406,
            -0.12266984254491393,
            -0.0017011498764127285,
            0.01538537100542126,
            0.004828531252191936,
            -0.05135283541497766,
            -0.02883872802031648,
            -0.028120457526778553,
            0.293257855787188,
            -0.009760532714951866,
            0.28634159086093375,
            0.04190659024803412,
            -0.00097977969166233,
            -0.00599529031390634,
            0.016205486659389173,
            -0.024330078167683504,
            0.020938249907745746,
            0.0210127057912233,
            -0.2381371334390374,
            0.01752357060698936
        ],
        [
            0.09593866400850894,
            0.06006002733892427,
            0.006064455206821629,
            -0.07606218879395263,
            0.027298311729171736,
            -0.050276041840337383,
            0.025416645722269815,
            -0.00048526821794959697,
            -0.009760532714951866,
            0.029007654829350426,
            0.041787599874857265,
            0.006925940351872985,
            -0.004952292791204705,
            0.04844140089412021,
            0.005324449047126115,
            0.008846050544870558,
            -9.207978605960649e-06,
            0.0031606387950477385,
            -0.035059537019389936,
            0.0026692695190959873
        ],
        [
            0.0347680045172333,
            0.04853848911444469,
            0.0021111645995086133,
            -0.030513457409830913,
            0.01932847761035987,
            0.05994068728882762,
            0.11217729789387441,
            -0.030159548618449234,
            0.28634159086093375,
            0.041787599874857265,
            0.48210856227240034,
            0.14741562176159065,
            -0.0027949458341212513,
            0.01909766872757072,
            0.011449368911182487,
            0.0875721705145167,
            0.09276270068156384,
            0.028266917767316845,
            -0.3224825871446749,
            0.026061676067230435
        ],
        [
            0.036105665387576,
            0.024444400402710408,
            -0.0037355733620286356,
