{
    "opt_E": -2.1687897118804504,
    "HF_E": -2.1381201047321072,
    "B3LYP_E": -2.139852807583712,
    "sto-3G_E": -2.1153557718845635,
    "proj": [
        [
            0.5463799720065431,
            0.35367098123857194,
            0.026310134623340992,
            -0.16712105077248296,
            -0.06312110917296133,
            0.030352713746647865,
            0.17488985489904454,
            0.020344038223888958,
            -0.20219719463505334,
            -0.11080093511732127,
            0.03198448557565997,
            0.03429364933693425,
            -0.0035997526622613537,
            0.03840572266481491,
            -0.005727475975851784,
            -0.0014681713039307622,
            -0.03133551336321723,
            -0.003274314675999259,
            -0.018869713065223375,
            -0.0026325327420454116
        ],
        [
            0.35367098123857194,
            0.24025748267820488,
            0.011943141984334786,
            -0.0707387840515538,
            -0.024663417842839316,
            0.08716430712571821,
            0.13434630352022794,
            0.013206699887342285,
            -0.12670593235796307,
            -0.06300561830035702,
            0.034008991488681285,
            0.02745679889607272,
            0.006049969119509026,
            -0.02609041296766007,
            9.063154930782773e-05,
            -0.032789200004677166,
            -0.038361732025206374,
            -0.002587771911606378,
            -0.025737156149038504,
            -0.0026533540264035396
        ],
        [
            0.026310134623340992,
            0.011943141984334786,
            0.00438073841407418,
            -0.031170269833394215,
            -0.013357353157313028,
            -0.03854879455159512,
            -0.0030913360025195125,
            -0.00139269590933497,
            -0.004335926698911483,
            -0.011340657230716466,
            0.003902434823207661,
            -0.00464728587331182,
            -0.008219922659776073,
            0.023315200039426418,
            -0.004108525643377818,
            -0.001959419016220259,
            -0.002841173833612427,
            -0.001486378780937377,
            -0.0072335044332218395,
            -0.0006696265214628627
        ],
        [
            -0.16712105077248296,
            -0.0707387840515538,
            -0.031170269833394215,
            0.22290300827052925,
            0.09594115525519674,
            0.2882517388362616,
            0.03267042722587856,
            0.01120982875007193,
            0.022310937026720077,
            0.07824267773028616,
            -0.025136616115952568,
            0.0388334594221468,
            0.06116582150393055,
            -0.16844220314576083,
            0.03047183893625992,
            0.020733489274356243,
            0.02378150513144171,
            0.010912283938401678,
            0.053712764393296024,
            0.004872202873436706
        ],
        [
            -0.06312110917296133,
            -0.024663417842839316,
            -0.013357353157313028,
            0.09594115525519674,
            0.041714409405534975,
            0.1276173584652642,
            0.016055970290042076,
            0.007263802757722358,
            -0.00039344831256150854,
            0.033478753558670984,
            -0.021376309389277776,
            0.015090497951862026,
            0.028458750940403673,
            -0.07342993624849982,
            0.01393132727592625,
            0.010676621073509154,
            0.009504787347289479,
            0.005734959701610701,
            0.030910600640171548,
            0.0027589656454819356
        ],
        [
            0.030352713746647865,
            0.08716430712571821,
            -0.03854879455159512,
            0.2882517388362616,
            0.1276173584652642,
            0.5283062716050229,
            0.17471166435265847,
            0.01869864158103287,
            -0.03778969525149732,
            0.06419634074104347,
            0.05170654909231196,
            0.1119827725041115,
            0.09607770665748379,
            -0.26984482144908184,
            0.04685971735562026,
            0.037656097206933255,
            0.03431102904579066,
            0.010826728025152126,
            0.034916224484321204,
            0.0026956176892325603
        ],
        [
            0.17488985489904454,
            0.13434630352022794,
            -0.0030913360025195125,
            0.03267042722587856,
            0.016055970290042076,
            0.17471166435265847,
            0.12194930443153285,
            -0.001959823726190401,
            -0.02755488900917934,
            -0.022566663120121934,
            0.11020945978556217,
            0.07627329177968784,
            0.019697833791269097,
            -0.058095515040495184,
            0.009991616597715705,
            0.03329488938629839,
            0.02602457326919425,
            -0.0040432556129587505,
            -0.04079723852706756,
            -0.004217131056700744
        ],
        [
            0.020344038223888958,
            0.013206699887342285,
            -0.00139269590933497,
            0.01120982875007193,
            0.007263802757722358,
            0.01869864158103287,
            -0.001959823726190401,
            0.01688630809209154,
            -0.05931190287289631,
            0.00743398122077573,
            -0.08553770829820914,
            -0.017854195059685163,
            0.015511903720878293,
            -0.008757313710653915,
            0.006135083045915834,
            0.010298081335900421,
            -0.0052905278430557465,
            0.008128264869695399,
            0.06072506143057386,
            0.005271856744852848
        ],
        [
            -0.20219719463505334,
            -0.12670593235796307,
            -0.004335926698911483,
            0.022310937026720077,
            -0.00039344831256150854,
            -0.03778969525149732,
            -0.02755488900917934,
            -0.05931190287289631,
            0.2428837036304209,
            0.0074288986228261515,
            0.27431202933351356,
            0.054738223491653776,
            -0.04454711635625401,
            0.0008788150029130248,
            -0.01611404308667413,
            -0.036088801744906855,
            0.023938722575206003,
            -0.02526327898502188,
            -0.1933934926537158,
            -0.016521860750749972
        ],
        [
            -0.11080093511732127,
            -0.06300561830035702,
            -0.011340657230716466,
            0.07824267773028616,
            0.033478753558670984,
            0.06419634074104347,
            -0.022566663120121934,
            0.00743398122077573,
            0.0074288986228261515,
            0.037760209844137055,
            -0.05464625575217089,
            -0.010948423673112894,
            0.020023060627068705,
            -0.05173683698270807,
            0.009621449303531301,
            -0.004422911716351132,
            -0.0020328803725377545,
            0.006483049533791513,
            0.040238698415465304,
            0.003799445479992346
        ],
        [
            0.03198448557565997,
            0.034008991488681285,
            0.003902434823207661,
            -0.025136616115952568,
            -0.021376309389277776,
            0.05170654909231196,
            0.11020945978556217,
            -0.08553770829820914,
            0.27431202933351356,
            -0.05464625575217089,
            0.5230669233431764,
            0.17137149614914393,
            -0.05650140830649166,
            0.022029229115538305,
            -0.019221580147286484,
            0.0372531751978141,
            0.08855253423498148,
            -0.042151660439466956,
            -0.3171424370508593,
            -0.028526926167375774
        ],
        [
            0.03429364933693425,
            0.02745679889607272,
            -0.00464728587331182,
            0.0388334594221468,
