{
    "opt_E": -2.219372200852947,
    "HF_E": -2.1873446670997816,
    "B3LYP_E": -2.1897948607601134,
    "sto-3G_E": -2.177283428102909,
    "proj": [
        [
            0.5831794249602568,
            0.35997450431518063,
            -0.021083581528094805,
            -0.16820848472935834,
            0.011546518994543998,
            -0.021468065075999188,
            0.1642502107787441,
            -0.04357995619167046,
            -0.22309853374609234,
            0.0034850788953684217,
            0.036716516806262194,
            0.021567951757675518,
            -0.006421379646385251,
            0.04771703558309589,
            -0.009912628733896114,
            -0.001090222129848102,
            -0.026082479583003162,
            -0.0018449923866065837,
            -0.023880317352691926,
            -0.004408531132325977
        ],
        [
            0.35997450431518063,
            0.24555311821251766,
            -0.004992379501114498,
            -0.046660121997424905,
            0.003994541242571476,
            0.10013939831974435,
            0.14301949192498914,
            -0.019253345715053376,
            -0.13681752970900782,
            0.006821115166528066,
            0.018008082095592952,
            0.023826599346873274,
            0.004356896909048644,
            -0.028462188975099213,
            0.007960070601894263,
            -0.027662047984591546,
            -0.033592076844362266,
            -0.0006545207190229419,
            -0.01254932738603298,
            -0.0015472507702447892
        ],
        [
            -0.021083581528094805,
            -0.004992379501114498,
            0.004013692103628522,
            0.028455288423045042,
            -0.001555920697426199,
            0.04394567113327262,
            0.008730761149383743,
            0.005261587786342623,
            0.0036171190369299897,
            0.002990641990382209,
            -0.011898328517725147,
            0.0043543124786272905,
            0.0036837297461524213,
            -0.01688960218110779,
            0.00731027481059379,
            0.004905318562657504,
            0.0020204322454456212,
            0.00019006441583695533,
            0.01076510157904992,
            0.0014106927898523691
        ],
        [
            -0.16820848472935834,
            -0.046660121997424905,
            0.028455288423045042,
            0.20397078107825825,
            -0.011381860346607956,
            0.30951821025521015,
            0.05989848333997474,
            0.036231840418968035,
            0.04528579288750428,
            0.017284975493956994,
            -0.05832291954154233,
            0.03527920617793647,
            0.02535205618444268,
            -0.1276288159001103,
            0.04871006448494887,
            0.019781044489051807,
            0.010841819377217973,
            0.0014707952279308717,
            0.05808629318912811,
            0.00829499851030665
        ],
        [
            0.011546518994543998,
            0.003994541242571476,
            -0.001555920697426199,
            -0.011381860346607956,
            0.0006603166259676693,
            -0.016399733448842577,
            -0.0026941100229502693,
            -0.0019364156234640334,
            -0.0044110474638947295,
            -0.0006068867676324466,
            0.0012332140524035937,
            -0.0018724206927283958,
            -0.0013043785448493585,
            0.00794617787544144,
            -0.002323795874949546,
            0.0011053434184456275,
            0.0002708656221393505,
            -9.516316620653745e-05,
            -0.001478079008152321,
            -0.00030132191547694876
        ],
        [
            -0.021468065075999188,
            0.10013939831974435,
            0.04394567113327262,
            0.30951821025521015,
            -0.016399733448842577,
            0.6022355420962169,
            0.2194705390413718,
            0.042251428857410844,
            0.002454262491569291,
            0.026362000846568506,
            -0.020148660674657554,
            0.10800804620395849,
            0.04481271994039163,
            -0.23167562109548626,
            0.08496839714718885,
            0.0351140419523483,
            0.019162218211428435,
            0.0019945789323263423,
            0.06107029857417878,
            0.009853294045506904
        ],
        [
            0.1642502107787441,
            0.14301949192498914,
            0.008730761149383743,
            0.05989848333997474,
            -0.0026941100229502693,
            0.2194705390413718,
            0.14810352929939707,
            -0.005282180053710868,
            -0.023733529802071985,
            -0.0018060545125226724,
            0.1036898117656951,
            0.0864815590631249,
            0.012284946494267314,
            -0.07137979632915861,
            0.02149989573748732,
            0.023990560416748602,
            0.024613057748541965,
            0.00023213352764676635,
            -0.034271408785801066,
            -0.0028779069769686505
        ],
        [
            -0.04357995619167046,
            -0.019253345715053376,
            0.005261587786342623,
            0.036231840418968035,
            -0.0019364156234640334,
            0.042251428857410844,
            -0.005282180053710868,
            0.010039900335930186,
            -0.004335633006296233,
            0.007821622227509017,
            -0.052840832576182446,
            -0.011356965161698356,
            0.004792489939389599,
            -0.01648363066923978,
            0.010515102491600292,
            0.004615351028788528,
            -0.004367174038239458,
            0.00022630118657619185,
            0.03242527592606178,
            0.0037085492562903533
        ],
        [
            -0.22309853374609234,
            -0.13681752970900782,
            0.0036171190369299897,
            0.04528579288750428,
            -0.0044110474638947295,
            0.002454262491569291,
            -0.023733529802071985,
            -0.004335633006296233,
            0.19254340897652897,
            -0.03401369016720511,
            0.23430069798168596,
            0.06839972525576778,
            -0.004686261048193081,
            -0.043396137497997624,
            -0.01951879103582336,
            -0.04317227056332958,
            0.02826635802851799,
            0.0010167042139553144,
            -0.13585771790698759,
            -0.012937627689009171
        ],
        [
            0.0034850788953684217,
            0.006821115166528066,
            0.002990641990382209,
            0.017284975493956994,
            -0.0006068867676324466,
            0.026362000846568506,
            -0.0018060545125226724,
            0.007821622227509017,
            -0.03401369016720511,
            0.011040582339177011,
            -0.07652318035713014,
            -0.020210249538250787,
            0.003963345818976936,
            -0.003555198785038847,
            0.010271164455502245,
            0.009989639883596062,
            -0.007949696688190044,
            -9.577025770014462e-06,
            0.04529915480911075,
            0.004744076683627844
        ],
        [
            0.036716516806262194,
            0.018008082095592952,
            -0.011898328517725147,
            -0.05832291954154233,
            0.0012332140524035937,
            -0.020148660674657554,
            0.1036898117656951,
            -0.052840832576182446,
            0.23430069798168596,
            -0.07652318035713014,
            0.5944311339442044,
            0.2114673438653577,
            -0.017472608247335427,
            -0.011870145992843327,
            -0.051113264720262445,
            -0.0050874406625640535,
            0.10295799469456239,
            0.000248961040233199,
            -0.3188473765341179,
            -0.033109846912895015
        ],
        [
            0.021567951757675518,
            0.023826599346873274,
