{
    "opt_E": -2.1780326437742525,
    "HF_E": -2.147252743211265,
    "B3LYP_E": -2.149755009506145,
    "sto-3G_E": -2.130232064027436,
    "proj": [
        [
            0.5458392449859725,
            0.3456071264742134,
            0.041995831367029765,
            -0.17423648257253896,
            0.022642168003162846,
            0.03957781299270283,
            0.17512566723052522,
            0.06174919885369689,
            -0.22303616023279543,
            0.042807467639471346,
            0.052036845225117964,
            0.03265872776697453,
            -0.0021234743207983694,
            0.048360552837904795,
            -0.0002283729550001894,
            -0.0014466709943999536,
            -0.03491682523258795,
            -0.004803223545447094,
            -0.028787266206763067,
            0.0017460594837357258
        ],
        [
            0.3456071264742134,
            0.2302299032086094,
            0.015996474430616518,
            -0.06788163290251688,
            0.008019072757160503,
            0.0943842067329514,
            0.1311909584498581,
            0.035431183454872166,
            -0.13973736398560602,
            0.023459955942632366,
            0.036389052399268366,
            0.023869655933452777,
            0.0026979922197579178,
            -0.022688263725963293,
            -0.0008184255746684723,
            -0.02997960764362762,
            -0.04056869286749305,
            -0.00269777824562697,
            -0.02074495879117044,
            0.001062079241967479
        ],
        [
            0.041995831367029765,
            0.015996474430616518,
            0.015853562107401818,
            -0.06363433372287453,
            0.009335900482116431,
            -0.076072359892493,
            -0.008142262175741743,
            0.007475260940427209,
            -0.00638637480832824,
            0.007588016682149846,
            0.014935779361952976,
            -0.007085476900400998,
            -0.008717433501289647,
            0.05125435870118471,
            0.0013289515036022453,
            -0.008394371953048653,
            -0.005665726814942165,
            -0.003108870708943607,
            -0.018656315822861973,
            0.0005646352955413955
        ],
        [
            -0.17423648257253896,
            -0.06788163290251688,
            -0.06363433372287453,
            0.2558689555927489,
            -0.037446483380191645,
            0.3050771120367694,
            0.033423859095048365,
            -0.03144726812379389,
            0.03611421388911924,
            -0.030544261956623575,
            -0.046019911178107865,
            0.03354457884364553,
            0.0338652999969732,
            -0.20404326185849225,
            -0.005225058890370105,
            0.03396692096462694,
            0.02589033799108653,
            0.011481981519546642,
            0.0674956613832858,
            -0.0021059320105879004
        ],
        [
            0.022642168003162846,
            0.008019072757160503,
            0.009335900482116431,
            -0.037446483380191645,
            0.005509189740906004,
            -0.045941911216896905,
            -0.0057529291670726885,
            0.004184391639600419,
            -0.00266691238569486,
            0.004354161353815251,
            0.008764329051610344,
            -0.004655081923443165,
            -0.005294560418748558,
            0.030261489608865468,
            0.0008106485432016312,
            -0.005941475481935987,
            -0.0038150425756374347,
            -0.0018763918035585615,
            -0.011345112961960035,
            0.00033585235788900764
        ],
        [
            0.03957781299270283,
            0.0943842067329514,
            -0.076072359892493,
            0.3050771120367694,
            -0.045941911216896905,
            0.5211393903870437,
            0.17351042114787837,
            -0.01971062697198323,
            -0.022291813718583346,
            -0.02226865752817297,
            0.0442416157781108,
            0.10391856806250377,
            0.046099987688628316,
            -0.2947522645744132,
            -0.007859027240649071,
            0.044111037415647036,
            0.03080168725738022,
            0.009100243713253188,
            0.04266477405154796,
            -0.0012485620390160449
        ],
        [
            0.17512566723052522,
            0.1311909584498581,
            -0.008142262175741743,
            0.033423859095048365,
            -0.0057529291670726885,
            0.17351042114787837,
            0.12249368119708541,
            0.007335322936377569,
            -0.02181551703721546,
            0.008259569822590289,
            0.12226231342483064,
            0.07930139084324742,
            0.006799010820080007,
            -0.059062646435699494,
            -0.0019058386665478722,
            0.02380911374820137,
            0.022790009905973723,
            -0.005084660274876143,
            -0.04242476275314409,
            0.0012423085279915887
        ],
        [
            0.06174919885369689,
            0.035431183454872166,
            0.007475260940427209,
            -0.03144726812379389,
            0.004184391639600419,
            -0.01971062697198323,
            0.007335322936377569,
            0.009930181299867554,
            -0.04296192927273869,
            0.005329389915443548,
            -0.026067714348068007,
            -0.009365938887363177,
            0.0007146361285022876,
            0.018659941133186742,
            -5.1870025610288295e-06,
            0.007901332603313745,
            -0.0044167069481492755,
            0.0015209070009995587,
            0.013573784223471549,
            -0.00016060651146924208
        ],
        [
            -0.22303616023279543,
            -0.13973736398560602,
            -0.00638637480832824,
            0.03611421388911924,
            -0.00266691238569486,
            -0.022291813718583346,
            -0.02181551703721546,
            -0.04296192927273869,
            0.2718838202568116,
            -0.009866960640278578,
            0.28543722276839234,
            0.08006270172494953,
            -0.029201468933352463,
            0.00424641199043624,
            0.003326932383558052,
            -0.06869560974551794,
            0.0251415646271708,
            -0.02268811837447872,
            -0.17256637541827208,
            0.0034536736249079457
        ],
        [
            0.042807467639471346,
            0.023459955942632366,
            0.007588016682149846,
            -0.030544261956623575,
            0.004354161353815251,
            -0.02226865752817297,
            0.008259569822590289,
            0.005329389915443548,
            -0.009866960640278578,
            0.0049525214911813565,
            0.015515955400825928,
            0.003322508250538828,
            -0.003338540623498082,
            0.021461790891756448,
            0.0004385329697065494,
            0.0005130792850293173,
            -0.00014042787957111564,
            -0.001734672723651269,
            -0.010891863774962091,
            0.0003582088343723804
        ],
        [
            0.052036845225117964,
            0.036389052399268366,
            0.014935779361952976,
            -0.046019911178107865,
            0.008764329051610344,
            0.0442416157781108,
            0.12226231342483064,
            -0.026067714348068007,
            0.28543722276839234,
            0.015515955400825928,
            0.5468455277600566,
            0.20436485483669023,
            -0.04183138872853284,
            0.05444104311066653,
            0.0037673376987774794,
            -0.018094264376172606,
            0.08301640983633139,
            -0.0397379944326475,
            -0.29447815198879085,
            0.006870840892342175
        ],
        [
            0.03265872776697453,
            0.023869655933452777,
            -0.007085476900400998,
