{
    "opt_E": -2.1777020723417015,
    "HF_E": -2.144811559074749,
    "B3LYP_E": -2.148029140444512,
    "sto-3G_E": -2.1204891822592495,
    "proj": [
        [
            0.5941956401533641,
            0.3917775630725661,
            -0.04655383670043648,
            -0.1486298320078652,
            0.013342821748614326,
            -0.038569721982780296,
            0.1511521847869137,
            -0.08569776600998188,
            -0.15138162605392028,
            0.030616849533105724,
            0.024244171971738067,
            0.02291421553107001,
            -0.009319529356911237,
            0.07347411772835916,
            0.004103797087801574,
            0.00046289765327879324,
            -0.027832998921371217,
            -0.0010048653448223646,
            -0.01659532040777306,
            0.00161764112599173
        ],
        [
            0.3917775630725661,
            0.2788633318850184,
            -0.014992574663591489,
            -0.055030368837492065,
            0.0038929482871238852,
            0.07198516720009428,
            0.13758509204029556,
            -0.04776044884589795,
            -0.1128093947661426,
            0.016288251668491613,
            0.02370412585750971,
            0.024872133469743617,
            0.0009457640523973908,
            -0.020069390268737216,
            -0.0018641987594568254,
            -0.035179223787125936,
            -0.04300422873521837,
            -0.0009549437473987006,
            -0.016702150723620208,
            0.0015225864605710978
        ],
        [
            -0.04655383670043648,
            -0.014992574663591489,
            0.019262564530275975,
            0.05316414900129567,
            -0.0059668853779749195,
            0.0927453935505177,
            0.020327701262106528,
            0.016196327666731663,
            -0.017250401597306647,
            -0.007404740500558083,
            -0.01551403252178147,
            0.012197572279084457,
            0.009120324315650219,
            -0.0539092908180508,
            -0.008227719114478033,
            0.010706501073009288,
            0.00412002767026045,
            0.0003529207246888737,
            0.02062540363861385,
            -0.0020274937053341483
        ],
        [
            -0.1486298320078652,
            -0.055030368837492065,
            0.05316414900129567,
            0.14818025675179514,
            -0.016414959174107607,
            0.2528455223011891,
            0.05209502656978667,
            0.0455999958032072,
            -0.02970418118392296,
            -0.020020723412161073,
            -0.025585673672718422,
            0.03612762426283415,
            0.024275618164718425,
            -0.14953054091732546,
            -0.02112248405160148,
            0.02239617729093993,
            0.010853976626401418,
            0.0006516519096730911,
            0.044801590195969604,
            -0.0043428800079717165
        ],
        [
            0.013342821748614326,
            0.0038929482871238852,
            -0.0059668853779749195,
            -0.016414959174107607,
            0.0018511944979776468,
            -0.029105454371844364,
            -0.006722414282502147,
            -0.004911809865375661,
            0.005870892307233707,
            0.002269284193987479,
            0.004923158338803387,
            -0.003993456778399812,
            -0.0028660107459491774,
            0.016618572683840264,
            0.0026149319453448467,
            -0.0038655544396103444,
            -0.0015400746855677092,
            -0.00011245146927008789,
            -0.006655762066071016,
            0.0006523926654301147
        ],
        [
            -0.038569721982780296,
            0.07198516720009428,
            0.0927453935505177,
            0.2528455223011891,
            -0.029105454371844364,
            0.555316740992671,
            0.21126475328540098,
            0.05085357520071224,
            -0.07922249869247128,
            -0.02281606761142142,
            0.058486772501726306,
            0.1268062459263399,
            0.04658998989579874,
            -0.2927388141335795,
            -0.04000209289669094,
            0.04638760363668772,
            0.02507820716843784,
            -0.0009528348635299888,
            0.03345699715238638,
            -0.002622628362681429
        ],
        [
            0.1511521847869137,
            0.13758509204029556,
            0.020327701262106528,
            0.05209502656978667,
            -0.006722414282502147,
            0.21126475328540098,
            0.14054037415724968,
            -0.011613987181282972,
            -0.02294158563319891,
            0.005355423929157435,
            0.11476652162362225,
            0.0869060164950194,
            0.01313792621778826,
            -0.08395784284329345,
            -0.01066930757980459,
            0.02557694197484402,
            0.020867602489001377,
            -0.002183499834385557,
            -0.03666674450925298,
            0.004351755734960436
        ],
        [
            -0.08569776600998188,
            -0.04776044884589795,
            0.016196327666731663,
            0.0455999958032072,
            -0.004911809865375661,
            0.05085357520071224,
            -0.011613987181282972,
            0.020671383586771844,
            -0.014792772433588655,
            -0.009528228855126941,
            -0.047411152228774074,
            -0.010569729928635184,
            0.006720146028315709,
            -0.04227443596259782,
            -0.00613181670815304,
            -0.0023979117585903654,
            -0.006235967322285713,
            0.0009314179069090553,
            0.030611651521544152,
            -0.0032430359370611444
        ],
        [
            -0.15138162605392028,
            -0.1128093947661426,
            -0.017250401597306647,
            -0.02970418118392296,
            0.005870892307233707,
            -0.07922249869247128,
            -0.02294158563319891,
            -0.014792772433588655,
            0.25741715460547776,
            0.01804777441128221,
            0.3075917514637809,
            0.06383927118199768,
            -0.018256756083933193,
            0.04107819167053343,
            0.02644146927089677,
            -0.06747182107214666,
            0.018780018420802437,
            -0.005722160120718751,
            -0.20040349503953506,
            0.021030924158629713
        ],
        [
            0.030616849533105724,
            0.016288251668491613,
            -0.007404740500558083,
            -0.020020723412161073,
            0.002269284193987479,
            -0.02281606761142142,
            0.005355423929157435,
            -0.009528228855126941,
            0.01804777441128221,
            0.004918517346885935,
            0.03567793857231179,
            0.008483807029083306,
            -0.0035357382167499965,
            0.018924428811477295,
            0.0036900196651814534,
            -0.0015882438430800574,
            0.00392719101020607,
            -0.0006839445979892351,
            -0.02262225499480144,
            0.002394447213187898
        ],
        [
            0.024244171971738067,
            0.02370412585750971,
            -0.01551403252178147,
            -0.025585673672718422,
            0.004923158338803387,
            0.058486772501726306,
            0.11476652162362225,
            -0.047411152228774074,
            0.3075917514637809,
            0.03567793857231179,
            0.5342447809828319,
            0.18764726682599328,
            -0.014512451077244621,
            0.031138155226925056,
            0.024611960596608216,
            0.0016730103289516688,
            0.08747879700885734,
            -0.009797670802993414,
            -0.2937285150284166,
            0.03173940416912419
        ],
        [
            0.02291421553107001,
            0.024872133469743617,
            0.012197572279084457,
