{
    "opt_E": -2.2017396253729924,
    "HF_E": -2.17108199696303,
    "B3LYP_E": -2.1728667619472373,
    "sto-3G_E": -2.1576531809668995,
    "proj": [
        [
            0.5384025428586618,
            0.34158534261347556,
            -0.012789169118749074,
            -0.17482319290509632,
            -0.03314975492684757,
            0.0408772209992019,
            0.1796956525435666,
            -0.01965225130695669,
            -0.23900593420882207,
            -0.06652528400547114,
            0.03172201702352781,
            0.03242919194121731,
            -0.0017980354562677642,
            0.02798815157014759,
            -0.000738742934517828,
            -0.0023484399362948202,
            -0.030934618897487127,
            0.002324819877007219,
            -0.015731254532000107,
            -0.007845233550768643
        ],
        [
            0.34158534261347556,
            0.22854679094128938,
            -0.004713124032082577,
            -0.06574587432441005,
            -0.011040443136394415,
            0.10042095679858426,
            0.1371490274498831,
            -0.010626127694784411,
            -0.14187164186322712,
            -0.03542816240625073,
            0.029253712457861663,
            0.02751456868406324,
            -0.0006748654278160729,
            -0.028573413314774816,
            0.0049490902822449225,
            -0.02867395342157516,
            -0.03349405171987292,
            0.002010187648773614,
            -0.018355419693029708,
            -0.006074396107748588
        ],
        [
            -0.012789169118749074,
            -0.004713124032082577,
            0.0015521929404807393,
            0.02046701770071913,
            0.00453136659129491,
            0.024933966119822067,
            0.002830411484099825,
            0.000969763094779991,
            0.004643339276286282,
            0.005178406000496502,
            -0.005534443227039723,
            0.0019889445251974097,
            -0.0007086740924019878,
            -0.012533066334764463,
            0.004553898958341361,
            0.001135938489771571,
            0.0011749992469935128,
            -0.0007726770073363938,
            0.0049857511901316,
            0.0021247773328037516
        ],
        [
            -0.17482319290509632,
            -0.06574587432441005,
            0.02046701770071913,
            0.2706898719258906,
            0.05964501937542453,
            0.3288999388344393,
            0.03899072920973645,
            0.013199454408548323,
            0.07315669895005195,
            0.06618078924199373,
            -0.05277662048715904,
            0.033495312563108344,
            -0.008632687515083958,
            -0.16488540865980403,
            0.057764300641834083,
            0.016746225348634285,
            0.020283636627799674,
            -0.008895272413519159,
            0.05540377377592129,
            0.024637128669667885
        ],
        [
            -0.03314975492684757,
            -0.011040443136394415,
            0.00453136659129491,
            0.05964501937542453,
            0.013286245810121796,
            0.07492081977027952,
            0.010008962670261126,
            0.0026830156687975533,
            0.010739728970897481,
            0.015090247443336946,
            -0.01772562436974261,
            0.006538662541226883,
            -0.0023491937963816697,
            -0.03609559490273208,
            0.014217845708261713,
            0.006098823787209864,
            0.004675864041431433,
            -0.002482612740045233,
            0.01639079589512017,
            0.006775480767093846
        ],
        [
            0.0408772209992019,
            0.10042095679858426,
            0.024933966119822067,
            0.3288999388344393,
            0.07492081977027952,
            0.5589667534407767,
            0.1837669382465987,
            0.010210546247917358,
            0.006392245203014278,
            0.05727363230540692,
            0.003887810279324342,
            0.09843134550420099,
            -0.012421173249797373,
            -0.24963548722139814,
            0.08449041812425555,
            0.026874146059057465,
            0.026405106858097056,
            -0.008326139659625538,
            0.04282873735824233,
            0.022895842221745934
        ],
        [
            0.1796956525435666,
            0.1371490274498831,
            0.002830411484099825,
            0.03899072920973645,
            0.010008962670261126,
            0.1837669382465987,
            0.1294279055136397,
            -0.002247241546953885,
            -0.030075070333298957,
            -0.016870850248183453,
            0.10840878269074858,
            0.08023041068770616,
            -0.0018765744770286572,
            -0.05700960897810358,
            0.01665114906504168,
            0.03047678334534433,
            0.028585142525507954,
            0.003949074606415669,
            -0.037240451333716604,
            -0.01069331464317836
        ],
        [
            -0.01965225130695669,
            -0.010626127694784411,
            0.000969763094779991,
            0.013199454408548323,
            0.0026830156687975533,
            0.010210546247917358,
            -0.002247241546953885,
            0.0010308957903511992,
            0.011806020620713393,
            0.0029801349362144477,
            0.003947486419985172,
            0.0015726329266708362,
            0.00020172447633713867,
            -0.007675636339350456,
            0.0006226250730381119,
            -0.00278177623134211,
            0.0004197260071509315,
            0.00019831874663282705,
            -0.0022909582974409005,
            -0.00041514564738460297
        ],
        [
            -0.23900593420882207,
            -0.14187164186322712,
            0.004643339276286282,
            0.07315669895005195,
            0.010739728970897481,
            0.006392245203014278,
            -0.030075070333298957,
            0.011806020620713393,
            0.22678460989003052,
            -0.005038273047736167,
            0.24363291444139076,
            0.06643143749537785,
            0.012592439855574239,
            -0.03675788367752334,
            -0.035265375140436685,
            -0.03766805862972964,
            0.03200572498671978,
            0.017378265615703093,
            -0.14229240604862342,
            -0.044577305558459804
        ],
        [
            -0.06652528400547114,
            -0.03542816240625073,
            0.005178406000496502,
            0.06618078924199373,
            0.015090247443336946,
            0.05727363230540692,
            -0.016870850248183453,
            0.0029801349362144477,
            -0.005038273047736167,
            0.026987249800808154,
            -0.08565032364643163,
            -0.02015161061646209,
            -0.004573651714231606,
            -0.03110695344435016,
            0.02071294102310342,
            0.007222994702800569,
            -0.003824791951131772,
            -0.006906251905812141,
            0.05224969238738367,
            0.018449994677713986
        ],
        [
            0.03172201702352781,
            0.029253712457861663,
            -0.005534443227039723,
            -0.05277662048715904,
            -0.01772562436974261,
            0.003887810279324342,
            0.10840878269074858,
            0.003947486419985172,
            0.24363291444139076,
            -0.08565032364643163,
            0.5737222025916225,
            0.20088155280678205,
            0.021599341885577574,
            0.012291545526074225,
            -0.07186358501121498,
            0.009939390517698678,
            0.09733108447172183,
            0.038380121893272626,
            -0.3061787114764624,
            -0.10084978482250248
        ],
        [
            0.03242919194121731,
            0.02751456868406324,
            0.0019889445251974097,
            0.033495312563108344,
