{
    "opt_E": -2.186813586016358,
    "HF_E": -2.1558639226633614,
    "B3LYP_E": -2.1577589885340056,
    "sto-3G_E": -2.139089449361768,
    "proj": [
        [
            0.5442037814058774,
            0.33595416319989835,
            -0.0268338573835478,
            -0.18091630371828224,
            -0.006388687906363252,
            0.043023031096521454,
            0.17771386239191536,
            -0.054951425873803375,
            -0.24013999069451386,
            -0.028519507661914478,
            0.04709074751734727,
            0.03215355023077557,
            0.0011208498501860667,
            0.039378649199197965,
            -0.003326404668808083,
            -0.004146933380829882,
            -0.034804362723892,
            -0.0064159868067923875,
            -0.02543297811569417,
            -0.004988030091368161
        ],
        [
            0.33595416319989835,
            0.22145032956395977,
            -0.007371070473558793,
            -0.060007400568927706,
            -0.0005918813479558427,
            0.10760768893449457,
            0.13229381377420885,
            -0.027900997938073404,
            -0.14593548830346473,
            -0.011674234044358441,
            0.02685563321496359,
            0.02537148101596687,
            0.0037620430179321784,
            -0.030552251708813663,
            0.007407343060873792,
            -0.026411682377547565,
            -0.036270211140211686,
            -0.0030734260304722512,
            -0.014209417241726358,
            -0.002112963033437669
        ],
        [
            -0.0268338573835478,
            -0.007371070473558793,
            0.008214215493836666,
            0.04734627160684009,
            0.0028769080568118634,
            0.05727464689376975,
            0.007518566079559241,
            0.007440850742407074,
            0.008418839223930781,
            0.00672840545283277,
            -0.010107823209197586,
            0.00696196729313772,
            0.004599098098458859,
            -0.03379701150802409,
            0.009109958035661668,
            0.005251612823851336,
            0.004279320229579728,
            0.002756433230540784,
            0.012626317108703499,
            0.002011726458250986
        ],
        [
            -0.18091630371828224,
            -0.060007400568927706,
            0.04734627160684009,
            0.2746291811191512,
            0.016377804021301956,
            0.3185941934145079,
            0.03372266488754703,
            0.04415705001773988,
            0.06618240720528809,
            0.03798588735736329,
            -0.04919582044571876,
            0.03917317921858227,
            0.0246416544692902,
            -0.19265359007135022,
            0.05004518982651387,
            0.024767092538996175,
            0.024465187838654704,
            0.014484598133251937,
            0.06508046857135628,
            0.010723953686098952
        ],
        [
            -0.006388687906363252,
            -0.0005918813479558427,
            0.0028769080568118634,
            0.016377804021301956,
            0.0010320185980016282,
            0.0213420420367673,
            0.0036970873103769307,
            0.0024705977306313724,
            0.0007882555995261279,
            0.00247491898813117,
            -0.004795930321220938,
            0.0025539236686046014,
            0.0018621065701609806,
            -0.011965242614956545,
            0.0035057953639868605,
            0.0027623719503381146,
            0.0016725972943480228,
            0.0011631761733249984,
            0.005510325130740245,
            0.0008268545953577405
        ],
        [
            0.043023031096521454,
            0.10760768893449457,
            0.05727464689376975,
            0.3185941934145079,
            0.0213420420367673,
            0.5303372571846876,
            0.17389171895193653,
            0.031766011821520064,
            -0.0019981568974239993,
            0.03316527852713783,
            0.02691098180831348,
            0.10666697025478164,
            0.03478474038549873,
            -0.27471249199487024,
            0.07047806426141803,
            0.035410689627534464,
            0.02940720621856334,
            0.010834647269697299,
            0.044745284771133,
            0.008684807215569697
        ],
        [
            0.17771386239191536,
            0.13229381377420885,
            0.007518566079559241,
            0.03372266488754703,
            0.0036970873103769307,
            0.17389171895193653,
            0.12329404675833865,
            -0.013100632377586283,
            -0.027210974951743874,
            -0.010428282458094981,
            0.1170516517476369,
            0.0793283125332911,
            0.006650562197606853,
            -0.055365651418284936,
            0.013373844942538326,
            0.028404945789567832,
            0.026087680115649617,
            -0.007809630545410851,
            -0.04108396216084427,
            -0.004836415967869067
        ],
        [
            -0.054951425873803375,
            -0.027900997938073404,
            0.007440850742407074,
            0.04415705001773988,
            0.0024705977306313724,
            0.031766011821520064,
            -0.013100632377586283,
            0.010298969098538235,
            0.007636378505928367,
            0.009806147683672382,
            -0.03869907984194854,
            -0.008510019405498101,
            0.004343375120790996,
            -0.026892849921891813,
            0.008167492020748148,
            0.0011994444011391495,
            -0.001204093741212266,
            0.005135402928598795,
            0.025056129972546904,
            0.0035173052642770743
        ],
        [
            -0.24013999069451386,
            -0.14593548830346473,
            0.008418839223930781,
            0.06618240720528809,
            0.0007882555995261279,
            -0.0019981568974239993,
            -0.027210974951743874,
            0.007636378505928367,
            0.252909610044376,
            -0.022410709548943576,
            0.26096975403069805,
            0.06817493094243596,
            -0.021669070198322562,
            -0.02150599518109085,
            -0.024129503654273892,
            -0.04916009319251441,
            0.029333410696141073,
            -0.029427359004262243,
            -0.1596292909811904,
            -0.018259169556105948
        ],
        [
            -0.028519507661914478,
            -0.011674234044358441,
            0.00672840545283277,
            0.03798588735736329,
            0.00247491898813117,
            0.03316527852713783,
            -0.010428282458094981,
            0.009806147683672382,
            -0.022410709548943576,
            0.012901243328574303,
            -0.07161336891024464,
            -0.01684947379911801,
            0.007180721109364719,
            -0.025052153789231358,
            0.01143039487739973,
            0.00790284758622915,
            -0.004283949601267072,
            0.008913634157187881,
            0.04546193300679929,
            0.005872628242459398
        ],
        [
            0.04709074751734727,
            0.02685563321496359,
            -0.010107823209197586,
            -0.04919582044571876,
            -0.004795930321220938,
            0.02691098180831348,
            0.1170516517476369,
            -0.03869907984194854,
            0.26096975403069805,
            -0.07161336891024464,
            0.5615006395757526,
            0.1928402904160382,
            -0.033594697257462496,
            0.04012990849275134,
            -0.04584772694137154,
            -0.0024207708236975217,
            0.08775689196552106,
            -0.05964998638221931,
            -0.31115108789285345,
            -0.03831783499572772
        ],
        [
            0.03215355023077557,
            0.02537148101596687,
            0.00696196729313772,
            0.03917317921858227,
