{
    "opt_E": -2.200547226948247,
    "HF_E": -2.169861221341419,
    "B3LYP_E": -2.1717679830916277,
    "sto-3G_E": -2.1598624107481132,
    "proj": [
        [
            0.5530431211687553,
            0.3464271289032244,
            -0.034208063496299665,
            -0.17824692991756153,
            0.00023465800517431188,
            0.02051787202000071,
            0.17484213451735395,
            -0.047929560667630565,
            -0.2319899702307798,
            0.005197994150601356,
            0.04910741280338601,
            0.02357862625603609,
            0.004328544162691906,
            0.04308251674056154,
            -0.0034264245157631015,
            0.0015632519905849785,
            -0.032192047180033816,
            0.0017728722001862482,
            -0.03185113397373552,
            0.013697250133360863
        ],
        [
            0.3464271289032244,
            0.23315220100450992,
            -0.011335242275525834,
            -0.05954680856768348,
            -0.0003635070005333945,
            0.10104058296296622,
            0.13791343392607985,
            -0.027409945062966304,
            -0.14180621761044293,
            0.002928071834673143,
            0.030562666967889306,
            0.022129472098195452,
            -0.0034655720302033417,
            -0.02999239923771735,
            -0.0014523272803680482,
            -0.02856339378199084,
            -0.03601341301106928,
            0.0005866420803342021,
            -0.022195176527160177,
            0.008037447500220557
        ],
        [
            -0.034208063496299665,
            -0.011335242275525834,
            0.009610606458448788,
            0.04968916328801934,
            -0.00044682289199293854,
            0.06237783151314589,
            0.008609244257574415,
            0.0038236025065001757,
            0.009378273508847165,
            -0.0009317662086142252,
            -0.013587616887923004,
            0.008110293531210478,
            -0.005765382695470525,
            -0.033272227084122544,
            -0.004549393257888038,
            0.0030383163986969683,
            0.004521373806778073,
            -0.0008543869601287267,
            0.014329106264032233,
            -0.0058900196375681274
        ],
        [
            -0.17824692991756153,
            -0.05954680856768348,
            0.04968916328801934,
            0.25698391514051117,
            -0.00232340313112602,
            0.3227498744833207,
            0.04524099574604045,
            0.020254046957913954,
            0.051987151907967884,
            -0.0046411752741717235,
            -0.06413381283768321,
            0.04448875110682192,
            -0.029591911649027892,
            -0.17129656546183727,
            -0.023244830931642667,
            0.01785285272350001,
            0.025657460135282653,
            -0.004313873279557294,
            0.07133324726414862,
            -0.029450601126901562
        ],
        [
            0.00023465800517431188,
            -0.0003635070005333945,
            -0.00044682289199293854,
            -0.00232340313112602,
            3.1783629548645545e-05,
            -0.0038414120550718804,
            -0.001326328759815308,
            -0.00011824734712191152,
            -0.00020991104585482841,
            7.032694884581533e-06,
            -0.0004724253467652391,
            -0.0014093836780274091,
            0.0003165414639976925,
            0.001155304971571009,
            0.0004467012722838575,
            -0.001815262656917743,
            -0.0013413801307230033,
            3.3858225514506544e-05,
            -0.0006498539547093241,
            0.0002488410214793653
        ],
        [
            0.02051787202000071,
            0.10104058296296622,
            0.06237783151314589,
            0.3227498744833207,
            -0.0038414120550718804,
            0.5566714987991845,
            0.19155516771928024,
            0.01159754441456269,
            -0.005100982725184075,
            -0.002195692700416437,
            0.004064147106731099,
            0.11410893152657182,
            -0.04341307935933488,
            -0.26380554219814045,
            -0.03234011553964494,
            0.03007473238127895,
            0.03528548212244584,
            -0.004575818519539699,
            0.05375648262830822,
            -0.024589429836411485
        ],
        [
            0.17484213451735395,
            0.13791343392607985,
            0.008609244257574415,
            0.04524099574604045,
            -0.001326328759815308,
            0.19155516771928024,
            0.13234852526595606,
            -0.005206819209067017,
            -0.027839061352716448,
            0.003689626757241649,
            0.10846515606722597,
            0.07895365189949548,
            -0.009149809020276034,
            -0.06596017799782901,
            -0.005367586841062582,
            0.02895483443792544,
            0.026002964215971737,
            0.0007314187895484101,
            -0.03833117891607582,
            0.012836076754998349
        ],
        [
            -0.047929560667630565,
            -0.027409945062966304,
            0.0038236025065001757,
            0.020254046957913954,
            -0.00011824734712191152,
            0.01159754441456269,
            -0.005206819209067017,
            0.006759060018240499,
            0.0382189584326006,
            0.0005924286651343336,
            0.03062310638429296,
            0.009313941303065213,
            0.00038479167015437486,
            -0.012699434978631482,
            0.004277805546940342,
            -0.00603419331760501,
            0.004201128613774944,
            0.00047151336568808415,
            -0.01797086232675142,
            0.005985857310246481
        ],
        [
            -0.2319899702307798,
            -0.14180621761044293,
            0.009378273508847165,
            0.051987151907967884,
            -0.00020991104585482841,
            -0.005100982725184075,
            -0.027839061352716448,
            0.0382189584326006,
            0.24010509132724095,
            0.0065763108621201905,
            0.25799944073102704,
            0.06458450652413311,
            0.012032121035185835,
            -0.0336813642246035,
            0.03663782684839468,
            -0.037971770002999235,
            0.02771769800915937,
            0.005020730085834783,
            -0.15762654662460365,
            0.05470638202618366
        ],
        [
            0.005197994150601356,
            0.002928071834673143,
            -0.0009317662086142252,
            -0.0046411752741717235,
            7.032694884581533e-06,
            -0.002195692700416437,
            0.003689626757241649,
            0.0005924286651343336,
            0.0065763108621201905,
            0.000606208773522728,
            0.01796229443284519,
            0.00502259821910913,
            0.0010680244545911385,
            0.0015976337300676567,
            0.001965604301041559,
            -0.0003304422587802149,
            0.0017654135350590957,
            0.0003868175965196708,
            -0.010600791176948654,
            0.003824531336721045
        ],
        [
            0.04910741280338601,
            0.030562666967889306,
            -0.013587616887923004,
            -0.06413381283768321,
            -0.0004724253467652391,
            0.004064147106731099,
            0.10846515606722597,
            0.03062310638429296,
            0.25799944073102704,
            0.01796229443284519,
            0.5670274888756918,
            0.1830333716764055,
            0.02643153376254464,
            0.019517860346722513,
            0.05336966215291485,
            0.028099189454498272,
            0.09063820035840639,
            0.011165374570283944,
            -0.3146026557252194,
            0.11280477818463477
        ],
        [
            0.02357862625603609,
            0.022129472098195452,
