{
    "opt_E": -2.207705885596905,
    "HF_E": -2.177509099350387,
    "B3LYP_E": -2.1791594708907462,
    "sto-3G_E": -2.1704149633758236,
    "proj": [
        [
            0.5243729429643835,
            0.3154923361029398,
            0.002778795821673356,
            -0.17388728404907522,
            -0.00020444153619473616,
            0.07613871525027524,
            0.1831074459747747,
            -0.0008410567348658695,
            -0.27641935845326315,
            0.01386823760960721,
            0.0345852348966609,
            0.03152058897294011,
            -0.002496059041479645,
            0.017417493491968153,
            0.0007427266610857185,
            -3.928363723190518e-06,
            -0.029409232041923934,
            0.001996141536919982,
            -0.017872978575055737,
            0.003418871303724997
        ],
        [
            0.3154923361029398,
            0.2020230591675728,
            0.0013017679929490493,
            -0.05342892696289878,
            -0.0013494398976407992,
            0.12133130853520016,
            0.1326285641489416,
            0.0009779304470246683,
            -0.1486664343214703,
            0.004593104556042103,
            0.02736688316468802,
            0.02688659894828444,
            0.004709758016138051,
            -0.03335615164439209,
            -0.010662703179386859,
            -0.023373676387907924,
            -0.0296344871006529,
            0.001791743352790996,
            -0.015176783691515455,
            0.001535762788375142
        ],
        [
            0.002778795821673356,
            0.0013017679929490493,
            2.9481310944423084e-05,
            -0.0024054725783996746,
            2.5842467695006778e-05,
            -0.00193595750913705,
            2.1395733737553213e-05,
            3.22768041995211e-05,
            -0.002469652974252817,
            -1.7951939444349644e-06,
            -0.0013383593460252977,
            -0.0007214099111178111,
            -0.00017874143159855963,
            0.001223168712836516,
            0.0002659402699756575,
            0.00014066903535541302,
            -0.0003809033612166894,
            -8.365709008261849e-05,
            0.0005882382328225712,
            1.4111291286920754e-05
        ],
        [
            -0.17388728404907522,
            -0.05342892696289878,
            -0.0024054725783996746,
            0.3172338649828455,
            -0.007676737410260041,
            0.34450086142607445,
            0.03568545556067931,
            0.01458624189991942,
            0.13187539941931237,
            -0.03888650937334672,
            -0.0749504117452993,
            0.03705303443716384,
            0.02207125078646277,
            -0.15762707151144595,
            -0.06496957217720986,
            0.027755461689767405,
            0.02394967263119169,
            -0.011144398962842438,
            0.07952388832522309,
            -0.005733987830958152
        ],
        [
            -0.00020444153619473616,
            -0.0013494398976407992,
            2.5842467695006778e-05,
            -0.007676737410260041,
            0.00028565761393404426,
            -0.010451298436395192,
            -0.001957289104529595,
            -0.0007449924104220477,
            0.0010626604540825222,
            0.0017427093913936565,
            0.006779089889258378,
            -0.0004043204321776984,
            -0.0003998781161020058,
            0.0029970735860621205,
            0.002253760411391228,
            -0.0035462583147032327,
            -0.0012553713614657412,
            0.000795168714275935,
            -0.0056412888484220925,
            0.00022064863283414543
        ],
        [
            0.07613871525027524,
            0.12133130853520016,
            -0.00193595750913705,
            0.34450086142607445,
            -0.010451298436395192,
            0.5458892962301929,
            0.1784515135190861,
            0.015975427239521466,
            0.04499036828133999,
            -0.03701673309142849,
            -0.016964083897115335,
            0.0958726218267814,
            0.031247613003770516,
            -0.22153163712860358,
            -0.08825419437045483,
            0.032770114980159776,
            0.023756227031484577,
            -0.009217905929165228,
            0.0633933443341162,
            -0.004968448794390866
        ],
        [
            0.1831074459747747,
            0.1326285641489416,
            2.1395733737553213e-05,
            0.03568545556067931,
            -0.001957289104529595,
            0.1784515135190861,
            0.12683361434069387,
            -0.002657805275847909,
            -0.03261968798677998,
            0.009746980844280016,
            0.11335511608973216,
            0.07928368083384382,
            0.007936587708894242,
            -0.053464704672136466,
            -0.017334930947534542,
            0.023249932343568393,
            0.025101397353954585,
            0.005624073649646908,
            -0.04217085653313612,
            0.001392555802668097
        ],
        [
            -0.0008410567348658695,
            0.0009779304470246683,
            3.22768041995211e-05,
            0.01458624189991942,
            -0.0007449924104220477,
            0.015975427239521466,
            -0.002657805275847909,
            0.003043922233323198,
            -0.011970589525621897,
            -0.007076954259456777,
            -0.0396306930145705,
            -0.010081096439234398,
            0.0005036858308325158,
            -0.004595890357564913,
            -0.00557526414665238,
            0.004439042724955547,
            -0.0036950070935759275,
            -0.003412205717442635,
            0.024364956431746524,
            -0.0008305413450546491
        ],
        [
            -0.27641935845326315,
            -0.1486664343214703,
            -0.002469652974252817,
            0.13187539941931237,
            0.0010626604540825222,
            0.04499036828133999,
            -0.03261968798677998,
            -0.011970589525621897,
            0.24771352354424636,
            0.020860032248453717,
            0.20427735366483366,
            0.06583816744561688,
            0.010234857878327907,
            -0.06649037737501726,
            0.002969639912846997,
            -0.03581240654120936,
            0.0334300724902886,
            0.016466666357262728,
            -0.1162152844638603,
            0.0012313420208482106
        ],
        [
            0.01386823760960721,
            0.004593104556042103,
            -1.7951939444349644e-06,
            -0.03888650937334672,
            0.0017427093913936565,
            -0.03701673309142849,
            0.009746980844280016,
            -0.007076954259456777,
            0.020860032248453717,
            0.016732955164160814,
            0.09206184675073054,
            0.023909862336094493,
            -0.0014006058159643806,
            0.012284174219402288,
            0.01314808556253434,
            -0.009220780954403375,
            0.008429337473075033,
            0.0078849124199276,
            -0.05638087929196601,
            0.002005705299812695
        ],
        [
            0.0345852348966609,
            0.02736688316468802,
            -0.0013383593460252977,
            -0.0749504117452993,
            0.006779089889258378,
            -0.016964083897115335,
            0.11335511608973216,
            -0.0396306930145705,
            0.20427735366483366,
            0.09206184675073054,
            0.5993640312561092,
            0.2087913735049769,
            0.002504986306360916,
            -0.0019436108294830828,
            0.0471718591766782,
            -0.00527124311282344,
            0.09790482821883799,
            0.04627714386805419,
            -0.3315294304480369,
            0.010414636756992309
        ],
        [
            0.03152058897294011,
            0.02688659894828444,
