{
    "opt_E": -2.159881762762056,
    "HF_E": -2.1273617789312373,
    "B3LYP_E": -2.130458559176306,
    "sto-3G_E": -2.1027993400459755,
    "proj": [
        [
            0.5697260805559737,
            0.37867175825143906,
            -0.03728791487329226,
            -0.16271162545752865,
            -0.007081219067377849,
            0.002113735564466517,
            0.1661976192307373,
            -0.07667999056091304,
            -0.17866834305131848,
            -0.01960180632031653,
            0.03144417840987236,
            0.027950589751054338,
            -0.008064160876870985,
            0.06836254534450095,
            -0.008618419020673082,
            0.0009570480530909438,
            -0.03307093738198042,
            0.0015686264018002186,
            -0.018004195228318448,
            0.0037270692986309836
        ],
        [
            0.37867175825143906,
            0.26435691781629217,
            -0.014352939685441305,
            -0.0716618910019819,
            -0.002485385018735025,
            0.07157889902185753,
            0.13441860499637764,
            -0.04448612485495504,
            -0.12177339699246675,
            -0.010233412202032168,
            0.03345919049010665,
            0.023536080230393337,
            0.0014768941451678732,
            -0.01180660753889478,
            0.000795246606955249,
            -0.03558962881048698,
            -0.04583511235527977,
            0.0015644256123918151,
            -0.020690766959467703,
            0.0037841379221312393
        ],
        [
            -0.03728791487329226,
            -0.014352939685441305,
            0.01545155942048528,
            0.054613944358819465,
            0.0033409334228739446,
            0.0788212047530479,
            0.012995423467294199,
            0.014150379369901336,
            -0.012480039833642148,
            0.006047428371182872,
            -0.010472764239072715,
            0.009442591106323768,
            0.006992326341361085,
            -0.05558870425589709,
            0.0035447634100125866,
            0.01114594585211581,
            0.005865521200401701,
            -0.002293862625860236,
            0.01786308902267489,
            -0.003867505278355655
        ],
        [
            -0.16271162545752865,
            -0.0716618910019819,
            0.054613944358819465,
            0.19582178866779687,
            0.011672273781137783,
            0.27165479027758616,
            0.0381490839675455,
            0.051450655234364366,
            -0.01843848184349436,
            0.020709427840482256,
            -0.01832087818987125,
            0.03596249499347799,
            0.024491547218073922,
            -0.19391968844305096,
            0.013553914969062166,
            0.031094033559895116,
            0.020769194739631586,
            -0.006695132154027244,
            0.04995870790087778,
            -0.011056409947193362
        ],
        [
            -0.007081219067377849,
            -0.002485385018735025,
            0.0033409334228739446,
            0.011672273781137783,
            0.0007314470232159387,
            0.016914976197210718,
            0.002724140284558322,
            0.003106940202793506,
            -0.004281355540904549,
            0.0013943898379728664,
            -0.004133132349085343,
            0.001448616025970826,
            0.0015115589493639094,
            -0.012162823470564611,
            0.000702867693226091,
            0.0026456620580767314,
            0.0010392600280853892,
            -0.0006048210082498924,
            0.0049282644414826,
            -0.0010464518922321917
        ],
        [
            0.002113735564466517,
            0.07157889902185753,
            0.0788212047530479,
            0.27165479027758616,
            0.016914976197210718,
            0.5177146675474935,
            0.18142724028319887,
            0.04535854822177298,
            -0.06169993944926656,
            0.02170806144069867,
            0.08722353309553829,
            0.1177677559088528,
            0.040798346235218906,
            -0.31208279747640666,
            0.023311967330259236,
            0.047485096943316096,
            0.03139619433670385,
            -0.005681025741261672,
            0.024674793075336064,
            -0.007007629147628503
        ],
        [
            0.1661976192307373,
            0.13441860499637764,
            0.012995423467294199,
            0.0381490839675455,
            0.002724140284558322,
            0.18142724028319887,
            0.12662394346660708,
            -0.01519653426359075,
            -0.01713824943470334,
            -0.00375723682745463,
            0.1253635663409287,
            0.08143331543326644,
            0.010289971131636945,
            -0.06762079144880143,
            0.006202059016684407,
            0.02318786749472708,
            0.020306661797968126,
            0.0030587553592685526,
            -0.04162376898631536,
            0.00760133417561056
        ],
        [
            -0.07667999056091304,
            -0.04448612485495504,
            0.014150379369901336,
            0.051450655234364366,
            0.003106940202793506,
            0.04535854822177298,
            -0.01519653426359075,
            0.01947333948310763,
            -0.014334305919576497,
            0.007864325592732929,
            -0.04675404991277101,
            -0.01211460712254967,
            0.005618297096795962,
            -0.0491844188413794,
            0.002855035616719354,
            0.0007795104757438757,
            -0.0035781883037706843,
            -0.003409971329783802,
            0.03106731104035889,
            -0.006390486662364791
        ],
        [
            -0.17866834305131848,
            -0.12177339699246675,
            -0.012480039833642148,
            -0.01843848184349436,
            -0.004281355540904549,
            -0.06169993944926656,
            -0.01713824943470334,
            -0.014334305919576497,
            0.2917724305483104,
            -0.018477329874190162,
            0.3111001391657588,
            0.07531458698249568,
            -0.0054520500409455195,
            0.0632190769923874,
            0.009964690368974146,
            -0.08129679798745787,
            0.013703889071223418,
            0.02082120019375795,
            -0.198408673416623,
            0.03938085719013375
        ],
        [
            -0.01960180632031653,
            -0.010233412202032168,
            0.006047428371182872,
            0.020709427840482256,
            0.0013943898379728664,
            0.02170806144069867,
            -0.00375723682745463,
            0.007864325592732929,
            -0.018477329874190162,
            0.003759669514753463,
            -0.030173492497628605,
            -0.0069887855971898965,
            0.0024591600376262105,
            -0.021951402882974057,
            0.0006723604815860714,
            0.0045303221151769355,
            -0.00147248337615443,
            -0.0021912435476742903,
            0.020213861684132098,
            -0.004102252512503576
        ],
        [
            0.03144417840987236,
            0.03345919049010665,
            -0.010472764239072715,
            -0.01832087818987125,
            -0.004133132349085343,
            0.08722353309553829,
            0.1253635663409287,
            -0.04675404991277101,
            0.3111001391657588,
            -0.030173492497628605,
            0.5119395010425974,
            0.193208392622427,
            -0.0012722260612117898,
            0.05669662367107478,
            0.010898777864005293,
            -0.00880048734811248,
            0.07758055351203468,
            0.027199348103888302,
            -0.27150449377590435,
            0.05355422386761875
        ],
        [
            0.027950589751054338,
            0.023536080230393337,
            0.009442591106323768,
            0.03596249499347799,
