{
    "opt_E": -2.1709884495750544,
    "HF_E": -2.1404327575845152,
    "B3LYP_E": -2.1424818214055423,
    "sto-3G_E": -2.1236706172843776,
    "proj": [
        [
            0.5419966313572412,
            0.35285973987111385,
            0.048577622249360845,
            -0.16966491745471313,
            0.0216845090272541,
            0.03733077347787962,
            0.17944263653078127,
            0.08181220177007983,
            -0.20902780254723535,
            0.04054789404739038,
            0.04053098795522247,
            0.031340967161034454,
            -0.003022646434901221,
            0.04591010336589148,
            0.005442568342551582,
            0.0011806168071724253,
            -0.03317896085345846,
            0.002405947291245664,
            -0.02389581189383754,
            -0.006026125911925143
        ],
        [
            0.35285973987111385,
            0.23983323069952298,
            0.02101107166888467,
            -0.07708353078781924,
            0.009025134533804723,
            0.08277289867455088,
            0.13576106683426392,
            0.048167009729732174,
            -0.12746185689106898,
            0.02318947610842518,
            0.042827190145895526,
            0.02421289154250348,
            -5.1723308641482786e-05,
            -0.020195748602564453,
            -0.002840570767794947,
            -0.03579730534430577,
            -0.04224590015336797,
            0.002550330480604394,
            -0.03142782193442714,
            -0.00741364774549069
        ],
        [
            0.048577622249360845,
            0.02101107166888467,
            0.024936381970207366,
            -0.0781540972072481,
            0.01157838010738538,
            -0.09785685472520694,
            -0.010625944784410738,
            0.014666283955179731,
            0.00016376861712132202,
            0.010079710730467567,
            0.016243218649192787,
            -0.0122581576915087,
            -0.001883057981181433,
            0.06280453220448783,
            -0.0006026399531421943,
            -0.012127530325711736,
            -0.009461691033160795,
            0.0012169006488251062,
            -0.024820398286453955,
            -0.0070019984441066436
        ],
        [
            -0.16966491745471313,
            -0.07708353078781924,
            -0.0781540972072481,
            0.2459455099690312,
            -0.03626337851655053,
            0.3005262494508644,
            0.028340704248510783,
            -0.04832229868745732,
            0.015174140317213553,
            -0.032166732983771866,
            -0.03922066353548599,
            0.039408902523147236,
            0.005939030560385608,
            -0.19592347465477938,
            0.0003426498696180197,
            0.033220572667084766,
            0.029543212950929175,
            -0.0033455821225287117,
            0.06858101399323896,
            0.019551725446895464
        ],
        [
            0.0216845090272541,
            0.009025134533804723,
            0.01157838010738538,
            -0.03626337851655053,
            0.005382650883571647,
            -0.045890213720823136,
            -0.0052667342802462085,
            0.0067384541715111304,
            0.00041463537402415047,
            0.00465951383283233,
            0.00771904202746236,
            -0.005274031456629935,
            -0.0009206417483418829,
            0.030034430277234046,
            -9.939558600958987e-05,
            -0.004043937451332341,
            -0.0032937234388255823,
            0.0005437032148675181,
            -0.011141648758279592,
            -0.003165126242861518
        ],
        [
            0.03733077347787962,
            0.08277289867455088,
            -0.09785685472520694,
            0.3005262494508644,
            -0.045890213720823136,
            0.5238372478285869,
            0.1693886496520847,
            -0.032462281699501896,
            -0.04194743406260401,
            -0.02651573809180397,
            0.049459243436223634,
            0.11130807199523879,
            0.00763067785638933,
            -0.2933057160854838,
            -0.0028711744654834606,
            0.049711563231012994,
            0.038730505919178995,
            -0.0009234324010068073,
            0.04326880206186013,
            0.01432503825897842
        ],
        [
            0.17944263653078127,
            0.13576106683426392,
            -0.010625944784410738,
            0.028340704248510783,
            -0.0052667342802462085,
            0.1693886496520847,
            0.12291657097188122,
            0.01578676475210776,
            -0.02328062303347345,
            0.007938473819674696,
            0.11840181046222886,
            0.07542385409332306,
            0.000377509173881608,
            -0.05964722959722846,
            -0.003533002528746976,
            0.027200542732383655,
            0.022071527111305656,
            0.003392933351082217,
            -0.0453080570492517,
            -0.010828455651345426
        ],
        [
            0.08181220177007983,
            0.048167009729732174,
            0.014666283955179731,
            -0.04832229868745732,
            0.0067384541715111304,
            -0.032462281699501896,
            0.01578676475210776,
            0.015339036627876808,
            -0.03071614452752083,
            0.008346408718729941,
            0.0027834831722634967,
            -0.00020480365739290531,
            -0.001311569695645451,
            0.0331355425796829,
            0.002388283347372951,
            0.007160950470572128,
            -0.0012296512810026448,
            0.0002638957161903911,
            -0.0033743643648626496,
            -0.0011450779025675127
        ],
        [
            -0.20902780254723535,
            -0.12746185689106898,
            0.00016376861712132202,
            0.015174140317213553,
            0.00041463537402415047,
            -0.04194743406260401,
            -0.02328062303347345,
            -0.03071614452752083,
            0.2789410243518973,
            -0.0033122989332063308,
            0.2941762418655809,
            0.06638366996182986,
            -0.00017490138631321247,
            0.008249325433741453,
            -0.028493037125779212,
            -0.05459534814158064,
            0.02290455149698155,
            0.010751560517374926,
            -0.19902599589590728,
            -0.051465519151315246
        ],
        [
            0.04054789404739038,
            0.02318947610842518,
            0.010079710730467567,
            -0.032166732983771866,
            0.00465951383283233,
            -0.02651573809180397,
            0.007938473819674696,
            0.008346408718729941,
            -0.0033122989332063308,
            0.0053821027013278636,
            0.018955200033784828,
            0.003469126979643642,
            -0.0009328110875917716,
            0.024104767076521857,
            1.0484235329897675e-05,
            0.0021781464709007886,
            0.001003614569619858,
            0.0007956674466026206,
            -0.013875068407275924,
            -0.003789135372964531
        ],
        [
            0.04053098795522247,
            0.042827190145895526,
            0.016243218649192787,
            -0.03922066353548599,
            0.00771904202746236,
            0.049459243436223634,
            0.11840181046222886,
            0.0027834831722634967,
            0.2941762418655809,
            0.018955200033784828,
            0.5215909765124273,
            0.18048490118238877,
            -0.0038155801790052167,
            0.0382845961724054,
            -0.030549283504683958,
            0.02377984029496853,
            0.08779474990996412,
            0.017445253147068067,
            -0.30193011723009056,
            -0.07807330835748655
        ],
        [
            0.031340967161034454,
            0.02421289154250348,
            -0.0122581576915087,
