{
    "opt_E": -2.1950818489735537,
    "HF_E": -2.16357515855279,
    "B3LYP_E": -2.1664086231977238,
    "sto-3G_E": -2.1489928231109823,
    "proj": [
        [
            0.5951206116657801,
            0.37369241071701514,
            -0.03860772555194544,
            -0.15779856942116618,
            0.03626091466398112,
            -0.03385376028853462,
            0.15513005251502016,
            -0.07228924175433284,
            -0.18025681259940157,
            0.05449087003157137,
            0.03811972167619771,
            0.0209869447945559,
            -0.0069215847708603865,
            0.06401709418991736,
            -0.0026812169983067963,
            -0.0017505317839258002,
            -0.025619700188351247,
            0.007840788478831913,
            -0.030100994244554993,
            -0.005244280324920864
        ],
        [
            0.37369241071701514,
            0.2580369519908339,
            -0.010403743469122262,
            -0.048296050502431485,
            0.01051326429925802,
            0.08796814892886236,
            0.14007390749193488,
            -0.034780719850056936,
            -0.12488529440868973,
            0.030453350503943332,
            0.021294697726577282,
            0.022977597799530566,
            0.003683981234423758,
            -0.027227917259687623,
            0.0021530227449972697,
            -0.029341639608749453,
            -0.03534801750577557,
            0.003634041521157226,
            -0.017170247140505142,
            -0.002148311026914732
        ],
        [
            -0.03860772555194544,
            -0.010403743469122262,
            0.012286564862400366,
            0.04520443737691815,
            -0.010848760105545384,
            0.07464125339038569,
            0.016640489841987655,
            0.012755248573672861,
            -0.005907295280241498,
            -0.005315253197066721,
            -0.01751451500101884,
            0.008373556917444465,
            0.001492740715615494,
            -0.03721128565170475,
            0.005991404913930147,
            0.008798168906190193,
            0.0037406237090557423,
            -0.005700754114441129,
            0.019108587444320452,
            0.0035903508419072388
        ],
        [
            -0.15779856942116618,
            -0.048296050502431485,
            0.04520443737691815,
            0.1678361368229214,
            -0.04012594582810352,
            0.2738546317442251,
            0.05980462619617892,
            0.04679312994712033,
            -0.0033929067892700085,
            -0.021742238082537696,
            -0.04210239973781663,
            0.035839553857268336,
            0.007796818419972781,
            -0.14023395520532192,
            0.01976463801437332,
            0.025548622219888434,
            0.01398495587515813,
            -0.016946464145697362,
            0.05574493309433583,
            0.010811172448376156
        ],
        [
            0.03626091466398112,
            0.01051326429925802,
            -0.010848760105545384,
            -0.04012594582810352,
            0.009609886226017031,
            -0.06578503723307312,
            -0.014448715986629992,
            -0.011261570052698738,
            0.0027246147455014646,
            0.004996627137303931,
            0.012600344573054988,
            -0.007782308836339339,
            -0.0017295613634928297,
            0.033671698247168966,
            -0.004920967727695132,
            -0.0060038952653882335,
            -0.002787562589210781,
            0.004442648504268471,
            -0.014726687430064524,
            -0.0028220469920056954
        ],
        [
            -0.03385376028853462,
            0.08796814892886236,
            0.07464125339038569,
            0.2738546317442251,
            -0.06578503723307312,
            0.5740405478420938,
            0.22265306276313512,
            0.05627623215031687,
            -0.049372121591727255,
            -0.02178765195833249,
            0.02081284091811735,
            0.11673098073925137,
            0.019444687202432354,
            -0.27127966689791994,
            0.0340141082562292,
            0.0462826862189298,
            0.026959135325786115,
            -0.01763326142551678,
            0.050816304058574124,
            0.01163395809045702
        ],
        [
            0.15513005251502016,
            0.14007390749193488,
            0.016640489841987655,
            0.05980462619617892,
            -0.014448715986629992,
            0.22265306276313512,
            0.14614453213642745,
            -0.00436783691648932,
            -0.02794403222442334,
            0.004251391784915569,
            0.10015300066319369,
            0.08291213537566704,
            0.009164599539845178,
            -0.0855210278762647,
            0.008010518244600242,
            0.027966247998380333,
            0.02279836702087366,
            0.006811370739034064,
            -0.03024497900175349,
            -0.003939866800168479
        ],
        [
            -0.07228924175433284,
            -0.034780719850056936,
            0.012755248573672861,
            0.04679312994712033,
            -0.011261570052698738,
            0.05627623215031687,
            -0.00436783691648932,
            0.017199732209957703,
            -0.007706325597699215,
            -0.0069669577331043665,
            -0.04731332525920449,
            -0.007431361274704134,
            0.0003961152459603659,
            -0.03426761657530464,
            0.0064219497674781745,
            0.001956321328296824,
            -0.0033527316007534017,
            -0.0092487122170479,
            0.03243533964011562,
            0.00576473530532706
        ],
        [
            -0.18025681259940157,
            -0.12488529440868973,
            -0.005907295280241498,
            -0.0033929067892700085,
            0.0027246147455014646,
            -0.049372121591727255,
            -0.02794403222442334,
            -0.007706325597699215,
            0.22685503717935943,
            -0.024225579291335307,
            0.28307560663014963,
            0.06809822558102875,
            0.022408645951290464,
            -0.004087331392625312,
            -0.027798875098012724,
            -0.048526721558421554,
            0.025807824802447102,
            0.049089394834528455,
            -0.17613315748450548,
            -0.029496748350775624
        ],
        [
            0.05449087003157137,
            0.030453350503943332,
            -0.005315253197066721,
            -0.021742238082537696,
            0.004996627137303931,
            -0.02178765195833249,
            0.004251391784915569,
            -0.0069669577331043665,
            -0.024225579291335307,
            0.0061807314833519904,
            -0.014010056818844355,
            -0.00592360080093536,
            -0.0029282274124188,
            0.016715316334398232,
            0.0003344067878026947,
            0.0040379490362354225,
            -0.0023540718446275334,
            -0.0017888473248563936,
            0.006801712659005001,
            0.0009814840504824823
        ],
        [
            0.03811972167619771,
            0.021294697726577282,
            -0.01751451500101884,
            -0.04210239973781663,
            0.012600344573054988,
            0.02081284091811735,
            0.10015300066319369,
            -0.04731332525920449,
            0.28307560663014963,
            -0.014010056818844355,
            0.5511940440542964,
            0.19331585203428509,
            0.028876653962332945,
            0.01260835272186483,
            -0.036842702817282184,
            0.017494850071819383,
            0.09796869498550005,
            0.08333824618403873,
            -0.3017794472977978,
            -0.050623670115146235
        ],
        [
            0.0209869447945559,
            0.022977597799530566,
            0.008373556917444465,
