{
    "opt_E": -2.1568061756386516,
    "HF_E": -2.12630643200682,
    "B3LYP_E": -2.1280860558328474,
    "sto-3G_E": -2.1008994692483194,
    "proj": [
        [
            0.5161719757900033,
            0.3379838431055483,
            -0.04382859117580413,
            -0.18159525459830975,
            -0.0005005655004106715,
            0.07216542998475473,
            0.17844127766850945,
            -0.050293413930594666,
            -0.23273676900875243,
            -0.01982533162225416,
            0.051573239621190835,
            0.030816968246709587,
            -0.006350668967258314,
            0.026351521940054926,
            0.003925653477198672,
            -0.0029654662198562677,
            -0.033217499455399466,
            0.015955214186357262,
            -0.025569469346246446,
            -0.009441972682069371
        ],
        [
            0.3379838431055483,
            0.22780981941624448,
            -0.02028210496317606,
            -0.08230637823022446,
            0.0009691464728501659,
            0.0983311227328575,
            0.1291871139906286,
            -0.030375475949598763,
            -0.14929533262445602,
            -0.010723933059605175,
            0.03590696945023549,
            0.021992931270610694,
            -0.008038581795931659,
            -0.020806003993231945,
            0.006214801190271488,
            -0.026018631787228325,
            -0.03483183359061161,
            0.009567063840032272,
            -0.022028906174114304,
            -0.00561574963836918
        ],
        [
            -0.04382859117580413,
            -0.02028210496317606,
            0.017335230000309912,
            0.07367216270982126,
            0.0019644485342639267,
            0.07303270014689459,
            0.003867027532082689,
            0.0039389577360062974,
            0.013576195770273386,
            0.007966841108499413,
            -0.01766481120928165,
            0.005900047797194852,
            -0.01593516601177189,
            -0.05068950802028576,
            0.011396341615640309,
            0.0013126446398519743,
            0.004998548157849541,
            -0.011345537407156285,
            0.012694009049168942,
            0.006502284530465256
        ],
        [
            -0.18159525459830975,
            -0.08230637823022446,
            0.07367216270982126,
            0.3149659271642545,
            0.008630181109165795,
            0.32051176870917714,
            0.025271246139148683,
            0.02105828138865591,
            0.07133418135659843,
            0.03032383464631292,
            -0.043893794529248964,
            0.037138753251855734,
            -0.06422139113195484,
            -0.21578875949130177,
            0.04656232810642613,
            0.006418135080045774,
            0.026080777716738137,
            -0.041036590105079526,
            0.03960470042846137,
            0.023538367001224348
        ],
        [
            -0.0005005655004106715,
            0.0009691464728501659,
            0.0019644485342639267,
            0.008630181109165795,
            0.00030203977986238136,
            0.012009128031503937,
            0.003308256256495044,
            0.000645634601797133,
            0.0014248967670932619,
            0.0004430900006436602,
            0.0020238542534316718,
            0.0024116664019433326,
            -0.0016530459750876882,
            -0.007023031804808655,
            0.0012780763197257304,
            -0.0005166528716268194,
            0.00048450634178251386,
            -0.00040685611319675604,
            -0.000537459337345293,
            0.0002350112465303014
        ],
        [
            0.07216542998475473,
            0.0983311227328575,
            0.07303270014689459,
            0.32051176870917714,
            0.012009128031503937,
            0.4987596243211712,
            0.1621321894489368,
            0.009738865045171062,
            -0.005892866803068817,
            0.019868075796064803,
            0.052760310310218134,
            0.10056610809455059,
            -0.08153787269422529,
            -0.27351440616515216,
            0.06034014136902446,
            0.013088229912933954,
            0.030659568461590205,
            -0.02739226845676262,
            0.0018081883422234708,
            0.015590333950541076
        ],
        [
            0.17844127766850945,
            0.1291871139906286,
            0.003867027532082689,
            0.025271246139148683,
            0.003308256256495044,
            0.1621321894489368,
            0.11495304620900283,
            -0.002006748257103642,
            -0.03315020643767578,
            -0.010380017618284122,
            0.11301852287670273,
            0.07505019219152481,
            -0.017448048267268642,
            -0.04379758685684158,
            0.013561471742081626,
            0.038840485584223504,
            0.03288608250712344,
            0.014321045411111516,
            -0.03699722639858898,
            -0.008360320794182481
        ],
        [
            -0.050293413930594666,
            -0.030375475949598763,
            0.0039389577360062974,
            0.02105828138865591,
            0.000645634601797133,
            0.009738865045171062,
            -0.002006748257103642,
            0.018836942752881405,
            0.06670835500342748,
            -0.008068351550320806,
            0.07752700795421909,
            0.019300027901377054,
            0.017136879149128453,
            -0.008438525248654667,
            -0.009746477870449508,
            -0.02495620663916073,
            -0.0010734045275947548,
            0.021195357232721073,
            -0.04355613940875545,
            -0.01197949554511662
        ],
        [
            -0.23273676900875243,
            -0.14929533262445602,
            0.013576195770273386,
            0.07133418135659843,
            0.0014248967670932619,
            -0.005892866803068817,
            -0.03315020643767578,
            0.06670835500342748,
            0.2501938578457947,
            -0.025706682656148602,
            0.25590783368428116,
            0.07186518954689199,
            0.05377007944147808,
            0.0037853511590733007,
            -0.031425580543780224,
            -0.03193020675086978,
            0.03270074510410113,
            0.06627714631001543,
            -0.13109523497932044,
            -0.03752255897236906
        ],
        [
            -0.01982533162225416,
            -0.010723933059605175,
            0.007966841108499413,
            0.03032383464631292,
            0.0004430900006436602,
            0.019868075796064803,
            -0.010380017618284122,
            -0.008068351550320806,
            -0.025706682656148602,
            0.010763666969709736,
            -0.06881910356653956,
            -0.01658917201169602,
            -0.017409043852682347,
            -0.021292177595895148,
            0.010899372207014259,
            0.009897858644575422,
            -0.0005846324042923036,
            -0.020774552797480368,
            0.03703789013877803,
            0.011830076929516237
        ],
        [
            0.051573239621190835,
            0.03590696945023549,
            -0.01766481120928165,
            -0.043893794529248964,
            0.0020238542534316718,
            0.052760310310218134,
            0.11301852287670273,
            0.07752700795421909,
            0.25590783368428116,
            -0.06881910356653956,
            0.5506877120627317,
            0.1903382453288805,
            0.08595805034457771,
            0.06143120492670781,
            -0.05033127657811645,
            0.006091843086672686,
            0.07702310347824197,
            0.1376022207962644,
            -0.26165556002389,
            -0.07845088115774312
        ],
        [
            0.030816968246709587,
            0.021992931270610694,
            0.005900047797194852,
