{
    "opt_E": -2.2089782940887637,
    "HF_E": -2.1768871395084415,
    "B3LYP_E": -2.179362467896888,
    "sto-3G_E": -2.1633869401469155,
    "proj": [
        [
            0.5704243721012461,
            0.3542784914419488,
            -0.027037600854174705,
            -0.17527331159286993,
            0.001603351365404902,
            -0.0013372193237728357,
            0.16876686751090822,
            -0.05328022293095942,
            -0.22454114096339173,
            -0.005609377335649959,
            0.04318672196567218,
            0.02457500050055877,
            -0.0007777307827888775,
            0.04854968672403113,
            -0.0009293709634738044,
            -0.0028968105288456466,
            -0.02859644107990895,
            -0.007165467768462736,
            -0.021960910622507573,
            -0.01060515091913436
        ],
        [
            0.3542784914419488,
            0.23999239487595095,
            -0.0067501918284882554,
            -0.05261363266630438,
            0.001088734815703439,
            0.10175388902733756,
            0.13914325660947482,
            -0.026560814018743103,
            -0.14038453792199063,
            -0.0017373989228778963,
            0.020899050972827456,
            0.023092513523646864,
            0.0037346193311241674,
            -0.028553117067931753,
            0.003843572777407441,
            -0.027489786974628963,
            -0.03485082983275816,
            -0.0028914971450042025,
            -0.011298988044917248,
            -0.004062668241408789
        ],
        [
            -0.027037600854174705,
            -0.0067501918284882554,
            0.006887746919693462,
            0.03954731859271672,
            1.0450669090045865e-05,
            0.05633021759532757,
            0.01053936800768989,
            0.006392745289955151,
            0.006384353248154441,
            0.0016809495927309138,
            -0.010501532190564085,
            0.006290421355849575,
            0.004340017108008945,
            -0.028261373128520156,
            0.005618714224094826,
            0.004092334298078392,
            0.00236692358574216,
            0.002599713612208344,
            0.00925610581157048,
            0.004165084805830374
        ],
        [
            -0.17527331159286993,
            -0.05261363266630438,
            0.03954731859271672,
            0.2279812369495301,
            -1.726788936914636e-05,
            0.3144788137875112,
            0.0520450447395183,
            0.03776192075660508,
            0.04708685607333836,
            0.00939020922255333,
            -0.05712272801676345,
            0.034092017123189954,
            0.023655031008220324,
            -0.1611901081777039,
            0.030446657076067366,
            0.01867005675301603,
            0.012350897864839509,
            0.014262179626732705,
            0.04997149081255076,
            0.022807774921417064
        ],
        [
            0.001603351365404902,
            0.001088734815703439,
            1.0450669090045865e-05,
            -1.726788936914636e-05,
            8.816301772555319e-06,
            0.0009115589954012781,
            0.0008929338246578429,
            -0.00011682662120257477,
            -0.0005799359569316909,
            -9.286645587464092e-06,
            0.0004408806522630944,
            0.0007057457223274491,
            0.00015254591820458392,
            0.00018123704244217776,
            0.00022197023616268795,
            0.001277142065882618,
            0.0007893034105404532,
            2.67744732962213e-05,
            0.0001625008198518544,
            4.8484168186615146e-05
        ],
        [
            -0.0013372193237728357,
            0.10175388902733756,
            0.05633021759532757,
            0.3144788137875112,
            0.0009115589954012781,
            0.5768993011355437,
            0.20367237841631344,
            0.03461190554857121,
            -0.0029520986538318214,
            0.009435796722228754,
            -0.0016811032587158074,
            0.10494089597921505,
            0.03784333245018457,
            -0.26559022211793193,
            0.047196425302196664,
            0.02940780919575521,
            0.019259856363615727,
            0.013728390699403839,
            0.04170988874515737,
            0.022465235074697557
        ],
        [
            0.16876686751090822,
            0.13914325660947482,
            0.01053936800768989,
            0.0520450447395183,
            0.0008929338246578429,
            0.20367237841631344,
            0.1392506662007942,
            -0.009593294243582488,
            -0.023261268731100213,
            -0.003974840599445235,
            0.11075110561725549,
            0.08554783271089801,
            0.008526534909858503,
            -0.06841914238570687,
            0.00906143724163366,
            0.02517817598387096,
            0.02650184086629711,
            -0.006864878132834661,
            -0.03393619883510169,
            -0.010468505901482884
        ],
        [
            -0.05328022293095942,
            -0.026560814018743103,
            0.006392745289955151,
            0.03776192075660508,
            -0.00011682662120257477,
            0.03461190554857121,
            -0.009593294243582488,
            0.009217143300582145,
            0.004203687430023712,
            0.003187775420719517,
            -0.03990716671778255,
            -0.009291087717261188,
            0.004560354459349334,
            -0.022314167661467495,
            0.00644145273193531,
            0.0022397866362025495,
            -0.002706659338805764,
            0.0052533952173025675,
            0.02132363158497855,
            0.00833554482729461
        ],
        [
            -0.22454114096339173,
            -0.14038453792199063,
            0.006384353248154441,
            0.04708685607333836,
            -0.0005799359569316909,
            -0.0029520986538318214,
            -0.023261268731100213,
            0.004203687430023712,
            0.21878109281568922,
            -0.014331600201241397,
            0.25643467728195357,
            0.07666265196345465,
            -0.021660902363121466,
            -0.02142928438228285,
            -0.034406210439119164,
            -0.051814781615428185,
            0.028817278591356923,
            -0.028464899665730608,
            -0.13260631329020603,
            -0.045828528975389984
        ],
        [
            -0.005609377335649959,
            -0.0017373989228778963,
            0.0016809495927309138,
            0.00939020922255333,
            -9.286645587464092e-06,
            0.009435796722228754,
            -0.003974840599445235,
            0.003187775420719517,
            -0.014331600201241397,
            0.0022935762175297215,
            -0.03511251712046638,
            -0.009720295080927765,
            0.0033264211001888685,
            -0.0045324373115142435,
            0.005064714801439295,
            0.006603104289455481,
            -0.002021259023530449,
            0.004221618385615029,
            0.018622293128817555,
            0.006746059716495639
        ],
        [
            0.04318672196567218,
            0.020899050972827456,
            -0.010501532190564085,
            -0.05712272801676345,
            0.0004408806522630944,
            -0.0016811032587158074,
            0.11075110561725549,
            -0.03990716671778255,
            0.25643467728195357,
            -0.03511251712046638,
            0.5912722537121371,
            0.2149520907906534,
            -0.038289744760961295,
            0.029705514453614162,
            -0.060723546620977994,
            -0.020563167029508278,
            0.09445552515448809,
            -0.06324430810560339,
            -0.2817597298853056,
            -0.10083566442748414
        ],
        [
            0.02457500050055877,
            0.023092513523646864,
