{
    "opt_E": -2.1567215313005197,
    "HF_E": -2.1276879149473555,
    "B3LYP_E": -2.1289153695705667,
    "sto-3G_E": -2.1129661656061915,
    "proj": [
        [
            0.5174329087015922,
            0.3415795006052436,
            -0.005982713245883297,
            -0.17967974762184916,
            0.00453524699768281,
            0.06411425296281636,
            0.18605941304863158,
            -0.01420905524830798,
            -0.23632741126190038,
            0.01978457492638962,
            0.04156953741881185,
            0.03364492010451378,
            -0.0055852640166272425,
            0.029571413588237342,
            -0.0002755315303759352,
            0.004583061762088555,
            -0.03187705436699074,
            0.005851593442614338,
            -0.02583263012592716,
            0.0010895808457710367
        ],
        [
            0.3415795006052436,
            0.2340005889210698,
            -0.002975157319741366,
            -0.09260304675136725,
            0.002002215436460403,
            0.08371950537515124,
            0.13686616440999608,
            -0.00878321856720367,
            -0.1375877319437771,
            0.013197670401157293,
            0.05046315515788981,
            0.022922326585938946,
            0.004427764073627922,
            -0.025680474121447996,
            -0.0029453232180312403,
            -0.03625173629385557,
            -0.04183680859872926,
            0.010303892839939068,
            -0.04610866825444448,
            0.0003835739802605457
        ],
        [
            -0.005982713245883297,
            -0.002975157319741366,
            0.0005797327575612461,
            0.013529409722118324,
            -0.0006329760590121279,
            0.014427675468186256,
            0.0008604495324162621,
            0.001168332428511906,
            -0.0005197113222560396,
            -0.0017469380856269764,
            -0.004810855329690421,
            0.0014738100223778893,
            0.00011802440673749798,
            -0.008544908955160304,
            -0.0017606786179842201,
            0.0009785626655534386,
            0.0011674376743245427,
            -0.0014151568117588887,
            0.005652652948448038,
            9.681736581360465e-06
        ],
        [
            -0.17967974762184916,
            -0.09260304675136725,
            0.013529409722118324,
            0.3265450777211507,
            -0.014711966809473325,
            0.3385960700050432,
            0.018584893962249553,
            0.025258953689929028,
            0.04269144957699994,
            -0.03592905662115072,
            -0.053678524870930104,
            0.05046539041294093,
            0.006337437414823208,
            -0.2025045882043292,
            -0.03910308184930922,
            0.030286344941141546,
            0.040722438678254876,
            -0.023888624938912802,
            0.09358341068763593,
            0.00018856493266169064
        ],
        [
            0.00453524699768281,
            0.002002215436460403,
            -0.0006329760590121279,
            -0.014711966809473325,
            0.0007094467065583168,
            -0.016984361104821988,
            -0.0020689437010570706,
            -0.0012341564185517615,
            0.0013265132333286928,
            0.0018282458415718964,
            0.004294859029536721,
            -0.0027624124478627748,
            0.00010293866116813211,
            0.008659466211326631,
            0.0020142058955110362,
            -0.0032400746301579665,
            -0.002609425661196894,
            0.0016310672507297236,
            -0.00656122286199053,
            -3.4586743795637796e-05
        ],
        [
            0.06411425296281636,
            0.08371950537515124,
            0.014427675468186256,
            0.3385960700050432,
            -0.016984361104821988,
            0.5170952249617659,
            0.15671023355499203,
            0.021843255496326472,
            -0.030001468860012752,
            -0.028487914670611326,
            0.04007619485633493,
            0.11486940311152542,
            0.010933299620789497,
            -0.2673224507513753,
            -0.05134392681521692,
            0.04862303084863306,
            0.048399942253997616,
            -0.014950135664461113,
            0.052422730000493946,
            0.0009210643850058914
        ],
        [
            0.18605941304863158,
            0.13686616440999608,
            0.0008604495324162621,
            0.018584893962249553,
            -0.0020689437010570706,
            0.15671023355499203,
            0.11835339007723965,
            -0.0038927533942599638,
            -0.03287584854670429,
            0.008856533899426663,
            0.11397237143387397,
            0.06897256718226147,
            0.004257377001206106,
            -0.05176072650516185,
            -0.009778783900056662,
            0.033375875136670924,
            0.02276368407217846,
            0.011495973577880606,
            -0.051066822636129834,
            0.0007294331839692805
        ],
        [
            -0.01420905524830798,
            -0.00878321856720367,
            0.001168332428511906,
            0.025258953689929028,
            -0.0012341564185517615,
            0.021843255496326472,
            -0.0038927533942599638,
            0.0030278108420239776,
            -0.010112349726071735,
            -0.005037493930050678,
            -0.027082600111589004,
            -0.0031789773121143113,
            -0.0008009624527430962,
            -0.014077802217530414,
            -0.0035772505672559507,
            -2.335906876908916e-05,
            -0.0006466406212846608,
            -0.005398569936110986,
            0.022226598653405937,
            2.5328536675149484e-08
        ],
        [
            -0.23632741126190038,
            -0.1375877319437771,
            -0.0005197113222560396,
            0.04269144957699994,
            0.0013265132333286928,
            -0.030001468860012752,
            -0.03287584854670429,
            -0.010112349726071735,
            0.2903910992772017,
            0.023889708871029033,
            0.2731722452276705,
            0.048164208597023174,
            0.024858796160122543,
            -0.030974709665933166,
            0.013547115552695757,
            -0.027427539080771494,
            0.02650166378517065,
            0.04989321371142288,
            -0.21013361333217143,
            -0.0008619120752667295
        ],
        [
            0.01978457492638962,
            0.013197670401157293,
            -0.0017469380856269764,
            -0.03592905662115072,
            0.0018282458415718964,
            -0.028487914670611326,
            0.008856533899426663,
            -0.005037493930050678,
            0.023889708871029033,
            0.008703297770000012,
            0.05408149965298857,
            0.00909232681783688,
            0.0020860454452663237,
            0.01880794651006317,
            0.005501556301348475,
            0.0011213883744568263,
            0.0032096899791288695,
            0.010149871131403676,
            -0.04204926852850209,
            3.645317570734099e-06
        ],
        [
            0.04156953741881185,
            0.05046315515788981,
            -0.004810855329690421,
            -0.053678524870930104,
            0.004294859029536721,
            0.04007619485633493,
            0.11397237143387397,
            -0.027082600111589004,
            0.2731722452276705,
            0.05408149965298857,
            0.5008175294189862,
            0.15470867670690294,
            0.021977595704402667,
            0.016669650938596087,
            0.017675923444086753,
            0.08010212357119254,
            0.09586041886822719,
            0.07665956997100129,
            -0.32161143849776747,
            0.0006039201583055851
        ],
        [
            0.03364492010451378,
            0.022922326585938946,
