{
    "opt_E": -2.178531542399928,
    "HF_E": -2.146837878996179,
    "B3LYP_E": -2.1492125796960253,
    "sto-3G_E": -2.128577110572387,
    "proj": [
        [
            0.5702222612224315,
            0.36654009294482987,
            -0.0311419624837264,
            -0.17653489760613073,
            -0.024144325584686776,
            -0.0010355329991981795,
            0.16595302553389718,
            -0.02545801256584921,
            -0.19761806823779568,
            -0.04258805352523797,
            0.04826828349529333,
            0.02639738998025724,
            0.010771741736097466,
            0.06113904045222131,
            -0.004163924198348931,
            -0.0031777887305146765,
            -0.03015732496627958,
            0.007529663783836847,
            -0.03153480985178629,
            0.008655536979940044
        ],
        [
            0.36654009294482987,
            0.25237265847546536,
            -0.011874991599341212,
            -0.0644010048790106,
            -0.008130579203714797,
            0.0866601733507653,
            0.13580838313342913,
            -0.01903682170256664,
            -0.13432322983030223,
            -0.021737120497363475,
            0.030817015738861128,
            0.02261185438214492,
            -0.005316735324050168,
            -0.022647692435341406,
            0.001978551395839152,
            -0.032730071251870864,
            -0.039262368111910674,
            0.003546924368611052,
            -0.02205526623454103,
            0.005002189550960377
        ],
        [
            -0.0311419624837264,
            -0.011874991599341212,
            0.006341525916904473,
            0.037790088975112594,
            0.005609274409701691,
            0.04892786336006904,
            0.0068736826515278186,
            -0.0014917134490812108,
            0.0012908469027434442,
            0.0055881598469155625,
            -0.008436447670813177,
            0.00548607558885417,
            -0.010055249650783806,
            -0.030376041521752616,
            0.00022207942672974797,
            0.0029115339728608847,
            0.0020411332331806416,
            -0.0023950602619690524,
            0.0100878968080577,
            -0.0030560446586603302
        ],
        [
            -0.17653489760613073,
            -0.0644010048790106,
            0.037790088975112594,
            0.22561827353145222,
            0.033483010273278574,
            0.29856918240777774,
            0.047354007090689106,
            -0.008587342289604366,
            0.007292771588771167,
            0.03270160117884916,
            -0.04197216477886926,
            0.03894894026036775,
            -0.06074543753093534,
            -0.1800365867198268,
            0.0008420402897869986,
            0.025303094961847936,
            0.017855863411218725,
            -0.013912292473947969,
            0.058475671559307746,
            -0.017790971509942168
        ],
        [
            -0.024144325584686776,
            -0.008130579203714797,
            0.005609274409701691,
            0.033483010273278574,
            0.005003827143073491,
            0.04475706240582181,
            0.007221891146944148,
            -0.0019714317174175065,
            -0.001885733116053576,
            0.004877745586245031,
            -0.009758766028135898,
            0.004845269911011872,
            -0.009564104185549212,
            -0.026962776859585716,
            -0.0001265220504867195,
            0.004068093847327637,
            0.0021389354868048276,
            -0.002415426653009042,
            0.010784362649981933,
            -0.003181521543043919
        ],
        [
            -0.0010355329991981795,
            0.0866601733507653,
            0.04892786336006904,
            0.29856918240777774,
            0.04475706240582181,
            0.5376612417098291,
            0.1924238697856033,
            -0.014406878361002202,
            -0.039754791203938905,
            0.031303655725830305,
            0.04805412561308189,
            0.11529635119061728,
            -0.09069070474001642,
            -0.28285832351544343,
            0.004917292521201357,
            0.0407537598103585,
            0.029213654252065135,
            -0.01152377971758034,
            0.032516036849577275,
            -0.013052223157183887
        ],
        [
            0.16595302553389718,
            0.13580838313342913,
            0.0068736826515278186,
            0.047354007090689106,
            0.007221891146944148,
            0.1924238697856033,
            0.13009172274281813,
            -0.000391713935543352,
            -0.026446127636152027,
            -0.004606189898343263,
            0.11178496724188919,
            0.07947047943401643,
            -0.020452869812637883,
            -0.0696210778813781,
            0.0031714435551603794,
            0.029543021770732397,
            0.02465756669078586,
            0.005184676813240195,
            -0.03782120351232145,
            0.008306947118894502
        ],
        [
            -0.02545801256584921,
            -0.01903682170256664,
            -0.0014917134490812108,
            -0.008587342289604366,
            -0.0019714317174175065,
            -0.014406878361002202,
            -0.000391713935543352,
            0.014628731911769367,
            0.059064207639310584,
            -0.0022166365985505625,
            0.07832149924223075,
            0.018649426293754948,
            0.013699134517397297,
            0.007383512103889109,
            0.005998113715734413,
            -0.013270876183730426,
            0.006147662726731367,
            0.008230445021110084,
            -0.04920345986877394,
            0.012661453091278833
        ],
        [
            -0.19761806823779568,
            -0.13432322983030223,
            0.0012908469027434442,
            0.007292771588771167,
            -0.001885733116053576,
            -0.039754791203938905,
            -0.026446127636152027,
            0.059064207639310584,
            0.2560089494053783,
            0.00021206307921939368,
            0.28544417833677765,
            0.06612465537873197,
            0.0475646957353343,
            0.006596747773444747,
            0.02406514441288476,
            -0.05459923050672299,
            0.025035134909070854,
            0.029363083225325878,
            -0.17952749675720525,
            0.04593276121584251
        ],
        [
            -0.04258805352523797,
            -0.021737120497363475,
            0.0055881598469155625,
            0.03270160117884916,
            0.004877745586245031,
            0.031303655725830305,
            -0.004606189898343263,
            -0.0022166365985505625,
            0.00021206307921939368,
            0.005906445979844418,
            -0.022403016129047527,
            -0.0033765400226259804,
            -0.008483653765624505,
            -0.024633857777615946,
            -0.0001340189490748482,
            -0.0014241282554345684,
            -0.002078216360214054,
            -0.0031492087167191937,
            0.015118234157013237,
            -0.004226952527120261
        ],
        [
            0.04826828349529333,
            0.030817015738861128,
            -0.008436447670813177,
            -0.04197216477886926,
            -0.009758766028135898,
            0.04805412561308189,
            0.11178496724188919,
            0.07832149924223075,
            0.28544417833677765,
            -0.022403016129047527,
            0.5326931975795345,
            0.184902431391308,
            0.05958233168634188,
            0.03283383472980303,
            0.027822527055494675,
            0.014396532947751464,
            0.0920978462113578,
            0.04930930401008566,
            -0.2907787043390782,
            0.07443055350462648
        ],
        [
            0.02639738998025724,
            0.02261185438214492,
            0.00548607558885417,
