{
    "opt_E": -2.1927864578879928,
    "HF_E": -2.1625909349640384,
    "B3LYP_E": -2.1642851198565998,
    "sto-3G_E": -2.1525335861351866,
    "proj": [
        [
            0.5500802664517856,
            0.3487703847300688,
            -0.026386169883697706,
            -0.16856866350415,
            -0.053227801232623564,
            0.02282207918437515,
            0.17829803972435587,
            -0.05230863189185174,
            -0.21679325757492304,
            -0.08162084338370514,
            0.036157808910439154,
            0.029056835951728508,
            -0.0024634559264245658,
            0.03946442873444021,
            0.002572579547153721,
            0.0005518834935433147,
            -0.028567876656138594,
            -0.0028971883220678565,
            -0.025518903943140575,
            -4.0204201669532666e-05
        ],
        [
            0.3487703847300688,
            0.23535516406980672,
            -0.00905375016362792,
            -0.06338333326791674,
            -0.01941965363014353,
            0.09322115872372172,
            0.13943137745329365,
            -0.02758309508497316,
            -0.13048294886300546,
            -0.04556454566681577,
            0.033784671337767816,
            0.02549019759407958,
            0.003128038564227121,
            -0.03125319056442149,
            -0.0017802023361487677,
            -0.03179870945751577,
            -0.035329049650398625,
            -0.0019700310657577444,
            -0.02841976106377865,
            -8.690392293793335e-05
        ],
        [
            -0.026386169883697706,
            -0.00905375016362792,
            0.007771122351022425,
            0.042626363753137865,
            0.014174457570174092,
            0.057656066567840426,
            0.00787303891770786,
            0.008554219457046666,
            0.0012952789985210588,
            0.007195202124637317,
            -0.014252467800811122,
            0.007085819846646165,
            0.00534455838966201,
            -0.0260737767015069,
            -0.004254328973303858,
            0.007835438423188065,
            0.005132082024370312,
            0.000868585729291324,
            0.018248993560147864,
            -0.0006478540368927517
        ],
        [
            -0.16856866350415,
            -0.06338333326791674,
            0.042626363753137865,
            0.23681192669220325,
            0.07837516599946752,
            0.31202933344451617,
            0.038918339523142366,
            0.04652937964501252,
            0.03237828620472431,
            0.04403067006855801,
            -0.05302549515291793,
            0.04042389168439343,
            0.027659420031406656,
            -0.15285209993680365,
            -0.021732745357450355,
            0.02731754960304411,
            0.02350466788995772,
            0.004035710639014005,
            0.07707088086972992,
            -0.0029503888380014547
        ],
        [
            -0.053227801232623564,
            -0.01941965363014353,
            0.014174457570174092,
            0.07837516599946752,
            0.02598787655232367,
            0.10409871550519743,
            0.013215776707808031,
            0.015589985115258722,
            0.007367606286576646,
            0.014075048331202909,
            -0.021596601341251662,
            0.012633002111358333,
            0.0093917165950209,
            -0.05006660975431754,
            -0.007430327397017794,
            0.009899827300710907,
            0.007591750642084037,
            0.00144316657865357,
            0.028583808196545338,
            -0.0010602187592520808
        ],
        [
            0.02282207918437515,
            0.09322115872372172,
            0.057656066567840426,
            0.31202933344451617,
            0.10409871550519743,
            0.56277255241099,
            0.1862217437748841,
            0.04438396551004731,
            -0.026010644755115785,
            0.03298599104015489,
            0.008741064897676683,
            0.11187499929732102,
            0.04398697892662801,
            -0.2516187658694938,
            -0.03309774410215993,
            0.04731019840722049,
            0.03539070634309433,
            0.003317075229405047,
            0.0667929993653251,
            -0.003820628705997543
        ],
        [
            0.17829803972435587,
            0.13943137745329365,
            0.00787303891770786,
            0.038918339523142366,
            0.013215776707808031,
            0.1862217437748841,
            0.13108569253564156,
            -0.010363803714138382,
            -0.027786148950556956,
            -0.01185208561577422,
            0.1075757252074763,
            0.07660829260905463,
            0.009872442877139651,
            -0.0659914464028786,
            -0.005807292547881038,
            0.029335954874494155,
            0.024022659025980716,
            -0.0021313746766475333,
            -0.04302836709799724,
            0.0002633856904384789
        ],
        [
            -0.05230863189185174,
            -0.02758309508497316,
            0.008554219457046666,
            0.04652937964501252,
            0.015589985115258722,
            0.04438396551004731,
            -0.010363803714138382,
            0.012990361934754507,
            -0.005360236961654347,
            0.009177854792101724,
            -0.05004790442708694,
            -0.00864610415225294,
            0.005687995430001661,
            -0.023746692299005834,
            -0.005053729304414385,
            0.0004206994903264275,
            -0.0029270957924305936,
            0.0017482611394049824,
            0.03793060846437108,
            -0.0010944379923539446
        ],
        [
            -0.21679325757492304,
            -0.13048294886300546,
            0.0012952789985210588,
            0.03237828620472431,
            0.007367606286576646,
            -0.026010644755115785,
            -0.027786148950556956,
            -0.005360236961654347,
            0.2358966755414004,
            0.041428047561192095,
            0.2633083326140253,
            0.059002242481863906,
            -0.012378753688291493,
            -0.0399372259633247,
            0.013136619771045984,
            -0.03172468771986074,
            0.03040407426499546,
            -0.006420123624899355,
            -0.18760239801086104,
            0.0051279155841048585
        ],
        [
            -0.08162084338370514,
            -0.04556454566681577,
            0.007195202124637317,
            0.04403067006855801,
            0.014075048331202909,
            0.03298599104015489,
            -0.01185208561577422,
            0.009177854792101724,
            0.041428047561192095,
            0.015256509419847856,
            0.013029497496111776,
            0.005739832704487703,
            0.002263993634797708,
            -0.027651545994297966,
            -0.0015512635258220007,
            -0.005358341812345122,
            0.0040019775635103385,
            0.0001116616468811903,
            -0.006957438856817363,
            0.0001315103340601822
        ],
        [
            0.036157808910439154,
            0.033784671337767816,
            -0.014252467800811122,
            -0.05302549515291793,
            -0.021596601341251662,
            0.008741064897676683,
            0.1075757252074763,
            -0.05004790442708694,
            0.2633083326140253,
            0.013029497496111776,
            0.538655224647888,
            0.17766618139384302,
            -0.01971855913105571,
            -0.005963287203976243,
            0.02287543163367945,
            0.05123226382728373,
            0.1041209046946859,
            -0.013531691602656739,
            -0.33568237206455837,
            0.00873743949397833
        ],
        [
            0.029056835951728508,
            0.02549019759407958,
            0.007085819846646165,
            0.04042389168439343,
