{
    "opt_E": -2.167242310374198,
    "HF_E": -2.135893614634318,
    "B3LYP_E": -2.1381018101338425,
    "sto-3G_E": -2.107629917886749,
    "proj": [
        [
            0.5650223145878518,
            0.3745243253195408,
            -0.017413407868203112,
            -0.17804578676996552,
            0.015229331329059088,
            -0.00014913923748879977,
            0.16384308792874,
            -0.023562517414332497,
            -0.19000709326824936,
            0.04877156413437623,
            0.035429184844498314,
            0.026062982842889614,
            0.0031247575756057425,
            0.0607653906929687,
            0.0004439949850461051,
            0.00449172005958415,
            -0.03300606997714157,
            -0.0012371228913445232,
            -0.022344524929972607,
            0.011821562171265954
        ],
        [
            0.3745243253195408,
            0.26353949580322505,
            -0.006867474928821453,
            -0.07329651536114253,
            0.004396753173114994,
            0.07924637357312689,
            0.13513006732250954,
            -0.014745424480094513,
            -0.12959553478797434,
            0.027302038298481362,
            0.03296448103372563,
            0.023271095024460123,
            -0.0009184267221362969,
            -0.0203049124355919,
            -0.003737092793190659,
            -0.035774415137998235,
            -0.044198549880048295,
            -0.0015040686993585822,
            -0.026440633525637566,
            0.009546882400607264
        ],
        [
            -0.017413407868203112,
            -0.006867474928821453,
            0.002418380133268072,
            0.023557990230769505,
            -0.002688644148144804,
            0.03085310714541578,
            0.005054862489318491,
            0.0007775340510675028,
            -0.0006487042847215073,
            -0.004746342645779332,
            -0.003339440901994672,
            0.0046404439781417475,
            -0.0009441144738755397,
            -0.01991999932651729,
            -0.0055950465798322545,
            0.0007589660192453178,
            0.0020711215506935285,
            0.00025437923976441383,
            0.004885300402624546,
            -0.0029037172497720872
        ],
        [
            -0.17804578676996552,
            -0.07329651536114253,
            0.023557990230769505,
            0.22965421804259603,
            -0.026107205101883087,
            0.2963043325934632,
            0.045494970084603736,
            0.007898561961538587,
            -0.0028245267097493404,
            -0.04656421684182541,
            -0.03278563708202879,
            0.044720478746716835,
            -0.009076757848914445,
            -0.19159341158725982,
            -0.05418244239810855,
            0.009447673540303476,
            0.02197958216880044,
            0.0025086872227603166,
            0.04811263843814742,
            -0.028369194392879736
        ],
        [
            0.015229331329059088,
            0.004396753173114994,
            -0.002688644148144804,
            -0.026107205101883087,
            0.0030560812855800015,
            -0.037115632692185214,
            -0.008250268943940943,
            -0.000802172501284096,
            0.0003501459185931825,
            0.004576676545568023,
            -9.843685626941021e-05,
            -0.006632162136867143,
            0.001094877284161094,
            0.02319121542227813,
            0.005992424651047108,
            -0.00016662253142824552,
            -0.002061653752896371,
            -0.00015773427408907658,
            -0.003231859680335034,
            0.0023727439987599576
        ],
        [
            -0.00014913923748879977,
            0.07924637357312689,
            0.03085310714541578,
            0.2963043325934632,
            -0.037115632692185214,
            0.5263178080245643,
            0.1879119302411843,
            0.003563621757499913,
            -0.04807878451057365,
            -0.038067970046724214,
            0.06667913404233994,
            0.12421538754391011,
            -0.013496768724021418,
            -0.2911088654609282,
            -0.08085490248186923,
            0.024870277626893828,
            0.03595079082247385,
            0.0004714073626870723,
            0.01453216330619552,
            -0.018848693405417782
        ],
        [
            0.16384308792874,
            0.13513006732250954,
            0.005054862489318491,
            0.045494970084603736,
            -0.008250268943940943,
            0.1879119302411843,
            0.12661481669515967,
            -0.0037919685885535554,
            -0.028844028831102493,
            0.012623713843855343,
            0.10968778652253185,
            0.08018384240715362,
            -0.002784823908698918,
            -0.0666863894998919,
            -0.022142143294025415,
            0.03634127748105602,
            0.028743218015416645,
            -0.0021561682382394472,
            -0.03595457577083308,
            0.012189657429914298
        ],
        [
            -0.023562517414332497,
            -0.014745424480094513,
            0.0007775340510675028,
            0.007898561961538587,
            -0.000802172501284096,
            0.003563621757499913,
            -0.0037919685885535554,
            0.0013876184053473618,
            0.01602632616578479,
            -6.7817145476733185e-06,
            0.012285121868010696,
            0.0022531922605499746,
            -0.00021005561763852199,
            -0.0043165706170481604,
            0.002221680734652751,
            -0.003782883220401777,
            0.0006559378745160946,
            -0.00044368597763039735,
            -0.007859766531481694,
            0.003031355309007654
        ],
        [
            -0.19000709326824936,
            -0.12959553478797434,
            -0.0006487042847215073,
            -0.0028245267097493404,
            0.0003501459185931825,
            -0.04807878451057365,
            -0.028844028831102493,
            0.01602632616578479,
            0.2596184196434257,
            0.039272494788014846,
            0.2921317213966967,
            0.05415246207660565,
            0.0016619917272507408,
            0.03167546152649698,
            0.061665259397026675,
            -0.03733260038694495,
            0.020620136666719763,
            -0.010254958069991682,
            -0.18290842948593644,
            0.07685084845411268
        ],
        [
            0.04877156413437623,
            0.027302038298481362,
            -0.004746342645779332,
            -0.04656421684182541,
            0.004576676545568023,
            -0.038067970046724214,
            0.012623713843855343,
            -6.7817145476733185e-06,
            0.039272494788014846,
            0.021223001022740492,
            0.08338337731500886,
            0.014715069527005983,
            0.001731289060872218,
            0.03468602798254756,
            0.020133203144927052,
            -0.0070543950032670305,
            0.00039067221649588914,
            -0.0029937206605161228,
            -0.053705761447101714,
            0.02370628885796489
        ],
        [
            0.035429184844498314,
            0.03296448103372563,
            -0.003339440901994672,
            -0.03278563708202879,
            -9.843685626941021e-05,
            0.06667913404233994,
            0.10968778652253185,
            0.012285121868010696,
            0.2921317213966967,
            0.08338337731500886,
            0.5260874840504365,
            0.16563468190849098,
            0.002820272501320955,
            0.042109927755887934,
            0.06394540314684168,
            0.03157233942092271,
            0.07839477713997257,
            -0.016153031374236983,
            -0.28588149120235723,
            0.12055108479472135
        ],
        [
            0.026062982842889614,
            0.023271095024460123,
