{
    "opt_E": -2.2090723101619996,
    "HF_E": -2.176245726388164,
    "B3LYP_E": -2.1792865245508053,
    "sto-3G_E": -2.1618412055399303,
    "proj": [
        [
            0.5835962485685734,
            0.3599961343647264,
            -0.05648371120893163,
            -0.15765234199907396,
            0.013040450804638568,
            -0.014763812391922742,
            0.16273140367719335,
            -0.10033742272134524,
            -0.2043961279423271,
            0.02424463167563749,
            0.03755771823524503,
            0.023079828897164825,
            0.00014396246691754554,
            0.05413093905483206,
            0.005411901295215856,
            -0.0020325303900362033,
            -0.027004193534325333,
            -0.0036784799651851407,
            -0.01867964648950152,
            -0.008277816115912294
        ],
        [
            0.3599961343647264,
            0.24366372736413963,
            -0.014266068566303615,
            -0.04547282130824234,
            0.0033612989140370682,
            0.09908343270544694,
            0.13888054627360058,
            -0.05140874860267611,
            -0.13123243390326209,
            0.010810762612350613,
            0.016306114327677392,
            0.022555316729748632,
            0.0017502851268731614,
            -0.027355981364786213,
            0.0006875201970475126,
            -0.02353022345114094,
            -0.03453096280447063,
            -0.0015450034164741714,
            -0.006655597468870746,
            -0.002371741355909106
        ],
        [
            -0.05648371120893163,
            -0.014266068566303615,
            0.02723025606133323,
            0.06929011325084494,
            -0.0061616867685958835,
            0.11232161925836114,
            0.02202215403524683,
            0.020685581459463948,
            0.005732437980568135,
            -0.006851056951415915,
            -0.02458026042805522,
            0.010270395364243352,
            0.0032293843192152715,
            -0.05712322333171751,
            0.0025738239646548454,
            0.012592771255529961,
            0.00408199774041588,
            0.002336517106964704,
            0.020110552271571654,
            0.008486435474489476
        ],
        [
            -0.15765234199907396,
            -0.04547282130824234,
            0.06929011325084494,
            0.17722538164135745,
            -0.015678434846467477,
            0.2823707014758169,
            0.053565523817541316,
            0.054051071910569286,
            0.028001501387539908,
            -0.017512712525213945,
            -0.046342205831042864,
            0.029853132859527395,
            0.007571460962118218,
            -0.1458534213206025,
            0.004241295652244428,
            0.024255029570024896,
            0.009621790107610636,
            0.005122736863199346,
            0.04246256569433071,
            0.01830997923683961
        ],
        [
            0.013040450804638568,
            0.0033612989140370682,
            -0.0061616867685958835,
            -0.015678434846467477,
            0.001397846857554855,
            -0.02519263286444734,
            -0.004673725944174423,
            -0.004745743543917286,
            -0.001137111073236703,
            0.0015698165345238177,
            0.006307363244826341,
            -0.00165500074502711,
            -0.0006927729955112522,
            0.01328894756228338,
            -0.00046189434939811213,
            -0.0016798855396784787,
            -3.44684328879469e-05,
            -0.0005389562424131393,
            -0.004609439978243959,
            -0.0019487734498618225
        ],
        [
            -0.014763812391922742,
            0.09908343270544694,
            0.11232161925836114,
            0.2823707014758169,
            -0.02519263286444734,
            0.5852811949312671,
            0.21365568759451292,
            0.056162874502933974,
            -0.01663820357288607,
            -0.022040330213657297,
            -0.001967251061562562,
            0.10306876505507337,
            0.014414865358171205,
            -0.27402764897396664,
            0.005566040325609385,
            0.03884284908077892,
            0.01411502573256374,
            0.0053232199505868225,
            0.044833869650121365,
            0.020942549581309384
        ],
        [
            0.16273140367719335,
            0.13888054627360058,
            0.02202215403524683,
            0.053565523817541316,
            -0.004673725944174423,
            0.21365568759451292,
            0.14455235136034159,
            -0.012316796719241341,
            -0.017733637894419937,
            0.0010187711777405765,
            0.11331574819976316,
            0.08857564598476178,
            0.003966252197432798,
            -0.07588977412995393,
            -0.002327094284054357,
            0.017844524965712046,
            0.021538892849400526,
            -0.003472511886880408,
            -0.031801378229301146,
            -0.011106195547530789
        ],
        [
            -0.10033742272134524,
            -0.05140874860267611,
            0.020685581459463948,
            0.054051071910569286,
            -0.004745743543917286,
            0.056162874502933974,
            -0.012316796719241341,
            0.023205308903458836,
            0.02223118995457104,
            -0.00666071209992071,
            -0.03074911992713668,
            -0.005485082579319881,
            0.0015244203575955095,
            -0.037744691496840725,
            0.0005768758813130046,
            3.100487175169593e-05,
            -0.0016643124899960726,
            0.0020888679936814187,
            0.016767080508676185,
            0.006977534345655246
        ],
        [
            -0.2043961279423271,
            -0.13123243390326209,
            0.005732437980568135,
            0.028001501387539908,
            -0.001137111073236703,
            -0.01663820357288607,
            -0.017733637894419937,
            0.02223118995457104,
            0.20542477324669087,
            -0.0017392742601030893,
            0.2659841221572745,
            0.08552995221362115,
            -0.007258213818452556,
            -0.0046040868744332995,
            -0.028538017937076186,
            -0.06362422630355542,
            0.026622565905768617,
            -0.012117764658000199,
            -0.12712104656041207,
            -0.04800290401206664
        ],
        [
            0.02424463167563749,
            0.010810762612350613,
            -0.006851056951415915,
            -0.017512712525213945,
            0.0015698165345238177,
            -0.022040330213657297,
            0.0010187711777405765,
            -0.00666071209992071,
            -0.0017392742601030893,
            0.0020695291242567087,
            0.014449473453536109,
            0.0023615509213822804,
            -0.0007321526598239037,
            0.013282154776435339,
            -0.0008391887218365593,
            -0.0018184934488676685,
            0.0008629614885198548,
            -0.0009060935580636474,
            -0.007937904029302471,
            -0.003219895977827398
        ],
        [
            0.03755771823524503,
            0.016306114327677392,
            -0.02458026042805522,
            -0.046342205831042864,
            0.006307363244826341,
            -0.001967251061562562,
            0.11331574819976316,
            -0.03074911992713668,
            0.2659841221572745,
            0.014449473453536109,
            0.5999222681474142,
            0.23343268848004678,
            -0.011091059384080384,
            0.04101575009341794,
            -0.04431232781060049,
            -0.049689313829687956,
            0.09089059431964111,
            -0.026990232350316057,
            -0.26602284427327794,
            -0.10156209312775433
        ],
        [
            0.023079828897164825,
            0.022555316729748632,
