{
    "opt_E": -2.1414873177861535,
    "HF_E": -2.1125671346084682,
    "B3LYP_E": -2.114225895302361,
    "sto-3G_E": -2.0926399944629464,
    "proj": [
        [
            0.5312983888323483,
            0.35400576700543307,
            0.0019825101502634972,
            -0.18073641478900065,
            -0.027459664449618476,
            0.04959037696056805,
            0.1788469102823596,
            0.006074240748156878,
            -0.21544657229725983,
            -0.033183166078486905,
            0.048624071800297416,
            0.032350235708910914,
            0.0016249496136254704,
            0.04773612139390517,
            0.0019415850315292445,
            0.0048729722952889345,
            -0.037288867994675116,
            -0.0027103203744370287,
            -0.0339658612586479,
            0.0021974285720878046
        ],
        [
            0.35400576700543307,
            0.24508691070347458,
            0.0009050028213669112,
            -0.09235301966183536,
            -0.014061815228451515,
            0.07830756784842624,
            0.13383132237477088,
            0.0036496966170869306,
            -0.12978689767074555,
            -0.01966352159361273,
            0.051457945855563805,
            0.02127842667710632,
            -0.0017843637559847166,
            -0.018007111966069817,
            -0.0002485204038820143,
            -0.03856658584166239,
            -0.04848269937750636,
            -0.003646698768092933,
            -0.048991748375785966,
            0.002109922893383819
        ],
        [
            0.0019825101502634972,
            0.0009050028213669112,
            7.099850984035288e-05,
            -0.004477547677578239,
            -0.0006824790553150872,
            -0.005066396914753246,
            -0.0005735860538259401,
            0.00016510608795057804,
            0.0007599373381511066,
            -9.151652310293006e-06,
            0.0013421461410474767,
            -0.0006677481436860377,
            5.124149608268508e-05,
            0.0034994349280995335,
            0.0006323961884623661,
            -0.00040765305745425306,
            -0.0005559159620872432,
            -0.00016343780749393242,
            -0.0019276083480559074,
            0.00011918753099750556
        ],
        [
            -0.18073641478900065,
            -0.09235301966183536,
            -0.004477547677578239,
            0.29383492639229397,
            0.04461975912244481,
            0.31398506779814794,
            0.02562657988071337,
            -0.009691246051543883,
            0.009825271946717052,
            0.008397685878753853,
            -0.038630879057711925,
            0.05139457883402557,
            -0.0041774695152773135,
            -0.22059183017527545,
            -0.03646661786702198,
            0.028112168922157232,
            0.044554243436441224,
            0.007724868790377275,
            0.0881688325386501,
            -0.0059479099376159505
        ],
        [
            -0.027459664449618476,
            -0.014061815228451515,
            -0.0006824790553150872,
            0.04461975912244481,
            0.0067812550099265075,
            0.047358885233521233,
            0.0035349965731892863,
            -0.0015058274071923989,
            0.0005547944113917636,
            0.0011556057165578951,
            -0.00744081805281756,
            0.007166290095359769,
            -0.0006320864713864722,
            -0.033755108297262144,
            -0.00559225426288695,
            0.003557075651706138,
            0.006179268494703931,
            0.001236568721939639,
            0.014204876535283241,
            -0.0009469479068391684
        ],
        [
            0.04959037696056805,
            0.07830756784842624,
            -0.005066396914753246,
            0.31398506779814794,
            0.047358885233521233,
            0.4956475912368508,
            0.16097308021669685,
            -0.008150050583435596,
            -0.04674309155389802,
            0.00096323289124417,
            0.07006831038772281,
            0.12010978377055774,
            -0.006730889049067431,
            -0.28943274436158956,
            -0.046058758638743244,
            0.05021251810794624,
            0.054568608892471525,
            0.004336876631384441,
            0.039518939845607365,
            -0.004059472555658063
        ],
        [
            0.1788469102823596,
            0.13383132237477088,
            -0.0005735860538259401,
            0.02562657988071337,
            0.0035349965731892863,
            0.16097308021669685,
            0.11532002889375557,
            0.0014969714799131077,
            -0.02982021974801137,
            -0.0037525573897250137,
            0.11253726618832798,
            0.06901446827636286,
            -0.0020028197288748874,
            -0.05529720211926134,
            -0.008111870498272746,
            0.035657035374038804,
            0.02261532061907212,
            -0.0033819482139438384,
            -0.04778367189919415,
            0.0020027525241978253
        ],
        [
            0.006074240748156878,
            0.0036496966170869306,
            0.00016510608795057804,
            -0.009691246051543883,
            -0.0015058274071923989,
            -0.008150050583435596,
            0.0014969714799131077,
            0.0005503129017975249,
            0.006427489780708264,
            0.0005883600123518596,
            0.01175240998413202,
            0.0015168066435165223,
            -2.724635521045419e-05,
            0.007190781398553569,
            0.0016918739786073056,
            0.0003594816563959276,
            0.00020844864553549295,
            -0.0007888827837839402,
            -0.00985850465866943,
            0.0005289771053351072
        ],
        [
            -0.21544657229725983,
            -0.12978689767074555,
            0.0007599373381511066,
            0.009825271946717052,
            0.0005547944113917636,
            -0.04674309155389802,
            -0.02982021974801137,
            0.006427489780708264,
            0.3133656715083703,
            0.041061041756327,
            0.2927657546827305,
            0.04468651221424714,
            -0.007184823183403446,
            0.0024095723353413363,
            0.02573699636333113,
            -0.03466605793987419,
            0.015621361796511642,
            -0.018410368227013925,
            -0.23805870760289302,
            0.011032375658071136
        ],
        [
            -0.033183166078486905,
            -0.01966352159361273,
            -9.151652310293006e-06,
            0.008397685878753853,
            0.0011556057165578951,
            0.00096323289124417,
            -0.0037525573897250137,
            0.0005883600123518596,
            0.041061041756327,
            0.005554979001065107,
            0.03650817887585416,
            0.00664488002356974,
            -0.0010411995318734457,
            -0.005062109131338845,
            0.002488112576165195,
            -0.004320701949787871,
            0.0027905890794268358,
            -0.0021934145762392836,
            -0.028641194581845657,
            0.001279416304000228
        ],
        [
            0.048624071800297416,
            0.051457945855563805,
            0.0013421461410474767,
            -0.038630879057711925,
            -0.00744081805281756,
            0.07006831038772281,
            0.11253726618832798,
            0.01175240998413202,
            0.2927657546827305,
            0.03650817887585416,
            0.4828746717072444,
            0.1487234999178187,
            -0.006080059373758452,
            0.032057711834472515,
            0.02530630256021444,
            0.0770974839600698,
            0.08368131390040172,
            -0.024528749451466304,
            -0.3174473965849463,
            0.015594453759693464
        ],
        [
            0.032350235708910914,
            0.02127842667710632,
