{
    "opt_E": -2.2083746330246443,
    "HF_E": -2.1763703522039384,
    "B3LYP_E": -2.178982494621607,
    "sto-3G_E": -2.1641273503747165,
    "proj": [
        [
            0.5546890186608846,
            0.33336770689840695,
            -0.009229923961322108,
            -0.1676220133153829,
            0.05066759655085367,
            0.032431611089150464,
            0.1747919748334895,
            -0.02527540961294509,
            -0.24324099160908813,
            0.09303164429818328,
            0.04051532032455127,
            0.02714072290460605,
            0.0014478506043642777,
            0.037219873304228816,
            0.0015657503334956747,
            -0.0022382853994693816,
            -0.028635164743385563,
            -0.008304907647369806,
            -0.019531841079206743,
            -0.004262193375795064
        ],
        [
            0.33336770689840695,
            0.21795678927542503,
            -0.001206125237373559,
            -0.04599394769462726,
            0.0121804862798054,
            0.1156312179677249,
            0.13505249400398428,
            -0.011678478254353922,
            -0.14090005467985767,
            0.04547111336557443,
            0.018313792485605503,
            0.02334079513519295,
            0.005315205281745209,
            -0.031879586926190695,
            0.0005577323934910488,
            -0.02055229587529701,
            -0.03137420000409808,
            -0.0026003182756979353,
            -0.00680927495938399,
            -0.0009080382235929254
        ],
        [
            -0.009229923961322108,
            -0.001206125237373559,
            0.001362805687353596,
            0.017645942023187405,
            -0.005816637267877112,
            0.02507550040256004,
            0.004764598640836049,
            0.0015337486743513418,
            0.0035569231887126415,
            -0.004317302871533526,
            -0.005456491589454338,
            0.0026345263296791072,
            0.002398097088029889,
            -0.012379722862678315,
            0.0007205957769414303,
            0.003964702172960028,
            0.0018694624816079652,
            0.001688182021711468,
            0.00492634205330913,
            0.0011790288060883223
        ],
        [
            -0.1676220133153829,
            -0.04599394769462726,
            0.017645942023187405,
            0.23422169854982974,
            -0.07668907181601017,
            0.30849245717805057,
            0.04432548114873302,
            0.020730279323074138,
            0.07448792133293572,
            -0.06241274977195308,
            -0.05820791870631087,
            0.029461822796705256,
            0.026180338635142745,
            -0.16357119447956228,
            0.006438238311132587,
            0.027032264954628574,
            0.014303998189573727,
            0.018792005252378063,
            0.052511765880827094,
            0.012895658412737978
        ],
        [
            0.05066759655085367,
            0.0121804862798054,
            -0.005816637267877112,
            -0.07668907181601017,
            0.025177610578196598,
            -0.10299420906998807,
            -0.015640455148162084,
            -0.006885150509352297,
            -0.020826182176528728,
            0.020020026965809883,
            0.023067010820960795,
            -0.00835519916263912,
            -0.009021875297449689,
            0.054478611998005945,
            -0.002344357046761422,
            -0.008943084491674736,
            -0.0036265416882630347,
            -0.006695341126457488,
            -0.019044936179622017,
            -0.004619613604335266
        ],
        [
            0.032431611089150464,
            0.1156312179677249,
            0.02507550040256004,
            0.30849245717805057,
            -0.10299420906998807,
            0.5621712612817834,
            0.19371229347086455,
            0.017723971527346925,
            0.018570270345436686,
            -0.05324679637488083,
            -0.007096306007545216,
            0.09398449960727617,
            0.04026139259025294,
            -0.263921342252649,
            0.007916014607585247,
            0.03318528929369605,
            0.014742842706058969,
            0.0183285282954612,
            0.047327647635841276,
            0.013171052100672802
        ],
        [
            0.1747919748334895,
            0.13505249400398428,
            0.004764598640836049,
            0.04432548114873302,
            -0.015640455148162084,
            0.19371229347086455,
            0.13471811962904104,
            -0.007440099651250552,
            -0.020808659541628107,
            0.012916539713822403,
            0.11719271149572445,
            0.08562848379529603,
            0.006552708076779305,
            -0.06352683156869558,
            -0.0013956138983677413,
            0.01739538495629132,
            0.02340748352842081,
            -0.009765694204762136,
            -0.035108908935966555,
            -0.006371171827384414
        ],
        [
            -0.02527540961294509,
            -0.011678478254353922,
            0.0015337486743513418,
            0.020730279323074138,
            -0.006885150509352297,
            0.017723971527346925,
            -0.007440099651250552,
            0.0035587340521447616,
            -0.00177872147650639,
            -0.007047625540509102,
            -0.03471572631388882,
            -0.01070760830249651,
            0.0040560834186935055,
            -0.012617835473999299,
            0.0019677104083379066,
            0.004533100327972426,
            -0.0027991268092265897,
            0.005358959380742668,
            0.017279384362486223,
            0.0037362163755121068
        ],
        [
            -0.24324099160908813,
            -0.14090005467985767,
            0.0035569231887126415,
            0.07448792133293572,
            -0.020826182176528728,
            0.018570270345436686,
            -0.020808659541628107,
            -0.00177872147650639,
            0.22224244375603597,
            -0.03820751985978198,
            0.24146401718908647,
            0.08517468204773943,
            -0.023848016042346567,
            -0.028312538741769647,
            -0.016909605097263924,
            -0.0561686296988826,
            0.02960235019056015,
            -0.0317110944709366,
            -0.11313340111793002,
            -0.023328829612964303
        ],
        [
            0.09303164429818328,
            0.04547111336557443,
            -0.004317302871533526,
            -0.06241274977195308,
            0.020020026965809883,
            -0.05324679637488083,
            0.012916539713822403,
            -0.007047625540509102,
            -0.03820751985978198,
            0.022181994600470146,
            0.02271445607975451,
            0.0024611402039120614,
            -0.004514331379361311,
            0.037042255666702786,
            -0.0008742662122198112,
            0.001013618368140611,
            -0.0002655370956038998,
            -0.004993465370109609,
            -0.013752756861597335,
            -0.0032655741604630155
        ],
        [
            0.04051532032455127,
            0.018313792485605503,
            -0.005456491589454338,
            -0.05820791870631087,
            0.023067010820960795,
            -0.007096306007545216,
            0.11719271149572445,
            -0.03471572631388882,
            0.24146401718908647,
            0.02271445607975451,
            0.6088682104976006,
            0.2380872960433398,
            -0.050695352484929304,
            0.04362897280806117,
            -0.03230186067735812,
            -0.05321398853071553,
            0.0901169707040717,
            -0.08113284283119424,
            -0.27452166888127005,
            -0.05753570107348879
        ],
        [
            0.02714072290460605,
            0.02334079513519295,
            0.0026345263296791072,
