{
    "opt_E": -2.190322138360797,
    "HF_E": -2.1598861496912547,
    "B3LYP_E": -2.1617227534148475,
    "sto-3G_E": -2.1392365880010664,
    "proj": [
        [
            0.546229016276075,
            0.3349218045177252,
            -0.05732964172178789,
            -0.1678111798301988,
            0.04605006186762629,
            0.04280217085668338,
            0.17291742252262277,
            -0.10784044566666263,
            -0.22401736410750797,
            0.06713384745010066,
            0.0311943593341275,
            0.036839877275832524,
            -0.004636757743785305,
            0.02406012181657243,
            0.0015128355410396555,
            -0.003535917259438948,
            -0.029612134623055376,
            -0.009959246913716788,
            -0.011941379247914382,
            -0.002347919797408505
        ],
        [
            0.3349218045177252,
            0.21981245241278552,
            -0.01578629606049209,
            -0.05459000490163483,
            0.014533978145593526,
            0.11082065616133498,
            0.13176644998599069,
            -0.05342971851789388,
            -0.13314936176229805,
            0.03632767294001559,
            0.02151420591893611,
            0.028929703407519814,
            0.005784731252441533,
            -0.0348903092235718,
            0.006802131371237908,
            -0.025147572156959522,
            -0.03111712225170985,
            -0.004496898726012771,
            -0.01082223572704656,
            -0.0003677439600379109
        ],
        [
            -0.05732964172178789,
            -0.01578629606049209,
            0.035482528083886244,
            0.08935796320826683,
            -0.02544285164515157,
            0.11919936776224327,
            0.017996172005357844,
            0.03427304089268698,
            0.016273400795351563,
            -0.011820118236704298,
            -0.024210371734166194,
            0.007793008653994893,
            0.024926918281180148,
            -0.06243735385165047,
            0.011618293450843746,
            0.006037929370395511,
            0.004577438578870625,
            0.014257701372470745,
            0.01917396375422659,
            0.0037339983762719148
        ],
        [
            -0.1678111798301988,
            -0.05459000490163483,
            0.08935796320826683,
            0.22806498037107353,
            -0.0645484039807971,
            0.29405978813330114,
            0.04121285226627027,
            0.08491037041149674,
            0.06577351311283491,
            -0.0345603925548924,
            -0.029203116704710253,
            0.027744036630244242,
            0.056009505782790715,
            -0.15597286880095504,
            0.02647176401126013,
            0.009946317816332954,
            0.01506185859595129,
            0.027191520739116102,
            0.030752561709188008,
            0.007780828490547105
        ],
        [
            0.04605006186762629,
            0.014533978145593526,
            -0.02544285164515157,
            -0.0645484039807971,
            0.018324342741925785,
            -0.08362379742868398,
            -0.011428150921291087,
            -0.02465632654692419,
            -0.01557149548145586,
            0.009281241124828575,
            0.013568979187626534,
            -0.006186905498993895,
            -0.016815154376317344,
            0.04441387707782308,
            -0.007886878557914518,
            -0.0032408451542445976,
            -0.0035318251504885437,
            -0.009078154846985926,
            -0.011463589970796327,
            -0.0024593603375098138
        ],
        [
            0.04280217085668338,
            0.11082065616133498,
            0.11919936776224327,
            0.29405978813330114,
            -0.08362379742868398,
            0.5429000478318615,
            0.18735884143866446,
            0.07415297744005532,
            0.0005654395019777499,
            -0.022323315155614875,
            0.020592075835142,
            0.09157890543694128,
            0.08821199410374994,
            -0.253986773542572,
            0.044196130586997666,
            0.019785222582785478,
            0.02005429387671698,
            0.029075552774317715,
            0.021953715663521278,
            0.00987204002611
        ],
        [
            0.17291742252262277,
            0.13176644998599069,
            0.017996172005357844,
            0.04121285226627027,
            -0.011428150921291087,
            0.18735884143866446,
            0.12517820636105914,
            -0.02071329268114857,
            -0.02854494311887298,
            0.00782816560117725,
            0.10079658587085445,
            0.07943377055008126,
            0.020108362213862908,
            -0.057974254959304514,
            0.010419339547136372,
            0.03632677506827954,
            0.03194752017056581,
            -0.010904138533462473,
            -0.02968020321098678,
            -0.0008152604763488597
        ],
        [
            -0.10784044566666263,
            -0.05342971851789388,
            0.03427304089268698,
            0.08491037041149674,
            -0.02465632654692419,
            0.07415297744005532,
            -0.02071329268114857,
            0.04851653680180535,
            0.005569354281924036,
            -0.011795339086739092,
            -0.09416088628714786,
            -0.024018084360113517,
            0.030186610145840745,
            -0.0471078366528915,
            0.01264936571127513,
            0.011337582243919375,
            -0.0016418032338556307,
            0.03002304669801439,
            0.0527415086304226,
            0.006354011108778959
        ],
        [
            -0.22401736410750797,
            -0.13314936176229805,
            0.016273400795351563,
            0.06577351311283491,
            -0.01557149548145586,
            0.0005654395019777499,
            -0.02854494311887298,
            0.005569354281924036,
            0.21056638968220392,
            -0.04482691580066501,
            0.24469291332580914,
            0.06968969614728807,
            -0.0424487926391051,
            -0.01456880245662272,
            -0.017256966440381022,
            -0.033361899098189235,
            0.034950001279962985,
            -0.06308475498168903,
            -0.1309259771252995,
            -0.011293999671469433
        ],
        [
            0.06713384745010066,
            0.03632767294001559,
            -0.011820118236704298,
            -0.0345603925548924,
            0.009281241124828575,
            -0.022323315155614875,
            0.00782816560117725,
            -0.011795339086739092,
            -0.04482691580066501,
            0.0120179521374643,
            -0.03176342286257368,
            -0.00902552053461205,
            0.0027466641569978286,
            0.018113083963313,
            0.0006688639370632339,
            0.01047595187398362,
            -0.003276428864329465,
            0.007321541706668114,
            0.01779825285739484,
            0.0010409539465850983
        ],
        [
            0.0311943593341275,
            0.02151420591893611,
            -0.024210371734166194,
            -0.029203116704710253,
            0.013568979187626534,
            0.020592075835142,
            0.10079658587085445,
            -0.09416088628714786,
            0.24469291332580914,
            -0.03176342286257368,
            0.5711652006795582,
            0.20780608177640564,
            -0.08654796816588176,
            0.02907378205614768,
            -0.03544342524465135,
            -0.001984870299055829,
            0.09564295710856764,
            -0.1412327275685794,
            -0.2810429810075283,
            -0.026151367505330692
        ],
        [
            0.036839877275832524,
            0.028929703407519814,
            0.007793008653994893,
            0.027744036630244242,
            -0.006186905498993895,
