{
    "opt_E": -2.1693452949673295,
    "HF_E": -2.1389178853635284,
    "B3LYP_E": -2.1406394412530894,
    "sto-3G_E": -2.1224988672841905,
    "proj": [
        [
            0.5418250562467531,
            0.34797331803289816,
            0.020055622966474538,
            -0.18197798587954672,
            0.0026146810934600017,
            0.03966535582171448,
            0.17725219640072626,
            0.03631323962254561,
            -0.22486377933993879,
            0.014391036717704931,
            0.05191442846563965,
            0.029969904381159908,
            -0.0029251409406308784,
            0.049077394637855834,
            -0.0002021871394027626,
            0.000272420913206422,
            -0.03701364454441566,
            0.006820718262479938,
            -0.03297782991985672,
            0.006662877598730742
        ],
        [
            0.34797331803289816,
            0.23490328343025763,
            0.007708552701039101,
            -0.0749449789967217,
            0.0005043176263057677,
            0.09131122994347664,
            0.13336273875904006,
            0.020898970535571094,
            -0.13985153710330872,
            0.007657361523525249,
            0.04107123548409576,
            0.0228489124892143,
            0.00041456083748819497,
            -0.023834478453508775,
            -0.00138894492592032,
            -0.03380313580648547,
            -0.04296437266627852,
            0.005492529398187594,
            -0.031004934850403596,
            0.005049125060234981
        ],
        [
            0.020055622966474538,
            0.007708552701039101,
            0.004181470107454115,
            -0.03410202483875937,
            0.0009160391058158419,
            -0.03977936105393213,
            -0.004799031140175551,
            0.002804019032376277,
            -0.0025653934666030366,
            0.00217952138140133,
            0.006128333032223335,
            -0.00626625908986454,
            0.0010131060468635562,
            0.025918765781610287,
            0.003579042772863707,
            -0.004280103734910153,
            -0.004695188983914942,
            0.0018590167263450846,
            -0.010216782020406335,
            0.0018117840751565876
        ],
        [
            -0.18197798587954672,
            -0.0749449789967217,
            -0.03410202483875937,
            0.2790473193152054,
            -0.007386749365084304,
            0.3159129860375127,
            0.03165149162031111,
            -0.02385020847670868,
            0.03316281723026323,
            -0.01768334007294126,
            -0.04672599732078429,
            0.04756782890409022,
            -0.007090667777869276,
            -0.21210886885500604,
            -0.027565422289202914,
            0.0260044296225059,
            0.03424954295472957,
            -0.014233552318878257,
            0.07715538120584987,
            -0.013942687268052117
        ],
        [
            0.0026146810934600017,
            0.0005043176263057677,
            0.0009160391058158419,
            -0.007386749365084304,
            0.00020946454997306622,
            -0.009678708801207461,
            -0.0019478275687528502,
            0.000514023950817579,
            0.0001650573492392802,
            0.00044291224727886167,
            0.0008694393368735001,
            -0.001994788191320243,
            0.00031180382950108076,
            0.005573621706170228,
            0.0009031307037741936,
            -0.0019148923780903113,
            -0.0015916718532451343,
            0.0004240112859372347,
            -0.0023887603502583633,
            0.00040998921588384117
        ],
        [
            0.03966535582171448,
            0.09131122994347664,
            -0.03977936105393213,
            0.3159129860375127,
            -0.009678708801207461,
            0.5151922878017501,
            0.16949625198013551,
            -0.014376212385105403,
            -0.02871673787302593,
            -0.013472292257650542,
            0.04702437088644645,
            0.11758270365469217,
            -0.00905520217629773,
            -0.2915649438031998,
            -0.03675714548063947,
            0.04355624979154177,
            0.04367763503432368,
            -0.008955114467462666,
            0.044586121138518724,
            -0.009275310492229044
        ],
        [
            0.17725219640072626,
            0.13336273875904006,
            -0.004799031140175551,
            0.03165149162031111,
            -0.0019478275687528502,
            0.16949625198013551,
            0.12023417422431314,
            0.00783250903954457,
            -0.027702642357096147,
            0.005460946463174721,
            0.11543088713265802,
            0.07442256881398443,
            -0.0014047340573688461,
            -0.058291257468525544,
            -0.0065945595241307655,
            0.031859499917000815,
            0.024057676023358125,
            0.0072747791667820624,
            -0.0442858482254026,
            0.006590130405882398
        ],
        [
            0.03631323962254561,
            0.020898970535571094,
            0.002804019032376277,
            -0.02385020847670868,
            0.000514023950817579,
            -0.014376212385105403,
            0.00783250903954457,
            0.0031047934581456757,
            -0.011198106028361568,
            0.0018328755772078758,
            0.00852506476215703,
            0.0011617855515596237,
            5.624652585585198e-05,
            0.015434361183337155,
            0.001354222568588624,
            0.002505731600176553,
            -0.0007253545221524994,
            0.0012405139219006053,
            -0.0064874113599077176,
            0.0012174651283816944
        ],
        [
            -0.22486377933993879,
            -0.13985153710330872,
            -0.0025653934666030366,
            0.03316281723026323,
            0.0001650573492392802,
            -0.02871673787302593,
            -0.027702642357096147,
            -0.011198106028361568,
            0.28680625171296065,
            0.01359365983195486,
            0.286194580349877,
            0.05793996151550652,
            0.018942039752557333,
            -0.0054005292170705285,
            0.027252724007562394,
            -0.045342816997791864,
            0.022580028120683496,
            0.03202237355028939,
            -0.20142060966768743,
            0.029343190528605814
        ],
        [
            0.014391036717704931,
            0.007657361523525249,
            0.00217952138140133,
            -0.01768334007294126,
            0.00044291224727886167,
            -0.013472292257650542,
            0.005460946463174721,
            0.0018328755772078758,
            0.01359365983195486,
            0.0027449328621356405,
            0.031775100701945364,
            0.006407149814645024,
            0.0015747784915766338,
            0.012555139453512068,
            0.0033400737426564353,
            -0.0010959063463582496,
            0.0015450169802275332,
            0.0037483381004774136,
            -0.022419764820929538,
            0.003504617640260114
        ],
        [
            0.05191442846563965,
            0.04107123548409576,
            0.006128333032223335,
            -0.04672599732078429,
            0.0008694393368735001,
            0.04702437088644645,
            0.11543088713265802,
            0.00852506476215703,
            0.286194580349877,
            0.031775100701945364,
            0.5231530618648156,
            0.1668354711352718,
            0.01905487223001637,
            0.041121786000919466,
            0.031659174652414995,
            0.038233250773890615,
            0.08371017732966442,
            0.05181788130424195,
            -0.31621070019505965,
            0.04797035859636507
        ],
        [
            0.029969904381159908,
            0.0228489124892143,
            -0.00626625908986454,
