{
    "opt_E": -2.1923817649284736,
    "HF_E": -2.1611291102463426,
    "B3LYP_E": -2.1633347225049935,
    "sto-3G_E": -2.1473569936419237,
    "proj": [
        [
            0.5231988558922456,
            0.3290634058007272,
            0.014977293258398312,
            -0.16563860161047897,
            0.05019763183895044,
            0.06867652567602192,
            0.1843061809631832,
            0.01800050884384472,
            -0.2432534491933374,
            0.09222115488229114,
            0.03759273527297021,
            0.03177934235980238,
            0.005123476199994675,
            0.023308064808754254,
            0.0019294049094685428,
            -0.0005027579021980167,
            -0.03111328655796705,
            -0.007219261348256906,
            -0.017111343793042022,
            -0.001732722793734468
        ],
        [
            0.3290634058007272,
            0.21545743037313542,
            0.006358854519264369,
            -0.06580446601393818,
            0.018494966785673295,
            0.10428903992169546,
            0.13337171505777626,
            0.009981872838633953,
            -0.14247254224877634,
            0.050693931909104914,
            0.03272828770938993,
            0.025438250828967703,
            0.004524769317418438,
            -0.025761567017272623,
            -0.0008887278471612648,
            -0.024826722951816062,
            -0.033158006779754085,
            -0.0054376397634671855,
            -0.016033680475192148,
            -0.0015115777387577
        ],
        [
            0.014977293258398312,
            0.006358854519264369,
            0.001773581750049263,
            -0.021996288929184066,
            0.007396471425466173,
            -0.02433252549584067,
            -0.001092481131260283,
            0.0005119982406414319,
            -0.007142022895774129,
            0.005954358300646053,
            0.004883087474877718,
            -0.0014001757278469503,
            -0.0026295447199448487,
            0.015206592475524992,
            0.0001282795105217544,
            -0.0002588657767300466,
            -0.0004741209143131397,
            -0.0017629606815748567,
            -0.004386172065931922,
            -0.0007295069603062677
        ],
        [
            -0.16563860161047897,
            -0.06580446601393818,
            -0.021996288929184066,
            0.2750422864857069,
            -0.09272683303243205,
            0.3179023345721063,
            0.025732958968421836,
            -0.005807781210574709,
            0.08003457943311376,
            -0.07145822758879264,
            -0.055382647610658094,
            0.029343710739147807,
            0.03710605916391136,
            -0.18566702681257452,
            -0.00032808675520303916,
            0.029237069395107885,
            0.022236883186513613,
            0.023307260814731258,
            0.05924553323546766,
            0.00979177114889414
        ],
        [
            0.05019763183895044,
            0.018494966785673295,
            0.007396471425466173,
            -0.09272683303243205,
            0.031391419439047184,
            -0.10991849271194058,
            -0.010099658468982557,
            0.0013983575137798312,
            -0.021721767995959634,
            0.023561400376830636,
            0.02420123057658469,
            -0.008341214988737243,
            -0.013432526613096454,
            0.06384010256038035,
            -0.0001194785082854252,
            -0.010515102940993941,
            -0.006443405808688777,
            -0.008815466320247408,
            -0.022872741783858584,
            -0.0037295700920369434
        ],
        [
            0.06867652567602192,
            0.10428903992169546,
            -0.02433252549584067,
            0.3179023345721063,
            -0.10991849271194058,
            0.5369683400753341,
            0.16878603383939214,
            -0.0027209104903542754,
            0.008487642203138602,
            -0.05079351574243887,
            0.012784941369323262,
            0.09189161089164652,
            0.051540181488892604,
            -0.2703146798122027,
            -0.002408087269071494,
            0.0322732836479442,
            0.021612144198088188,
            0.01917848249297094,
            0.043176837207988324,
            0.008720119757277888
        ],
        [
            0.1843061809631832,
            0.13337171505777626,
            -0.001092481131260283,
            0.025732958968421836,
            -0.010099658468982557,
            0.16878603383939214,
            0.12541022221779113,
            -0.0019034370433908762,
            -0.02523090763674024,
            0.01964904408651349,
            0.12419635967333081,
            0.08154980608472662,
            0.006126002664585912,
            -0.05132710944311868,
            -0.0029502033130538747,
            0.019074071163252007,
            0.02396814542633129,
            -0.013122010824974734,
            -0.041876097332445614,
            -0.0050403036632588934
        ],
        [
            0.01800050884384472,
            0.009981872838633953,
            0.0005119982406414319,
            -0.005807781210574709,
            0.0013983575137798312,
            -0.0027209104903542754,
            -0.0019034370433908762,
            0.0031056836560008705,
            -0.026484925603030333,
            0.0024050302715884824,
            -0.036106122699901114,
            -0.012635926786346546,
            0.004403235383893218,
            0.0018289656388893794,
            0.0016667741571083602,
            0.0067819259516706245,
            -0.004024330450943977,
            0.0058193250043560695,
            0.01807575978093293,
            0.002560208087087448
        ],
        [
            -0.2432534491933374,
            -0.14247254224877634,
            -0.007142022895774129,
            0.08003457943311376,
            -0.021721767995959634,
            0.008487642203138602,
            -0.02523090763674024,
            -0.026484925603030333,
            0.2452331054892248,
            -0.03784758318977533,
            0.25350755220714977,
            0.08288177405067924,
            -0.03378945950422126,
            -0.023048875109878582,
            -0.01297085514785982,
            -0.05731193409472311,
            0.030570067039499455,
            -0.041053978810425294,
            -0.12896836264150988,
            -0.018387851686483762
        ],
        [
            0.09222115488229114,
            0.050693931909104914,
            0.005954358300646053,
            -0.07145822758879264,
            0.023561400376830636,
            -0.05079351574243887,
            0.01964904408651349,
            0.0024050302715884824,
            -0.03784758318977533,
            0.024694537184231848,
            0.027984826332171923,
            0.005701342268912812,
            -0.006627176410666412,
            0.04110329530946273,
            0.00026643908633877623,
            0.0019405051531460006,
            -0.0004193416733968316,
            -0.0067066287616004685,
            -0.0174303553273775,
            -0.002659699811871511
        ],
        [
            0.03759273527297021,
            0.03272828770938993,
            0.004883087474877718,
            -0.055382647610658094,
            0.02420123057658469,
            0.012784941369323262,
            0.12419635967333081,
            -0.036106122699901114,
            0.25350755220714977,
            0.027984826332171923,
            0.5836260772585536,
            0.2250633699788928,
            -0.06237450296756339,
            0.04806669736076655,
            -0.020365611903217486,
            -0.03577661547550601,
            0.08809501553633604,
            -0.0924859089832314,
            -0.28011708776962047,
            -0.03968982113898124
        ],
        [
            0.03177934235980238,
            0.025438250828967703,
            -0.0014001757278469503,
