{
    "opt_E": -2.172462401483894,
    "HF_E": -2.1400388941174344,
    "B3LYP_E": -2.142847653497912,
    "sto-3G_E": -2.1154119083842304,
    "proj": [
        [
            0.5639508378210425,
            0.3692178031343958,
            -0.023399378722839776,
            -0.1683102855507427,
            -0.03582904823942305,
            0.008485809484895563,
            0.16710069363997485,
            -0.025231340449108554,
            -0.19308147138268134,
            -0.07506371569132088,
            0.03829216831349392,
            0.028970303651693948,
            0.0042851292852138095,
            0.061927445760780964,
            -0.0023715701246761122,
            0.0014187719744125004,
            -0.03585058100774654,
            0.002026848693263703,
            -0.019745869047278847,
            -0.006063384059806157
        ],
        [
            0.3692178031343958,
            0.2551861721827226,
            -0.009652049855470392,
            -0.06870728576157503,
            -0.012722861025752999,
            0.08123179294540155,
            0.1332630880466028,
            -0.016625384466650524,
            -0.13069139357032136,
            -0.04220286341937139,
            0.03126780479396955,
            0.023863113930213713,
            -0.0031702723297838413,
            -0.017072013935518274,
            0.0026953655565485125,
            -0.032580719795825955,
            -0.04513684859391822,
            0.000996157585599989,
            -0.017317609542488167,
            -0.004204221683773693
        ],
        [
            -0.023399378722839776,
            -0.009652049855470392,
            0.0040020346587079265,
            0.02907403357164013,
            0.007292717058283098,
            0.03870662643493067,
            0.004826895831145186,
            0.00011260262321551792,
            -8.514499863231643e-05,
            0.007360073704192546,
            -0.005042404519062636,
            0.004525383790260663,
            -0.004411669370578165,
            -0.02664930916250796,
            0.00485007727881026,
            0.0027340160615320483,
            0.0025195361170140046,
            -0.0006887172405067056,
            0.007375920386847367,
            0.0018362006523023986
        ],
        [
            -0.1683102855507427,
            -0.06870728576157503,
            0.02907403357164013,
            0.21142341621143468,
            0.05300140706099012,
            0.28427487154866393,
            0.03831386186701034,
            0.0015669988362278975,
            0.004365515579184677,
            0.0524411978783681,
            -0.026363828325332093,
            0.03721887918174046,
            -0.031676002526672326,
            -0.19309681227898412,
            0.0347842316698428,
            0.020628907125296,
            0.020387837531487447,
            -0.004703722751567479,
            0.04872692911460638,
            0.012274963540991888
        ],
        [
            -0.03582904823942305,
            -0.012722861025752999,
            0.007292717058283098,
            0.05300140706099012,
            0.013402948103129128,
            0.07418653399675797,
            0.011856611764660862,
            -0.0002480984123909878,
            -0.0036469758247693156,
            0.012934280216663225,
            -0.009481467466665339,
            0.009426606216947261,
            -0.008460840171710175,
            -0.049505518235177556,
            0.00944644517843587,
            0.00693921766253616,
            0.005296944349340936,
            -0.0013180324510941748,
            0.01447767673001274,
            0.0035465983868929077
        ],
        [
            0.008485809484895563,
            0.08123179294540155,
            0.03870662643493067,
            0.28427487154866393,
            0.07418653399675797,
            0.5268740517996185,
            0.18073112727081408,
            -0.003060829456702769,
            -0.043724757027742915,
            0.04378554011720403,
            0.06748168688237798,
            0.1163671833082832,
            -0.04915030573451869,
            -0.30330287440742865,
            0.054168973948618894,
            0.033551304309507174,
            0.02967452199881098,
            -0.004305776750891729,
            0.0276292853178046,
            0.008064748631605648
        ],
        [
            0.16710069363997485,
            0.1332630880466028,
            0.004826895831145186,
            0.03831386186701034,
            0.011856611764660862,
            0.18073112727081408,
            0.1259996507373688,
            -0.0007118221375939035,
            -0.0179923180952332,
            -0.016960136229587187,
            0.12468033719882804,
            0.08342949715175338,
            -0.009671480786155736,
            -0.06230108382804773,
            0.011444304414782714,
            0.02551127401115027,
            0.023939300948399318,
            0.0020041403408135815,
            -0.04022004299379699,
            -0.008798494143517027
        ],
        [
            -0.025231340449108554,
            -0.016625384466650524,
            0.00011260262321551792,
            0.0015669988362278975,
            -0.0002480984123909878,
            -0.003060829456702769,
            -0.0007118221375939035,
            0.005285151949083526,
            0.03732443436761604,
            -0.0018340370375717148,
            0.0438381848752732,
            0.011346825108960743,
            0.003550256077350468,
            0.004042821569285153,
            -0.005037937752610007,
            -0.010666311135564816,
            0.002227245614084094,
            0.0015679797980693723,
            -0.026052464289913136,
            -0.0055250595939239115
        ],
        [
            -0.19308147138268134,
            -0.13069139357032136,
            -8.514499863231643e-05,
            0.004365515579184677,
            -0.0036469758247693156,
            -0.043724757027742915,
            -0.0179923180952332,
            0.03732443436761604,
            0.2650818304783247,
            -0.012010433338719668,
            0.29802649342831944,
            0.07370603089477926,
            0.02623695320215558,
            0.040415285521162594,
            -0.036437710154198354,
            -0.06992236840242731,
            0.018652118484062973,
            0.010869044149047902,
            -0.17873884947099683,
            -0.037984870754156276
        ],
        [
            -0.07506371569132088,
            -0.04220286341937139,
            0.007360073704192546,
            0.0524411978783681,
            0.012934280216663225,
            0.04378554011720403,
            -0.016960136229587187,
            -0.0018340370375717148,
            -0.012010433338719668,
            0.020032071880141906,
            -0.056461954597252687,
            -0.013876515996797399,
            -0.00867509948106626,
            -0.04505873391235278,
            0.009742458734546551,
            0.0031248139633002197,
            -0.0019254827947860354,
            -0.0025422383513116057,
            0.035001491328605416,
            0.008071785859406537
        ],
        [
            0.03829216831349392,
            0.03126780479396955,
            -0.005042404519062636,
            -0.026363828325332093,
            -0.009481467466665339,
            0.06748168688237798,
            0.12468033719882804,
            0.0438381848752732,
            0.29802649342831944,
            -0.056461954597252687,
            0.5359425070606162,
            0.19530387437479363,
            0.030541687597952012,
            0.05998281666831657,
            -0.039075682623968586,
            -0.015981489997916865,
            0.07596713849238085,
            0.017256101072402812,
            -0.2779097208697638,
            -0.06054795927585824
        ],
        [
            0.028970303651693948,
            0.023863113930213713,
            0.004525383790260663,
