{
    "opt_E": -2.189256883231047,
    "HF_E": -2.15759739495814,
    "B3LYP_E": -2.159876531271035,
    "sto-3G_E": -2.141257139840217,
    "proj": [
        [
            0.5736376176511532,
            0.36727218482509616,
            0.025254293935882865,
            -0.17380793849084528,
            -0.003446270189317398,
            -0.008305271367894334,
            0.16627357871195753,
            0.05258525100654343,
            -0.20099318151220796,
            -0.015602872323338369,
            0.04119622394277227,
            0.02452425712737272,
            0.006351453554326514,
            0.05985968260042823,
            -0.0016352091191915291,
            -0.001013689759290257,
            -0.03107532857700887,
            0.00025194278083932534,
            -0.02714202293452554,
            -0.008875195811918235
        ],
        [
            0.36727218482509616,
            0.2531919039772129,
            0.00785807888974753,
            -0.06182320852373088,
            -0.0005915892122345408,
            0.08647420585832631,
            0.1384188737751604,
            0.026450953347755057,
            -0.13249464548434606,
            -0.0074983045390497145,
            0.029986372805790126,
            0.023474710539287538,
            -0.003315381460752003,
            -0.02510530025907099,
            0.0017301882040369765,
            -0.03370120129017534,
            -0.04005016390204947,
            -0.00014629224687749077,
            -0.022293913335477603,
            -0.005751821441140587
        ],
        [
            0.025254293935882865,
            0.00785807888974753,
            0.006048235223819225,
            -0.0361849663186967,
            -0.001153429614189275,
            -0.051331628079422965,
            -0.009176207912982013,
            0.007335054213548322,
            0.0018994119022407478,
            -0.002947507370218314,
            0.01069780678070914,
            -0.006677686910544387,
            0.004406505817551966,
            0.02814413261820137,
            -0.005817016794485837,
            -0.005359075720239954,
            -0.0034498107798125194,
            -0.0004066955579140019,
            -0.012545327206743173,
            -0.0036949192739652126
        ],
        [
            -0.17380793849084528,
            -0.06182320852373088,
            -0.0361849663186967,
            0.2184406086148352,
            0.006834649858613934,
            0.30192918361115223,
            0.04952436394413152,
            -0.043577533682515365,
            0.009894036176322693,
            0.016605867149207414,
            -0.04481763522961594,
            0.04176550972036633,
            -0.0257982798330474,
            -0.1708338948004478,
            0.03110617027228996,
            0.022702395866469837,
            0.01905606216158756,
            0.0018395688290470085,
            0.060469054035218725,
            0.01848317716153932
        ],
        [
            -0.003446270189317398,
            -0.0005915892122345408,
            -0.001153429614189275,
            0.006834649858613934,
            0.00022706518035718335,
            0.010481582089027384,
            0.0024955197359813816,
            -0.001289161854146809,
            -0.0007879150889310726,
            0.0005235682034752984,
            -0.001482338351961041,
            0.001964677337121748,
            -0.0008584846127209084,
            -0.005036741685683948,
            0.0012843760851944642,
            0.0022832387312239667,
            0.0014487643037187391,
            9.074280659360074e-05,
            0.0025363602617249443,
            0.0007279078666779722
        ],
        [
            -0.008305271367894334,
            0.08647420585832631,
            -0.051331628079422965,
            0.30192918361115223,
            0.010481582089027384,
            0.5560256391804821,
            0.19770862493745542,
            -0.0435807403345254,
            -0.04015412451695135,
            0.01605471069706649,
            0.03084849781912897,
            0.11942800845380247,
            -0.042331168565937584,
            -0.2798036197734174,
            0.0477615347267527,
            0.04167979473178057,
            0.032072239393187034,
            0.001707421534664792,
            0.04422942021196165,
            0.015729407126556696
        ],
        [
            0.16627357871195753,
            0.1384188737751604,
            -0.009176207912982013,
            0.04952436394413152,
            0.0024955197359813816,
            0.19770862493745542,
            0.1343707160184037,
            0.007873589865104743,
            -0.026450475525093383,
            -0.004628600698856603,
            0.10978156938705107,
            0.08131262555155548,
            -0.011256347016211123,
            -0.0724577101303288,
            0.010020502846192662,
            0.029293766375728864,
            0.024489240388469398,
            -0.0008310088904926273,
            -0.03761902365467834,
            -0.008888187670635548
        ],
        [
            0.05258525100654343,
            0.026450953347755057,
            0.007335054213548322,
            -0.043577533682515365,
            -0.001289161854146809,
            -0.0435807403345254,
            0.007873589865104743,
            0.01277596908541085,
            0.012974722699947708,
            -0.006047390875773673,
            0.051436926291506944,
            0.009103220985471724,
            0.004994343330078372,
            0.030239730901924437,
            -0.00857337846571247,
            -0.0014869095797456515,
            0.0033422088836629936,
            -0.0010918239282057937,
            -0.034391423696398436,
            -0.009400534054325619
        ],
        [
            -0.20099318151220796,
            -0.13249464548434606,
            0.0018994119022407478,
            0.009894036176322693,
            -0.0007879150889310726,
            -0.04015412451695135,
            -0.026450475525093383,
            0.012974722699947708,
            0.24916864015419476,
            -0.016580115799097062,
            0.2851101803648922,
            0.06240909624094214,
            0.0074944855578794045,
            -0.004727204557329346,
            -0.03937054539140702,
            -0.04979075968176531,
            0.024025708940669525,
            -0.007050143140162116,
            -0.18483771660900847,
            -0.04680693273257976
        ],
        [
            -0.015602872323338369,
            -0.0074983045390497145,
            -0.002947507370218314,
            0.016605867149207414,
            0.0005235682034752984,
            0.01605471069706649,
            -0.004628600698856603,
            -0.006047390875773673,
            -0.016580115799097062,
            0.0033722896452758667,
            -0.036763797051440415,
            -0.008075803551483329,
            -0.002191288391757942,
            -0.010582544351325347,
            0.005283953132542141,
            0.0030563258744971,
            -0.0025543936841168724,
            0.0008084556139381216,
            0.023835505598233307,
            0.006302301088928384
        ],
        [
            0.04119622394277227,
            0.029986372805790126,
            0.01069780678070914,
            -0.04481763522961594,
            -0.001482338351961041,
            0.03084849781912897,
            0.10978156938705107,
            0.051436926291506944,
            0.2851101803648922,
            -0.036763797051440415,
            0.5433073762837216,
            0.1815002297267264,
            0.01052664178018136,
            0.0236940551397602,
            -0.04844537831617955,
            0.02190316253407799,
            0.09238630748001944,
            -0.010455740907308005,
            -0.3062041911257156,
            -0.07916636270828559
        ],
        [
            0.02452425712737272,
            0.023474710539287538,
            -0.006677686910544387,
