{
    "opt_E": -2.195839327136358,
    "HF_E": -2.164973249142837,
    "B3LYP_E": -2.167246556741608,
    "sto-3G_E": -2.1526239948511448,
    "proj": [
        [
            0.5763934067336928,
            0.359987191524025,
            -0.00047665726028686667,
            -0.1771708236004227,
            -0.014265770115285558,
            -0.00813064181778369,
            0.16628443737799783,
            -0.005456070082673496,
            -0.21359142622591248,
            -0.03314981004870168,
            0.04865209557371044,
            0.020881521578136372,
            -0.0001876167705797955,
            0.05859531579703915,
            -0.00533865583227961,
            0.0002909357673544436,
            -0.030961368136549133,
            -0.009544385868534691,
            -0.03405481228946814,
            0.006237264492460411
        ],
        [
            0.359987191524025,
            0.24509975300679238,
            0.0002007162584820532,
            -0.056196830993902165,
            -0.003732078293855307,
            0.0942150929880012,
            0.13878226891279372,
            -0.0025669547814574957,
            -0.13743989268421195,
            -0.014571771745367881,
            0.028375137723989682,
            0.021815838215294175,
            0.0007388286136772723,
            -0.02896467710171076,
            0.004187361393955474,
            -0.03061878375908933,
            -0.03794005714105148,
            -0.005076044622415937,
            -0.021538380991055994,
            0.003555861516651418
        ],
        [
            -0.00047665726028686667,
            0.0002007162584820532,
            2.2441584552616114e-05,
            0.0019650979198680145,
            0.00018577843108059396,
            0.0032949175492165885,
            0.0010645822912860134,
            3.453708439785949e-05,
            -0.00020978680679871,
            0.00023457929363142436,
            -0.0001049719412892762,
            0.001008806935963089,
            0.00031585798086604985,
            -0.0011108435362797973,
            2.4098309077424023e-05,
            0.0014550872338273317,
            0.000958846029430102,
            0.0002042956015941882,
            0.0008459893320361607,
            -0.00017404117582350395
        ],
        [
            -0.1771708236004227,
            -0.056196830993902165,
            0.0019650979198680145,
            0.2263498638765403,
            0.020885646128897775,
            0.3090382039848789,
            0.05364084672452507,
            0.005288206584095087,
            0.0225939125460611,
            0.03171632638000734,
            -0.05511072183309576,
            0.04575884959562645,
            0.019137624688373288,
            -0.16779194267646752,
            0.012774149628526006,
            0.02375438049319086,
            0.021675775118692394,
            0.01826221165456571,
            0.06935841613869131,
            -0.014449347033727956
        ],
        [
            -0.014265770115285558,
            -0.003732078293855307,
            0.00018577843108059396,
            0.020885646128897775,
            0.0019422434187054219,
            0.02935564927088505,
            0.005588437783260687,
            0.0005239307908550969,
            0.00025784665846493785,
            0.002987433624253242,
            -0.006716394984808233,
            0.003981218153638893,
            0.0019679041214367685,
            -0.015659685816615705,
            0.0011238245985478507,
            0.0024133008937889736,
            0.0017771282584839508,
            0.0019316351814712268,
            0.007489748468051625,
            -0.0015504988000748954
        ],
        [
            -0.00813064181778369,
            0.0942150929880012,
            0.0032949175492165885,
            0.3090382039848789,
            0.02935564927088505,
            0.5610709094579391,
            0.20315334231674403,
            0.004288027196563021,
            -0.02708467242967867,
            0.03354801604315301,
            0.015350728782504125,
            0.12161769102253403,
            0.02779295833729135,
            -0.2740010727795353,
            0.023415890220403555,
            0.04185260841775837,
            0.03432759061004916,
            0.016050922024271854,
            0.055053718835920015,
            -0.012625288673717356
        ],
        [
            0.16628443737799783,
            0.13878226891279372,
            0.0010645822912860134,
            0.05364084672452507,
            0.005588437783260687,
            0.20315334231674403,
            0.13670063140099065,
            -0.0023022246399257203,
            -0.02784123453035534,
            -0.003435714530013357,
            0.10524806694679464,
            0.08057364971819612,
            0.005170495965786581,
            -0.0752113505394454,
            0.008373292601105344,
            0.02953475429002469,
            0.02447407324928821,
            -0.007421036576919642,
            -0.03525313215880229,
            0.006108507531736708
        ],
        [
            -0.005456070082673496,
            -0.0025669547814574957,
            3.453708439785949e-05,
            0.005288206584095087,
            0.0005239307908550969,
            0.004288027196563021,
            -0.0023022246399257203,
            0.0004754770322840771,
            -0.006128193301290827,
            0.0015953716123051555,
            -0.015004957956025146,
            -0.0037672938063174457,
            0.0013168664231338805,
            -0.0029903445693863946,
            -0.0002118308644035293,
            7.935203220770232e-05,
            -0.0016867505711531852,
            0.002162224494804424,
            0.009271086451246136,
            -0.0018228200298823598
        ],
        [
            -0.21359142622591248,
            -0.13743989268421195,
            -0.00020978680679871,
            0.0225939125460611,
            0.00025784665846493785,
            -0.02708467242967867,
            -0.02784123453035534,
            -0.006128193301290827,
            0.24471683873303768,
            -0.010334901933435484,
            0.2758392900158124,
            0.062243310158229655,
            -0.028983766014144353,
            -0.01985304754454931,
            0.013770231009547718,
            -0.043534132232043374,
            0.02586811590660746,
            -0.039655167577865615,
            -0.1772558227847063,
            0.03484117994923012
        ],
        [
            -0.03314981004870168,
            -0.014571771745367881,
            0.00023457929363142436,
            0.03171632638000734,
            0.002987433624253242,
            0.03354801604315301,
            -0.003435714530013357,
            0.0015953716123051555,
            -0.010334901933435484,
            0.00657952381673863,
            -0.040497211272768195,
            -0.005938535396149706,
            0.004522963846012,
            -0.020657640194188552,
            0.0005642206878064031,
            0.0014745469946434299,
            -0.0023371142534074183,
            0.006607793824269246,
            0.027556811759487987,
            -0.005474669054542977
        ],
        [
            0.04865209557371044,
            0.028375137723989682,
            -0.0001049719412892762,
            -0.05511072183309576,
            -0.006716394984808233,
            0.015350728782504125,
            0.10524806694679464,
            -0.015004957956025146,
            0.2758392900158124,
            -0.040497211272768195,
            0.5534947248342397,
            0.1785820650310639,
            -0.03850281585739287,
            0.019782567254092744,
            0.01489159268526706,
            0.028297167257403985,
            0.09349409564201316,
            -0.0721890844857163,
            -0.31479640114085966,
            0.061493867121158764
        ],
        [
            0.020881521578136372,
            0.021815838215294175,
