{
    "opt_E": -2.166811460665343,
    "HF_E": -2.136171092800291,
    "B3LYP_E": -2.137961488503544,
    "sto-3G_E": -2.1171703408020823,
    "proj": [
        [
            0.5706630327224724,
            0.37233085322910403,
            -0.009085249312442919,
            -0.1718575448567475,
            -0.038562591288649264,
            -0.009523579848761893,
            0.16761245701451735,
            -0.020571844474507887,
            -0.18632399776713068,
            -0.0732619884521612,
            0.031097158159364667,
            0.027471407248169617,
            -0.0026752870691620855,
            0.057411962653126675,
            -0.00825405473052552,
            -0.0014695198741315565,
            -0.027887688693026342,
            -0.0021207016357942332,
            -0.026470774238072002,
            -0.0013568279510471635
        ],
        [
            0.37233085322910403,
            0.2602071842573326,
            -0.003113310819185584,
            -0.06799440606806678,
            -0.013932193257308243,
            0.07822033752058054,
            0.1401543595036386,
            -0.011087641550226204,
            -0.12171254150333621,
            -0.03993134409641745,
            0.03332866398538075,
            0.025411671513416955,
            0.0007038782894253675,
            -0.028492388072756482,
            0.0026994031596140394,
            -0.037917358260272815,
            -0.03930144416530353,
            -0.002075413703666908,
            -0.034435541598783634,
            -0.0006723587243380483
        ],
        [
            -0.009085249312442919,
            -0.003113310819185584,
            0.0009114768606743056,
            0.013858918528794298,
            0.0036248997080008762,
            0.01997830007026729,
            0.0036627807648893077,
            0.0012665384100238304,
            -0.0027131771530362705,
            0.0038227341818969597,
            -0.0038017683723957705,
            0.0031168662019878967,
            0.0014095654268802221,
            -0.009666883493903246,
            0.0024413998550922235,
            0.0028955218760950965,
            0.001852422241572997,
            0.00041070050467222134,
            0.006286987940379006,
            -1.6064433147237483e-05
        ],
        [
            -0.1718575448567475,
            -0.06799440606806678,
            0.013858918528794298,
            0.21487234996321763,
            0.05535336390473224,
            0.2980176624576103,
            0.047078868338786335,
            0.018886771198226734,
            -0.011938301986711678,
            0.058798393559521676,
            -0.036441472000522994,
            0.04495834470730918,
            0.019392562151270033,
            -0.15854267803927008,
            0.035737322902458915,
            0.02552132129569854,
            0.021018315491131447,
            0.0048595248261104175,
            0.07103173158507611,
            -3.198904520550656e-05
        ],
        [
            -0.038562591288649264,
            -0.013932193257308243,
            0.0036248997080008762,
            0.05535336390473224,
            0.01443452695383551,
            0.07861030716896676,
            0.013535605541607477,
            0.005084690341141945,
            -0.009582657410338464,
            0.015413633093139518,
            -0.015241231680713343,
            0.0115684374454447,
            0.005484164579049295,
            -0.039275610141694874,
            0.00962390582374867,
            0.009619302913442542,
            0.006320100755699196,
            0.0015935124384053169,
            0.024153548270253174,
            -4.170098442106822e-05
        ],
        [
            -0.009523579848761893,
            0.07822033752058054,
            0.01997830007026729,
            0.2980176624576103,
            0.07861030716896676,
            0.5522422442482335,
            0.19459461547990742,
            0.018800164524033183,
            -0.06472987501503902,
            0.05783848724480517,
            0.0443428241146363,
            0.12498454455138241,
            0.03090700994549247,
            -0.26593513175459466,
            0.05853699691095373,
            0.05457301678737773,
            0.03948340269697791,
            0.0037447034767026715,
            0.0516698034335941,
            -0.0009724252014833684
        ],
        [
            0.16761245701451735,
            0.1401543595036386,
            0.0036627807648893077,
            0.047078868338786335,
            0.013535605541607477,
            0.19459461547990742,
            0.13192882010877702,
            -0.003679473428465821,
            -0.03232570127558929,
            -0.011047694355338573,
            0.10233069874827333,
            0.07669309909502604,
            0.007527774823676197,
            -0.07304013962477647,
            0.015516174129347188,
            0.035079908728924865,
            0.02424047509459508,
            -0.002465950505742399,
            -0.038921195388267486,
            -0.0009731732981821545
        ],
        [
            -0.020571844474507887,
            -0.011087641550226204,
            0.0012665384100238304,
            0.018886771198226734,
            0.005084690341141945,
            0.018800164524033183,
            -0.003679473428465821,
            0.002856557924491544,
            -0.01235772125334483,
            0.0079676627233642,
            -0.026730729205365625,
            -0.004282831850859236,
            0.0022150449994021958,
            -0.010982740134738716,
            0.003321685629340994,
            -0.0007795806774970179,
            -0.002364155970746871,
            0.001378061093105234,
            0.02138634267232409,
            6.816730167629304e-05
        ],
        [
            -0.18632399776713068,
            -0.12171254150333621,
            -0.0027131771530362705,
            -0.011938301986711678,
            -0.009582657410338464,
            -0.06472987501503902,
            -0.03232570127558929,
            -0.01235772125334483,
            0.2631087023634961,
            -0.021192538907276688,
            0.2854968824450792,
            0.04363885422263592,
            -0.017278143020165965,
            -0.014319441221544021,
            -0.01706807612710948,
            -0.028580226552658017,
            0.024443051741520654,
            -0.013964801544520409,
            -0.22903337829832926,
            0.00040781896606744897
        ],
        [
            -0.0732619884521612,
            -0.03993134409641745,
            0.0038227341818969597,
            0.058798393559521676,
            0.015413633093139518,
            0.05783848724480517,
            -0.011047694355338573,
            0.0079676627233642,
            -0.021192538907276688,
            0.023109086903815457,
            -0.06174643398280695,
            -0.00893073903185698,
            0.005849895767332235,
            -0.036660174615501945,
            0.009466522942620011,
            -0.003919546219352928,
            -0.005371073758388298,
            0.003283731121024889,
            0.05008595841681935,
            0.00022245989506537232
        ],
        [
            0.031097158159364667,
            0.03332866398538075,
            -0.0038017683723957705,
            -0.036441472000522994,
            -0.015241231680713343,
            0.0443428241146363,
            0.10233069874827333,
            -0.026730729205365625,
            0.2854968824450792,
            -0.06174643398280695,
            0.4976467328294729,
            0.15610748248880368,
            -0.016096790118768113,
            -0.0013410484859329621,
            -0.014787108514162707,
            0.08159037831032848,
            0.10430541525716909,
            -0.02057351141801729,
            -0.3241259250708076,
            -0.0013467929332903468
        ],
        [
            0.027471407248169617,
            0.025411671513416955,
            0.0031168662019878967,
