{
    "opt_E": -2.194171177062275,
    "HF_E": -2.161758284740382,
    "B3LYP_E": -2.1648562281507835,
    "sto-3G_E": -2.144922385073643,
    "proj": [
        [
            0.5953741154706209,
            0.37988251458086464,
            -0.01086353555952686,
            -0.14737759445642512,
            0.057318211673829195,
            -0.03780505825211579,
            0.15886992618474854,
            -0.022367355435295132,
            -0.1643023876586331,
            0.0979300135161518,
            0.031668415753929396,
            0.021108071045712332,
            -0.0014512591107268184,
            0.07121406458082004,
            0.0014169562047657487,
            -0.0019876485622550956,
            -0.026027587556312053,
            0.00027365496839034623,
            -0.022567778241707352,
            -7.59959557154307e-05
        ],
        [
            0.37988251458086464,
            0.2647275412600574,
            -0.0027936638890750714,
            -0.04789704600974586,
            0.01649958105870886,
            0.08203497732006156,
            0.14141757217873493,
            -0.011545748515612573,
            -0.1177840415956524,
            0.05374459028586045,
            0.020763311316702535,
            0.02315523844710578,
            0.0014151906809822996,
            -0.02324421867013308,
            -0.00014788793368583676,
            -0.030743535623856948,
            -0.03854164316663853,
            -5.440927510819928e-05,
            -0.014075408197499011,
            0.0003205199903980853
        ],
        [
            -0.01086353555952686,
            -0.0027936638890750714,
            0.0011168229778753284,
            0.012768519240144873,
            -0.005507451725938831,
            0.02321959906157955,
            0.005000656310691681,
            0.0010496641348407953,
            -0.002563658658185316,
            -0.003577586229759397,
            -0.003994844034795078,
            0.002890744245325752,
            0.0006309163337191614,
            -0.01231018059588694,
            2.920026940772569e-07,
            0.0030171202526209136,
            0.0010061895240924407,
            -4.0215659112817893e-05,
            0.0050309015986241485,
            0.0002778532671518348
        ],
        [
            -0.14737759445642512,
            -0.04789704600974586,
            0.012768519240144873,
            0.14733681050597414,
            -0.06311976631286541,
            0.25891248206825546,
            0.050056301744463,
            0.012375294971055923,
            -0.014356281206764588,
            -0.04390664592330338,
            -0.034870551261769835,
            0.03335768953358215,
            0.0068977184812632755,
            -0.1412897997666204,
            -0.0003930481902867375,
            0.027562187689303373,
            0.010575012711098192,
            -0.0005019896116517992,
            0.04919674358883062,
            0.0027556202149853944
        ],
        [
            0.057318211673829195,
            0.01649958105870886,
            -0.005507451725938831,
            -0.06311976631286541,
            0.027191135747594904,
            -0.11279899539256347,
            -0.022741011846777806,
            -0.005298268247064138,
            0.01187188601639005,
            0.018140210544785,
            0.02096180229829996,
            -0.013308119319026679,
            -0.003080960051362817,
            0.06036343661888049,
            -1.4486282423768308e-05,
            -0.014478432346590095,
            -0.004729241538523499,
            0.00019134097283079495,
            -0.02524317826142131,
            -0.0013763220781900767
        ],
        [
            -0.03780505825211579,
            0.08203497732006156,
            0.02321959906157955,
            0.25891248206825546,
            -0.11279899539256347,
            0.5786754956817985,
            0.21213406973577653,
            0.014834813278361534,
            -0.06554873155654485,
            -0.0495166012889324,
            0.025945428947762177,
            0.11839540668393407,
            0.014209779110487094,
            -0.2867882299960719,
            -0.002141788681921482,
            0.055320100368714174,
            0.023360888686078597,
            -0.0013946239688903373,
            0.0511229640107664,
            0.0041383681105648775
        ],
        [
            0.15886992618474854,
            0.14141757217873493,
            0.005000656310691681,
            0.050056301744463,
            -0.022741011846777806,
            0.21213406973577653,
            0.14500649913748623,
            -0.0033592489044665876,
            -0.019162075584029107,
            0.011806066754763183,
            0.11582758035098606,
            0.08640358176053299,
            0.0040610525350924746,
            -0.08349494328831121,
            -0.0023693620893335933,
            0.019781633413918035,
            0.018761921929432483,
            -0.0008592763377433671,
            -0.03943200492836415,
            -0.0006769109288738845
        ],
        [
            -0.022367355435295132,
            -0.011545748515612573,
            0.0010496641348407953,
            0.012375294971055923,
            -0.005298268247064138,
            0.014834813278361534,
            -0.0033592489044665876,
            0.0015462785558335655,
            -0.003604068683352306,
            -0.005074356586742462,
            -0.015153494428727739,
            -0.003712110597759465,
            0.0005203017181772957,
            -0.01092724985211337,
            0.00016123641191085057,
            -0.00023919046155864554,
            -0.002244113834431089,
            1.860680700206958e-05,
            0.009459968646174254,
            0.000417610779816696
        ],
        [
            -0.1643023876586331,
            -0.1177840415956524,
            -0.002563658658185316,
            -0.014356281206764588,
            0.01187188601639005,
            -0.06554873155654485,
            -0.019162075584029107,
            -0.003604068683352306,
            0.2330481735963364,
            -0.014658055245508304,
            0.29639702432391646,
            0.07383020268976964,
            -0.005078202881643932,
            0.014685671932912968,
            -0.0074597198517081745,
            -0.06597951416473667,
            0.024224794637698267,
            -0.001168660509897159,
            -0.1844217592032675,
            -0.008425786346810037
        ],
        [
            0.0979300135161518,
            0.05374459028586045,
            -0.003577586229759397,
            -0.04390664592330338,
            0.018140210544785,
            -0.0495166012889324,
            0.011806066754763183,
            -0.005074356586742462,
            -0.014658055245508304,
            0.01984298798527086,
            0.016534454500725253,
            0.0017905965816982425,
            -0.0013661351482398356,
            0.037632632960168305,
            0.0002945661137459613,
            0.004665253471163255,
            0.002364706211657927,
            9.141583327244324e-05,
            -0.012105113095600827,
            -0.0005191762042983044
        ],
        [
            0.031668415753929396,
            0.020763311316702535,
            -0.003994844034795078,
            -0.034870551261769835,
            0.02096180229829996,
            0.025945428947762177,
            0.11582758035098606,
            -0.015153494428727739,
            0.29639702432391646,
            0.016534454500725253,
            0.5545684332800995,
            0.20264603635943457,
            -0.0051297484424677586,
            0.023549392013012125,
            -0.011324464386262102,
            -0.009750966949135912,
            0.09436460079117079,
            -0.0023420282596656136,
            -0.30088452336798105,
            -0.012738776600894446
        ],
        [
            0.021108071045712332,
            0.02315523844710578,
