{
    "opt_E": -2.172186055862841,
    "HF_E": -2.143243494278175,
    "B3LYP_E": -2.1444159848383606,
    "sto-3G_E": -2.132789816333462,
    "proj": [
        [
            0.5197876029514535,
            0.32983012903428544,
            0.05062798217384101,
            -0.172307614983601,
            -0.005476764790448039,
            0.06696103168274546,
            0.1859739765509452,
            0.08376553985527035,
            -0.24046227707193837,
            -0.02125559909498534,
            0.036743439786000316,
            0.034245895812054575,
            0.00299465789881447,
            0.018805291211983346,
            -0.0015857035348833279,
            0.0004859887737192985,
            -0.025873890836954017,
            -0.004509821077394854,
            -0.024297583466004843,
            -0.0028937601443715815
        ],
        [
            0.32983012903428544,
            0.218451993650665,
            0.020866279793840724,
            -0.07280901554960985,
            -0.001676068642906433,
            0.09972918831816785,
            0.13544689457084208,
            0.04645204076131011,
            -0.13916147392422043,
            -0.011571670142480677,
            0.03824215569222079,
            0.026263138347466658,
            -0.00216425118128195,
            -0.0343069030887324,
            0.004503019441174462,
            -0.02891361203132901,
            -0.030801461403102175,
            -0.006092100975013455,
            -0.03279510182830252,
            -0.001599919670195351
        ],
        [
            0.05062798217384101,
            0.020866279793840724,
            0.029531864562727637,
            -0.09372638202875465,
            -0.005288588340408062,
            -0.10488679910613923,
            -0.008289368714129698,
            0.021307932272444142,
            -0.015688670963621004,
            -0.013105835479801634,
            0.02431313651137183,
            -0.011598185018402731,
            -0.00614594230374146,
            0.05143654003999938,
            -0.015750030105499344,
            -0.009508020680509082,
            -0.007640228605774469,
            -0.008263289470283411,
            -0.03208330324134021,
            -0.0017492439047581839
        ],
        [
            -0.172307614983601,
            -0.07280901554960985,
            -0.09372638202875465,
            0.2987190854142414,
            0.01653757611553109,
            0.3308452688693306,
            0.025845074047906702,
            -0.06898421501087354,
            0.06702155334079232,
            0.03915867643868079,
            -0.055569287259085914,
            0.041997155085680846,
            0.01704248313120918,
            -0.16547904169503233,
            0.04849272695531259,
            0.02969334321792486,
            0.027489706141383807,
            0.022694191012863418,
            0.08642480842451368,
            0.0052407034617853576
        ],
        [
            -0.005476764790448039,
            -0.001676068642906433,
            -0.005288588340408062,
            0.01653757611553109,
            0.0010137935219093023,
            0.020106807312218807,
            0.002473641572172776,
            -0.003366955426994179,
            -0.0008711965428602375,
            0.002724760598579717,
            -0.0074033730793283846,
            0.0023531992232201575,
            0.0018627012948689262,
            -0.0077602178463734095,
            0.0031992494867379884,
            0.004427947528498358,
            0.0023964055968958573,
            0.002256131587756874,
            0.009150595543641286,
            0.00036383846678061113
        ],
        [
            0.06696103168274546,
            0.09972918831816785,
            -0.10488679910613923,
            0.3308452688693306,
            0.020106807312218807,
            0.5354818633134931,
            0.16750249734965722,
            -0.04916129390914199,
            -0.010171041264304907,
            0.03554223764431217,
            0.015495549826466008,
            0.10501447455563978,
            0.0195744577509087,
            -0.24107701346403784,
            0.06650927245398437,
            0.045173390784534716,
            0.03517840887983867,
            0.01907859260619646,
            0.06122695371388383,
            0.004775024755727905
        ],
        [
            0.1859739765509452,
            0.13544689457084208,
            -0.008289368714129698,
            0.025845074047906702,
            0.002473641572172776,
            0.16750249734965722,
            0.12144144534130256,
            0.01576646985207238,
            -0.035177375057675105,
            -0.00840693243512628,
            0.10624376681197988,
            0.07063525733621731,
            -0.00018245524597331893,
            -0.05577539535581074,
            0.012287867404733819,
            0.03292889195036479,
            0.025344092142251626,
            -0.008715748443726395,
            -0.045408460357606546,
            -0.0010592174609501198
        ],
        [
            0.08376553985527035,
            0.04645204076131011,
            0.021307932272444142,
            -0.06898421501087354,
            -0.003366955426994179,
            -0.04916129390914199,
            0.01576646985207238,
            0.020678491698970708,
            -0.0359661118757669,
            -0.009147301936479233,
            0.01634157558184769,
            -0.00014801572694166047,
            -0.0017119165790878779,
            0.03449626583564801,
            -0.008385906982526666,
            0.003551135414128549,
            -0.0018767147659477762,
            -0.004018102287969312,
            -0.01566903165382935,
            -0.0012194818564846544
        ],
        [
            -0.24046227707193837,
            -0.13916147392422043,
            -0.015688670963621004,
            0.06702155334079232,
            -0.0008711965428602375,
            -0.010171041264304907,
            -0.035177375057675105,
            -0.0359661118757669,
            0.25409852981683595,
            -0.022808774065596324,
            0.24842329826485676,
            0.055115697485478114,
            -0.030832362873131337,
            -0.05106641520819431,
            -0.01427441538624727,
            -0.018807617040548452,
            0.03626035780025302,
            -0.04124371698261975,
            -0.1804412625123768,
            -0.0028779045384237333
        ],
        [
            -0.02125559909498534,
            -0.011571670142480677,
            -0.013105835479801634,
            0.03915867643868079,
            0.002724760598579717,
            0.03554223764431217,
            -0.00840693243512628,
            -0.009147301936479233,
            -0.022808774065596324,
            0.011957607384904104,
            -0.0659539020029908,
            -0.012692951468280858,
            0.0077271142722088754,
            -0.014268131106477677,
            0.009079134268407446,
            0.0011969441729565513,
            -0.005973970277186154,
            0.011812227384522036,
            0.05042477582682216,
            0.0015603947124604523
        ],
        [
            0.036743439786000316,
            0.03824215569222079,
            0.02431313651137183,
            -0.055569287259085914,
            -0.0074033730793283846,
            0.015495549826466008,
            0.10624376681197988,
            0.01634157558184769,
            0.24842329826485676,
            -0.0659539020029908,
            0.521448212334942,
            0.16941294521595884,
            -0.04281279228486081,
            -0.005770362191272694,
            -0.03045856898036469,
            0.07440623705473244,
            0.11119581035483186,
            -0.07569688952772596,
            -0.331569037341525,
            -0.008429294950412738
        ],
        [
            0.034245895812054575,
            0.026263138347466658,
            -0.011598185018402731,
