{
    "opt_E": -2.1399253718617386,
    "HF_E": -2.111642541315561,
    "B3LYP_E": -2.1124769379943844,
    "sto-3G_E": -2.0882138042167933,
    "proj": [
        [
            0.5072361439618498,
            0.33039160829471714,
            0.03000772389212424,
            -0.17290022356587165,
            -0.02187788462755214,
            0.08365243675550568,
            0.18591579190878466,
            0.05985334521618397,
            -0.24122022351260486,
            -0.04900886678070978,
            0.028049311399769437,
            0.04299521640794642,
            -0.0016236635005962177,
            0.00714809999468318,
            -0.006321703672049804,
            0.0023829551848900325,
            -0.030347772054825736,
            0.0029088436881741005,
            -0.01078305344126617,
            0.001039851587608315
        ],
        [
            0.33039160829471714,
            0.22195487131760672,
            0.01564243132451425,
            -0.09162004571270235,
            -0.011453773295191996,
            0.0877395009060111,
            0.1324429367828919,
            0.03932831451549329,
            -0.13751876232701693,
            -0.032968278974056284,
            0.046035584018202735,
            0.029035873607114408,
            0.0005542674930826928,
            -0.031038396951865232,
            0.004077952892324606,
            -0.030984306302967776,
            -0.037332441793931276,
            0.006564726194649599,
            -0.03999503135821692,
            0.006219840129302626
        ],
        [
            0.03000772389212424,
            0.01564243132451425,
            0.01607986373252354,
            -0.06955697780970513,
            -0.013222551150234685,
            -0.07598420606948479,
            -0.005232738426090447,
            0.016438782557121032,
            -0.005073483249890278,
            -0.018727988376397005,
            0.017277058038726353,
            -0.008682673299782824,
            0.01510250314047205,
            0.03959833805737775,
            -0.015464778697064252,
            -0.006690848880872555,
            -0.00930495649664511,
            0.005015102036491046,
            -0.02510156542819173,
            0.004438766594211692
        ],
        [
            -0.17290022356587165,
            -0.09162004571270235,
            -0.06955697780970513,
            0.31090736870440844,
            0.05629788347917203,
            0.3219116500276642,
            0.015515795267234253,
            -0.06798706735545802,
            0.07297865254467875,
            0.07413816427558309,
            -0.023870637704381845,
            0.04364478000463969,
            -0.05819923357273825,
            -0.1774349967924193,
            0.06680465643955533,
            0.021385556239737834,
            0.041557773589404115,
            -0.014661143706823995,
            0.06545541303731812,
            -0.011982200103138718
        ],
        [
            -0.02187788462755214,
            -0.011453773295191996,
            -0.013222551150234685,
            0.05629788347917203,
            0.01095971253865329,
            0.06227427635279192,
            0.004198802220946389,
            -0.013999152240885755,
            -0.0004016353378520685,
            0.01623412718132253,
            -0.019920116955143608,
            0.005882042950900908,
            -0.012989595814316026,
            -0.03210785307830469,
            0.012712394111799368,
            0.005314951748986017,
            0.00693790822799601,
            -0.0048259962462769285,
            0.024876554838779895,
            -0.004347902752862801
        ],
        [
            0.08365243675550568,
            0.0877395009060111,
            -0.07598420606948479,
            0.3219116500276642,
            0.06227427635279192,
            0.5089705244018525,
            0.1525960174188353,
            -0.047886854236926533,
            -0.018945470863262388,
            0.060312095928054,
            0.04667547069412868,
            0.10549665666336362,
            -0.07664933237851027,
            -0.24463083115871473,
            0.08833459429655247,
            0.037829453017117785,
            0.0470921293704753,
            -0.01126011430522585,
            0.04102514010692091,
            -0.008972849974136807
        ],
        [
            0.18591579190878466,
            0.1324429367828919,
            -0.005232738426090447,
            0.015515795267234253,
            0.004198802220946389,
            0.1525960174188353,
            0.11276120170054867,
            0.020218730872261035,
            -0.040244102807038426,
            -0.017969602290307196,
            0.10421970733134073,
            0.06789568740912895,
            -0.012667602206935507,
            -0.04538458200991654,
            0.01544574494785586,
            0.03822468183134891,
            0.025369365983443793,
            0.007052352828176425,
            -0.04352748101641473,
            0.006183278881824511
        ],
        [
            0.05985334521618397,
            0.03932831451549329,
            0.016438782557121032,
            -0.06798706735545802,
            -0.013999152240885755,
            -0.047886854236926533,
            0.020218730872261035,
            0.025112366050752177,
            0.009497379703200368,
            -0.028985261627598336,
            0.07273570815418233,
            0.012917065992835052,
            0.016577225451326127,
            0.03159603788315144,
            -0.013579614191878104,
            0.0037679014316450376,
            0.0002745399909371359,
            0.010716860327102763,
            -0.059086018759636795,
            0.009834443144193315
        ],
        [
            -0.24122022351260486,
            -0.13751876232701693,
            -0.005073483249890278,
            0.07297865254467875,
            -0.0004016353378520685,
            -0.018945470863262388,
            -0.040244102807038426,
            0.009497379703200368,
            0.26313666182406975,
            -0.028129557491683214,
            0.25085204253587523,
            0.03908029665689815,
            0.029671130840475155,
            -0.027547762119821243,
            0.0014568218934547577,
            -0.011917045180619958,
            0.025739855118068675,
            0.03250410308764541,
            -0.1988289844688132,
            0.03310505062992953
        ],
        [
            -0.04900886678070978,
            -0.032968278974056284,
            -0.018727988376397005,
            0.07413816427558309,
            0.01623412718132253,
            0.060312095928054,
            -0.017969602290307196,
            -0.028985261627598336,
            -0.028129557491683214,
            0.03467175980003087,
            -0.09697505110660348,
            -0.016746412796302203,
            -0.02091649566487944,
            -0.037725811078239885,
            0.016241032441898222,
            -0.006166369632582526,
            -0.0035895708467971626,
            -0.013990705412604509,
            0.07781128889862025,
            -0.012956519573456619
        ],
        [
            0.028049311399769437,
            0.046035584018202735,
            0.017277058038726353,
            -0.023870637704381845,
            -0.019920116955143608,
            0.04667547069412868,
            0.10421970733134073,
            0.07273570815418233,
            0.25085204253587523,
            -0.09697505110660348,
            0.4961584939073813,
            0.1498144714901191,
            0.041453520355352554,
            0.01212790535813109,
            -0.01151822787039937,
            0.090929951622996,
            0.09149535295755436,
            0.05633605340320971,
            -0.32871732796785325,
            0.053304189609561986
        ],
        [
            0.04299521640794642,
            0.029035873607114408,
            -0.008682673299782824,
            0.04364478000463969,
