{
    "opt_E": -2.167449742165458,
    "HF_E": -2.135819588278322,
    "B3LYP_E": -2.1382119480166772,
    "sto-3G_E": -2.110687609417606,
    "proj": [
        [
            0.5322941480763821,
            0.3454121464622791,
            -0.0007048882566556402,
            -0.18364501321116103,
            -0.010776329183791478,
            0.05363599806153603,
            0.17620708137289093,
            -0.023562154357089353,
            -0.23262597091853018,
            -0.006773769417554633,
            0.05049909261858888,
            0.030214831105025715,
            0.003284229377294762,
            0.039664915453005836,
            -0.007654950618355961,
            -0.0011621221574481526,
            -0.03697939689586862,
            -0.008418714322661603,
            -0.022211961565497915,
            0.01117614412119412
        ],
        [
            0.3454121464622791,
            0.23282259270798694,
            0.0011122285865684195,
            -0.07803587090427494,
            -0.005143036169096557,
            0.09513551573979617,
            0.12954441642298561,
            -0.01176183389777398,
            -0.1500065382389552,
            -0.0035225116991037036,
            0.033396304001014857,
            0.02199968212120161,
            0.0079677414742061,
            -0.019378415017061338,
            -0.005196135450861827,
            -0.026974889888156703,
            -0.039942925674780916,
            -0.00444971630605922,
            -0.01602862149531291,
            0.006249724605852585
        ],
        [
            -0.0007048882566556402,
            0.0011122285865684195,
            0.00033268867705827314,
            0.008877719472848268,
            0.0003928943987952615,
            0.012842686886518073,
            0.003561722577886126,
            0.0006483415807178718,
            0.0008868968784630149,
            0.0001987663756234745,
            0.001572613236250312,
            0.0025685664217889224,
            0.001677298964315084,
            -0.0077462731449189715,
            -0.0006967476123679977,
            -0.00011592242798551711,
            0.0005350733867253002,
            0.00031086550211693897,
            0.0002932392921979729,
            -0.00039030822773890533
        ],
        [
            -0.18364501321116103,
            -0.07803587090427494,
            0.008877719472848268,
            0.29641190830922676,
            0.014656028033780728,
            0.3195101230931688,
            0.027808373312998305,
            0.03377558978078136,
            0.058528789347834995,
            0.003692625304355892,
            -0.04070313184569546,
            0.03847386077514911,
            0.051718220035898106,
            -0.2241294680935069,
            -0.024168965817837763,
            0.013462841616810913,
            0.025218181089970745,
            0.0204642852671545,
            0.048715957453919295,
            -0.027639962228785207
        ],
        [
            -0.010776329183791478,
            -0.005143036169096557,
            0.0003928943987952615,
            0.014656028033780728,
            0.000791767246415203,
            0.013886542230336594,
            -0.0006029289433150066,
            0.002434193626117852,
            0.0005700111984035642,
            -0.00011121043452411392,
            -0.007824130206915442,
            -0.00027137318295829374,
            0.002992677379380238,
            -0.011059106677207973,
            -0.0016871926037222763,
            0.0015271102488866723,
            0.0009576397444094273,
            0.0017701837512249913,
            0.005131039146232324,
            -0.0024570492524984494
        ],
        [
            0.05363599806153603,
            0.09513551573979617,
            0.012842686886518073,
            0.3195101230931688,
            0.013886542230336594,
            0.5090731641174108,
            0.16475654641037815,
            0.023659446242329255,
            -0.008993076557173556,
            0.005817710948983207,
            0.057038277922121065,
            0.10645092372233851,
            0.06950041762254071,
            -0.2922259310722539,
            -0.032494912099856985,
            0.01655511633814238,
            0.027359503771098782,
            0.013551524696539934,
            0.018573166867780516,
            -0.01754378310098227
        ],
        [
            0.17620708137289093,
            0.12954441642298561,
            0.003561722577886126,
            0.027808373312998305,
            -0.0006029289433150066,
            0.16475654641037815,
            0.11884502525197956,
            -0.013004108609602653,
            -0.024355929346374337,
            0.004122803776464037,
            0.12556847486563577,
            0.08108676675364235,
            0.013924112748073748,
            -0.046197188871386,
            -0.0069261028049982035,
            0.029345031924004894,
            0.028887853718694453,
            -0.009862368813859565,
            -0.038330768130455446,
            0.01411073459187698
        ],
        [
            -0.023562154357089353,
            -0.01176183389777398,
            0.0006483415807178718,
            0.03377558978078136,
            0.002434193626117852,
            0.023659446242329255,
            -0.013004108609602653,
            0.013291572627321458,
            -0.03111682178707955,
            -0.003451968364615998,
            -0.076243971303834,
            -0.020484287993291418,
            0.012886688030891288,
            -0.02972804532318068,
            -0.009884374459150854,
            0.012399052541481444,
            -0.001850683639923058,
            0.011999041887904259,
            0.03991767733676409,
            -0.017040330220273743
        ],
        [
            -0.23262597091853018,
            -0.1500065382389552,
            0.0008868968784630149,
            0.058528789347834995,
            0.0005700111984035642,
            -0.008993076557173556,
            -0.024355929346374337,
            -0.03111682178707955,
            0.2655557029418155,
            0.01909194770132404,
            0.2744785046712661,
            0.07941964312472727,
            -0.03758035675365677,
            0.0180307156907884,
            0.03779383836341895,
            -0.059371667391928194,
            0.02591238611381506,
            -0.038611334299958174,
            -0.13916989541820793,
            0.05584134936393125
        ],
        [
            -0.006773769417554633,
            -0.0035225116991037036,
            0.0001987663756234745,
            0.003692625304355892,
            -0.00011121043452411392,
            0.005817710948983207,
            0.004122803776464037,
            -0.003451968364615998,
            0.01909194770132404,
            0.0017454696365622547,
            0.028314241399060466,
            0.008568335024934036,
            -0.003178121370845373,
            -0.0011599609917443637,
            0.0035774388794738796,
            -0.009015629488031227,
            -0.0005764281040023711,
            -0.003980147246269509,
            -0.014596361153677228,
            0.005771993530434697
        ],
        [
            0.05049909261858888,
            0.033396304001014857,
            0.001572613236250312,
            -0.04070313184569546,
            -0.007824130206915442,
            0.057038277922121065,
            0.12556847486563577,
            -0.076243971303834,
            0.2744785046712661,
            0.028314241399060466,
            0.5547535577820761,
            0.2029350803651299,
            -0.05378392832208373,
            0.07955666983241017,
            0.049031921436039703,
            -0.025118141957575783,
            0.07229267540324989,
            -0.07374615032188953,
            -0.25583143629113003,
            0.10529921228266305
        ],
        [
            0.030214831105025715,
            0.02199968212120161,
            0.0025685664217889224,
