{
    "opt_E": -2.193799787690213,
    "HF_E": -2.1626620955347278,
    "B3LYP_E": -2.164599979528541,
    "sto-3G_E": -2.1462485040696775,
    "proj": [
        [
            0.5567236343474433,
            0.3449154983425122,
            -0.06125470460802558,
            -0.1602808169609604,
            -0.005199295842217615,
            0.02622920156280678,
            0.17409178239673587,
            -0.12002588194723138,
            -0.22140230016427684,
            -0.010013909528883784,
            0.020131726371722825,
            0.03767183173046093,
            -0.017717520625857956,
            0.028728918866230177,
            -0.0013200061397923531,
            -0.004341189393292605,
            -0.027750712467445468,
            0.0005194735495363917,
            -0.008369968385550043,
            -0.0007045008749741136
        ],
        [
            0.3449154983425122,
            0.2272542501201428,
            -0.018798813992787933,
            -0.057526185994553794,
            -0.0016315613901826556,
            0.09673063722487067,
            0.13510550598410478,
            -0.0614530754125406,
            -0.12998996308137525,
            -0.005046895488342395,
            0.025768136949938365,
            0.03189736842823955,
            0.0038270731398929968,
            -0.031725452377846144,
            0.0006319008168378579,
            -0.027299921773062587,
            -0.032012466282588005,
            0.001263587162028141,
            -0.013898070690770837,
            -0.0005035209431680439
        ],
        [
            -0.06125470460802558,
            -0.018798813992787933,
            0.04500232519321587,
            0.0940319698297222,
            0.003995651477708445,
            0.13918564426575714,
            0.02008504487080279,
            0.04661531256383146,
            0.004800783248974428,
            0.004559828894465888,
            -0.0345060558630302,
            0.008265537265725476,
            0.02587305518892841,
            -0.06398322021572121,
            0.004534705260039235,
            0.021415821622031143,
            0.005879098657803981,
            -0.006831590517748325,
            0.037901350239154724,
            0.001234250602057384
        ],
        [
            -0.1602808169609604,
            -0.057526185994553794,
            0.0940319698297222,
            0.20342124680502957,
            0.008201927635447338,
            0.2891969835334155,
            0.040655843119343275,
            0.09460700271918633,
            0.048583130293584895,
            0.008869174205435322,
            -0.02196304378567605,
            0.03024696286666862,
            0.054408360909532195,
            -0.13981629906329046,
            0.008491184246718032,
            0.03184861286890978,
            0.015768568715425188,
            -0.009024635988190496,
            0.04614645503900199,
            0.001776075271146399
        ],
        [
            -0.005199295842217615,
            -0.0016315613901826556,
            0.003995651477708445,
            0.008201927635447338,
            0.0003590087560368871,
            0.012114232487884347,
            0.0015755924963362553,
            0.00427087413653186,
            -0.0003238892659569586,
            0.000426032093559156,
            -0.0042783130280853975,
            0.0005033113327596199,
            0.0022303863114278366,
            -0.0052037765316682956,
            0.00042821744188459684,
            0.00275127619406639,
            0.0008055856604249772,
            -0.0007562187057344429,
            0.004310688469294027,
            0.00013228146684297418
        ],
        [
            0.02622920156280678,
            0.09673063722487067,
            0.13918564426575714,
            0.2891969835334155,
            0.012114232487884347,
            0.5649826194319143,
            0.188698048228305,
            0.09968947475437871,
            -0.01684833288109243,
            0.009800717444976058,
            0.01631925156926087,
            0.09576395870968585,
            0.09175554603125384,
            -0.2489955340867282,
            0.01450978271522496,
            0.05443419611836717,
            0.02030622170773977,
            -0.012543730405407095,
            0.055226833535212363,
            0.0022576297638982447
        ],
        [
            0.17409178239673587,
            0.13510550598410478,
            0.02008504487080279,
            0.040655843119343275,
            0.0015755924963362553,
            0.188698048228305,
            0.12935309151544008,
            -0.022157183703106917,
            -0.02555813110048164,
            -0.0021321761392547947,
            0.10806792998278056,
            0.07953170218169457,
            0.02094115625887441,
            -0.06551275520940168,
            0.0027002212940433366,
            0.024024899043147675,
            0.02203704722047418,
            0.004338133476874708,
            -0.03769484908844723,
            -0.000844700516311513
        ],
        [
            -0.12002588194723138,
            -0.0614530754125406,
            0.04661531256383146,
            0.09460700271918633,
            0.00427087413653186,
            0.09968947475437871,
            -0.022157183703106917,
            0.06538368936209805,
            -0.0036372785259529985,
            0.006563703099203085,
            -0.10603360585247044,
            -0.02865112308810427,
            0.023992092725256462,
            -0.05504856616654867,
            0.0048103288060607425,
            0.011943855616154376,
            -0.009899506958328641,
            -0.011815534943204451,
            0.07225766387179658,
            0.002112638364491924
        ],
        [
            -0.22140230016427684,
            -0.12998996308137525,
            0.004800783248974428,
            0.048583130293584895,
            -0.0003238892659569586,
            -0.01684833288109243,
            -0.02555813110048164,
            -0.0036372785259529985,
            0.2190675382474616,
            -0.002486636449401765,
            0.25628288260302945,
            0.06725035936069916,
            0.001500847852574991,
            -0.02384207005465897,
            -0.0048436442687006444,
            -0.048257059999028795,
            0.031853209091125385,
            0.026149282866304538,
            -0.16425614538239794,
            -0.00396116787418059
        ],
        [
            -0.010013909528883784,
            -0.005046895488342395,
            0.004559828894465888,
            0.008869174205435322,
            0.000426032093559156,
            0.009800717444976058,
            -0.0021321761392547947,
            0.006563703099203085,
            -0.002486636449401765,
            0.0006798599906473287,
            -0.01318902852848666,
            -0.0035360805488804333,
            0.0023224182185424725,
            -0.005018133887248877,
            0.0005252883092270169,
            0.001913134614554813,
            -0.001146128206028631,
            -0.0014508454977754796,
            0.008927431269582054,
            0.000251824314933469
        ],
        [
            0.020131726371722825,
            0.025768136949938365,
            -0.0345060558630302,
            -0.02196304378567605,
            -0.0042783130280853975,
            0.01631925156926087,
            0.10806792998278056,
            -0.10603360585247044,
            0.25628288260302945,
            -0.01318902852848666,
            0.5527705936568095,
            0.2055436247899104,
            -0.013400384813451332,
            0.006198496072985649,
            -0.009127820695224996,
            -0.00045891904645198897,
            0.1061749501811709,
            0.04889691431013532,
            -0.3148545971413375,
            -0.008031182805739799
        ],
        [
            0.03767183173046093,
            0.03189736842823955,
            0.008265537265725476,
