{
    "opt_E": -2.1854031700185197,
    "HF_E": -2.1549304221475114,
    "B3LYP_E": -2.1569964682625025,
    "sto-3G_E": -2.1412692260725366,
    "proj": [
        [
            0.5661169115764152,
            0.3589140925290385,
            -0.004757893008852058,
            -0.18189888730185474,
            0.002294807579100713,
            0.003559126112046333,
            0.16983458879611546,
            -0.0052446684271855865,
            -0.21402336676242367,
            0.01427326131827685,
            0.049559714014994496,
            0.026787227692647637,
            -0.00012961858373112162,
            0.05693824942909565,
            0.004545037925870932,
            -0.0007123585735787699,
            -0.03209359981439229,
            0.0054337208374242284,
            -0.03590559540434485,
            0.003850631821778753
        ],
        [
            0.3589140925290385,
            0.24480348254908577,
            -0.001734179008351981,
            -0.0641500982865117,
            0.00039134745816755197,
            0.09051257052219357,
            0.13728191423579608,
            -0.0028826962193327327,
            -0.13779531146277355,
            0.00558601110432668,
            0.033244260220847234,
            0.023355365451763893,
            0.00018092647611187002,
            -0.028032931459628638,
            -0.002426195595573524,
            -0.03319463518886546,
            -0.039796004594139206,
            0.0034946214289810875,
            -0.02694966656599452,
            0.0021410920275283553
        ],
        [
            -0.004757893008852058,
            -0.001734179008351981,
            0.0001541419181528135,
            0.006158826198876078,
            -0.00013352012220699716,
            0.007632824567992394,
            0.0009359938048842385,
            5.557438227132564e-05,
            0.00033774356958242,
            -0.0005737094730720742,
            -0.0018878184979576515,
            0.0006677127334021195,
            -0.0002667026246007467,
            -0.004702414709825965,
            -0.000708330907926172,
            2.96838924036841e-05,
            0.00013376768274985125,
            -0.0003025965701674132,
            0.0020264094727034383,
            -0.00017300245604384362
        ],
        [
            -0.18189888730185474,
            -0.0641500982865117,
            0.006158826198876078,
            0.24839162836172632,
            -0.0054407499372157485,
            0.31687391352211897,
            0.047636242856310886,
            0.0023988989856350467,
            0.018516806991075403,
            -0.02182114573575127,
            -0.05369120294710727,
            0.04324068968749276,
            -0.011900900010658756,
            -0.18013737874308255,
            -0.02913732292999929,
            0.02845529085772446,
            0.024833933567846918,
            -0.011614697930765807,
            0.07824946090710268,
            -0.006578466735293052
        ],
        [
            0.002294807579100713,
            0.00039134745816755197,
            -0.00013352012220699716,
            -0.0054407499372157485,
            0.00014055427796945923,
            -0.007508895670162305,
            -0.001462250255847612,
            -9.635078356344543e-06,
            0.0016574687754989984,
            0.0006329147186852051,
            0.0030061143993224157,
            -0.0011098413306706715,
            0.0005198520306011696,
            0.0031584817561078446,
            0.0008595963827967595,
            -0.0026220756045166917,
            -0.0014187283794960708,
            0.0005011333930201596,
            -0.0036564130569078576,
            0.00025274738281689797
        ],
        [
            0.003559126112046333,
            0.09051257052219357,
            0.007632824567992394,
            0.31687391352211897,
            -0.007508895670162305,
            0.5484697543334219,
            0.19193614955194493,
            0.0023779929105839782,
            -0.03401572148858658,
            -0.022320700482556636,
            0.02814160271374796,
            0.11734533445896517,
            -0.015971610265406885,
            -0.2770592980985119,
            -0.04261704647995228,
            0.04880289700771022,
            0.03788700053911178,
            -0.009135743744122944,
            0.05564741753706575,
            -0.005391173819152898
        ],
        [
            0.16983458879611546,
            0.13728191423579608,
            0.0009359938048842385,
            0.047636242856310886,
            -0.001462250255847612,
            0.19193614955194493,
            0.1307202391428387,
            0.00029147473387738904,
            -0.028883131985905523,
            0.0029102679262908034,
            0.10789041888803595,
            0.07795735248169464,
            -0.0025299271948087433,
            -0.07087044858529008,
            -0.009537560102415878,
            0.03166121727871955,
            0.024494824934682535,
            0.004839010609878616,
            -0.038967123218075835,
            0.0024261410156549605
        ],
        [
            -0.0052446684271855865,
            -0.0028826962193327327,
            5.557438227132564e-05,
            0.0023988989856350467,
            -9.635078356344543e-06,
            0.0023779929105839782,
            0.00029147473387738904,
            0.0001446121496719047,
            0.005759353018460887,
            0.00029518764006702686,
            0.006269850250695926,
            0.0020328115424669484,
            0.000312208516814017,
            -0.001970989814521807,
            0.00016195486042821562,
            -0.0004886826704220444,
            0.0009453682062910807,
            0.0004981915870116918,
            -0.003890727047202618,
            0.00022233137098574528
        ],
        [
            -0.21402336676242367,
            -0.13779531146277355,
            0.00033774356958242,
            0.018516806991075403,
            0.0016574687754989984,
            -0.03401572148858658,
            -0.028883131985905523,
            0.005759353018460887,
            0.2628993979606474,
            0.020032580576217505,
            0.281298739689007,
            0.060978885552383705,
            0.01905596182956628,
            -0.019472934017048624,
            0.019072509627073426,
            -0.043915707089099275,
            0.02630799236370805,
            0.025763451006837537,
            -0.19707629008190217,
            0.011884126123682887
        ],
        [
            0.01427326131827685,
            0.00558601110432668,
            -0.0005737094730720742,
            -0.02182114573575127,
            0.0006329147186852051,
            -0.022320700482556636,
            0.0029102679262908034,
            0.00029518764006702686,
            0.020032580576217505,
            0.004525789834908218,
            0.04122350292064093,
            0.007624370808114582,
            0.0028316482734405276,
            0.012622348868293547,
            0.00418468467880026,
            -0.0038302199701507156,
            0.002239055982205359,
            0.004063862063066569,
            -0.030045554197643234,
            0.002028469218580851
        ],
        [
            0.049559714014994496,
            0.033244260220847234,
            -0.0018878184979576515,
            -0.05369120294710727,
            0.0030061143993224157,
            0.02814160271374796,
            0.10789041888803595,
            0.006269850250695926,
            0.281298739689007,
            0.04122350292064093,
            0.5323041597868421,
            0.17580877335337255,
            0.02276973708612298,
            0.017584725273969017,
            0.02554533233598918,
            0.03881585202570484,
            0.09515934312384254,
            0.04293440794652564,
            -0.3224374444131548,
            0.0209660601089134
        ],
        [
            0.026787227692647637,
