{
    "opt_E": -2.1745992548131796,
    "HF_E": -2.1432624855814177,
    "B3LYP_E": -2.1463634205262387,
    "sto-3G_E": -2.1232933338114073,
    "proj": [
        [
            0.5825842942636659,
            0.37753010678308146,
            -0.0156274126400251,
            -0.1704146445977844,
            0.01217181800929285,
            -0.012794241530799794,
            0.16058003747476318,
            -0.029610311125654234,
            -0.182597478013398,
            0.01323187201224,
            0.04659242067087674,
            0.02528126369997008,
            -0.0007432429769225575,
            0.07773282197051322,
            -0.006232279965066029,
            -0.0021601240136095634,
            -0.03227987436931051,
            -0.002337237642579822,
            -0.030277213673409523,
            0.0036591643664194797
        ],
        [
            0.37753010678308146,
            0.2620301952818106,
            -0.005297720032834099,
            -0.06410393725324774,
            0.004557620637097751,
            0.07814939621121936,
            0.1345965300773193,
            -0.016213826161384264,
            -0.12817307390478516,
            0.009379426167713882,
            0.033236114750717645,
            0.021872237379296687,
            0.0006015982710700642,
            -0.017012788317014454,
            0.0012214169602368723,
            -0.036002674685167366,
            -0.04488642366866738,
            -0.0014000529594738068,
            -0.022065989854045908,
            0.0025121277888758013
        ],
        [
            -0.0156274126400251,
            -0.005297720032834099,
            0.0022043384892119437,
            0.021159002509246797,
            -0.0015229195235883833,
            0.03009320307696291,
            0.005661634563389717,
            0.00191181182257957,
            -0.0037393983010357516,
            0.0003061634082627006,
            -0.0054907118272205695,
            0.0038350628475922522,
            0.0008637309966183,
            -0.019723435236284812,
            0.0012076294362405096,
            0.0046066787364481025,
            0.002256890216773428,
            0.00039829228757890385,
            0.0076443098799875145,
            -0.0008971819057833285
        ],
        [
            -0.1704146445977844,
            -0.06410393725324774,
            0.021159002509246797,
            0.2048239176229112,
            -0.014738064118453091,
            0.2853275792080692,
            0.05004056050422574,
            0.01878066715597822,
            -0.015198907006318272,
            0.0014366618585952542,
            -0.03541405228376505,
            0.038367411693682116,
            0.007591094119667829,
            -0.19146453213081718,
            0.012222596368761152,
            0.031591611701908606,
            0.018065354597497394,
            0.0032804417464298574,
            0.05980540228176797,
            -0.007092235329364529
        ],
        [
            0.01217181800929285,
            0.004557620637097751,
            -0.0015229195235883833,
            -0.014738064118453091,
            0.0010605625472495266,
            -0.02059419792946974,
            -0.003666146365557248,
            -0.0013460189248755126,
            0.0010952059976572252,
            -0.00010365722441746687,
            0.0024494753048278895,
            -0.0028546158967101944,
            -0.0005499146426859662,
            0.013722185434885,
            -0.0008727810165839539,
            -0.0024510004333713215,
            -0.0014236411501490757,
            -0.0002355708250018371,
            -0.004305564206516055,
            0.0005103434014322189
        ],
        [
            -0.012794241530799794,
            0.07814939621121936,
            0.03009320307696291,
            0.2853275792080692,
            -0.02059419792946974,
            0.532452495377241,
            0.19605023742197075,
            0.01697506841547834,
            -0.05761806756148112,
            0.004842448105945098,
            0.06260686837562014,
            0.12006437689833337,
            0.01186101494850435,
            -0.3066305650447407,
            0.020018193074090248,
            0.05156277592089184,
            0.03091907788861958,
            0.002267091963512644,
            0.03643334757604348,
            -0.004593305118825505
        ],
        [
            0.16058003747476318,
            0.1345965300773193,
            0.005661634563389717,
            0.05004056050422574,
            -0.003666146365557248,
            0.19605023742197075,
            0.1317628442268333,
            -0.004221818713795769,
            -0.022919767227915173,
            0.0019413312012044742,
            0.11689495344776792,
            0.08200611103835073,
            0.002947244317030828,
            -0.07694246160795297,
            0.005268616313372381,
            0.027029826449858265,
            0.021849286308745622,
            -0.0017369857768310267,
            -0.03732071647947738,
            0.004146240156440782
        ],
        [
            -0.029610311125654234,
            -0.016213826161384264,
            0.00191181182257957,
            0.01878066715597822,
            -0.0013460189248755126,
            0.01697506841547834,
            -0.004221818713795769,
            0.0023820863181423044,
            -0.001325944087018888,
            0.00011133956180900929,
            -0.014246792374632007,
            -0.0027193437711324413,
            0.0006240747841799222,
            -0.016053492110793162,
            0.0010066302509906483,
            0.00027846077160608096,
            -0.0007681437820579582,
            0.0005187624239315684,
            0.009953117172696334,
            -0.0011581348497709425
        ],
        [
            -0.182597478013398,
            -0.12817307390478516,
            -0.0037393983010357516,
            -0.015198907006318272,
            0.0010952059976572252,
            -0.05761806756148112,
            -0.022919767227915173,
            -0.001325944087018888,
            0.2852958398045544,
            -0.02066163538382529,
            0.3097480995822823,
            0.07282924220976349,
            -0.00887655738619202,
            0.035948574335046425,
            0.0026931063659103695,
            -0.0767682032511845,
            0.018975526356733753,
            -0.008535667236956196,
            -0.20036556969453123,
            0.022648688250743655
        ],
        [
            0.01323187201224,
            0.009379426167713882,
            0.0003061634082627006,
            0.0014366618585952542,
            -0.00010365722441746687,
            0.004842448105945098,
            0.0019413312012044742,
            0.00011133956180900929,
            -0.02066163538382529,
            0.0014973116340922768,
            -0.02219318905519146,
            -0.005015676282362102,
            0.0006592093817081232,
            -0.002885990512152211,
            -0.00017934253212882747,
            0.005817470402557395,
            -0.0011848763614663957,
            0.000618878474805573,
            0.01452224791552441,
            -0.0016418276235256773
        ],
        [
            0.04659242067087674,
            0.033236114750717645,
            -0.0054907118272205695,
            -0.03541405228376505,
            0.0024494753048278895,
            0.06260686837562014,
            0.11689495344776792,
            -0.014246792374632007,
            0.3097480995822823,
            -0.02219318905519146,
            0.5264300516532993,
            0.19066502642214112,
            -0.00837658422348832,
            0.04765188665486382,
            0.0018668585341881688,
            -0.0044499085181259395,
            0.08479290096693591,
            -0.012914079211201215,
            -0.2887297322694566,
            0.03276333308253685
        ],
        [
            0.02528126369997008,
            0.021872237379296687,
