{
    "opt_E": -2.1454045671562714,
    "HF_E": -2.1147790882069257,
    "B3LYP_E": -2.116736415775371,
    "sto-3G_E": -2.0923511455323087,
    "proj": [
        [
            0.536743017841413,
            0.3575422455208421,
            -0.02479885202839535,
            -0.16814565329700606,
            -0.04206936827326494,
            0.044136564387980394,
            0.1803868644566397,
            -0.038446094739804475,
            -0.20288799635418492,
            -0.08205773828714008,
            0.03552023859347684,
            0.034676679287174376,
            -0.0008386831944115477,
            0.04604580989270638,
            -0.008947149998863285,
            0.002241371849458391,
            -0.034526166258564216,
            0.000297924149273058,
            -0.020529860651874985,
            0.003061395891906703
        ],
        [
            0.3575422455208421,
            0.2467381956394821,
            -0.012662447578379641,
            -0.08718065554452248,
            -0.020912629749095253,
            0.0739448251219152,
            0.13522502256055882,
            -0.02342807533038057,
            -0.12164061631427892,
            -0.05076369095213644,
            0.04636713524438018,
            0.024873553109278784,
            -0.0004328103004372984,
            -0.014089556272708553,
            0.0017195001299870397,
            -0.03928556482897788,
            -0.04652000776815463,
            0.0007244856520409577,
            -0.037782760409608505,
            0.006492706016715276
        ],
        [
            -0.02479885202839535,
            -0.012662447578379641,
            0.00649175091504115,
            0.03974962207679476,
            0.012195673932285163,
            0.04774486049606055,
            0.003960561007562691,
            0.003143055222441035,
            -0.0034427024219876347,
            0.011122764993438072,
            -0.006597760431653638,
            0.005770367692488267,
            -0.0017331098474074177,
            -0.03398203269854786,
            0.0034127564982280923,
            0.006505622055092282,
            0.005662145844751494,
            -0.0005412286024065429,
            0.013217049086496093,
            -0.0030319703586740195
        ],
        [
            -0.16814565329700606,
            -0.08718065554452248,
            0.03974962207679476,
            0.24503272206853163,
            0.07435777867621075,
            0.2898285864787366,
            0.022293594880163546,
            0.020803255781303712,
            0.0013052431160819182,
            0.06803719681651034,
            -0.019235867968957116,
            0.039337643287374394,
            -0.009771876980895518,
            -0.20759911085846486,
            0.022099384486473382,
            0.03449897936362216,
            0.03494849231961344,
            -0.002798613457181506,
            0.06478895472474652,
            -0.0152395963680021
        ],
        [
            -0.04206936827326494,
            -0.020912629749095253,
            0.012195673932285163,
            0.07435777867621075,
            0.022979707915706516,
            0.09117855329369015,
            0.008706901685348337,
            0.005547527221009324,
            -0.010749511020958015,
            0.02069971085026148,
            -0.015302804210506947,
            0.010687504913345008,
            -0.00341899928105141,
            -0.06412780669160531,
            0.006221601790202667,
            0.013545138747735745,
            0.010819274415169187,
            -0.0011017338905299162,
            0.027399223101376834,
            -0.006235609389888972
        ],
        [
            0.044136564387980394,
            0.0739448251219152,
            0.04774486049606055,
            0.2898285864787366,
            0.09117855329369015,
            0.5004734166836635,
            0.15991258674771106,
            0.012744047777603984,
            -0.05454068031654705,
            0.05245644778207997,
            0.0818237034022452,
            0.11158437055378917,
            -0.013594009401602785,
            -0.30009471384132086,
            0.033405028407751294,
            0.05372935614468329,
            0.04507255131609434,
            -0.0024269081995499085,
            0.03151305262776376,
            -0.01040770159999427
        ],
        [
            0.1803868644566397,
            0.13522502256055882,
            0.003960561007562691,
            0.022293594880163546,
            0.008706901685348337,
            0.15991258674771106,
            0.11790605267942811,
            -0.0070359511100125454,
            -0.023450335401361648,
            -0.01953754586717132,
            0.11867465129915639,
            0.07236111328806204,
            -0.0019299379134929853,
            -0.0546442541402502,
            0.007682862231676628,
            0.029997438274449225,
            0.021300586741171183,
            0.0010195496678797216,
            -0.04740143424584136,
            0.008201674625873462
        ],
        [
            -0.038446094739804475,
            -0.02342807533038057,
            0.003143055222441035,
            0.020803255781303712,
            0.005547527221009324,
            0.012744047777603984,
            -0.0070359511100125454,
            0.0034459670917959605,
            0.01921602710160062,
            0.006985586537218419,
            0.007499360577534989,
            0.001772793450631051,
            -4.2280003408793974e-05,
            -0.014217750145010316,
            0.002410106432363836,
            -0.0037870377521278305,
            0.001430148746538148,
            0.0001071241633984983,
            -0.0043904719087330905,
            0.0008390345752680888
        ],
        [
            -0.20288799635418492,
            -0.12164061631427892,
            -0.0034427024219876347,
            0.0013052431160819182,
            -0.010749511020958015,
            -0.05454068031654705,
            -0.023450335401361648,
            0.01921602710160062,
            0.30799197811911366,
            -0.008366168666632862,
            0.3023471828976813,
            0.06119842704920284,
            0.01214630916459357,
            0.03223062859076168,
            0.013180439278790463,
            -0.055942368319228,
            0.01479672124801768,
            0.007306793282402997,
            -0.22578551635719904,
            0.04668901055727148
        ],
        [
            -0.08205773828714008,
            -0.05076369095213644,
            0.011122764993438072,
            0.06803719681651034,
            0.02069971085026148,
            0.05245644778207997,
            -0.01953754586717132,
            0.006985586537218419,
            -0.008366168666632862,
            0.025336271857097494,
            -0.048038043089603744,
            -0.00991604691777783,
            -0.002942133199611923,
            -0.05415425347098773,
            0.004846663756843172,
            -0.0008992102811189611,
            0.00022448450543155406,
            -0.0013677068626920734,
            0.03884645134222536,
            -0.008239729950122983
        ],
        [
            0.03552023859347684,
            0.04636713524438018,
            -0.006597760431653638,
            -0.019235867968957116,
            -0.015302804210506947,
            0.0818237034022452,
            0.11867465129915639,
            0.007499360577534989,
            0.3023471828976813,
            -0.048038043089603744,
            0.48834732558114086,
            0.17059608063595763,
            0.011681787521615764,
            0.040051535654687144,
            0.01318589903992453,
            0.0397086567839983,
            0.08239696378165877,
            0.009301092092343546,
            -0.2969439449869077,
            0.06002210635698517
        ],
        [
            0.034676679287174376,
            0.024873553109278784,
            0.005770367692488267,
            0.039337643287374394,
