{
    "opt_E": -2.16574884180349,
    "HF_E": -2.1360690896543533,
    "B3LYP_E": -2.1383526956538326,
    "sto-3G_E": -2.117649311247951,
    "proj": [
        [
            0.5822289511078111,
            0.37692405858122663,
            -0.008019881344574742,
            -0.1757517044496505,
            -0.02187382780272977,
            -0.021739102019189358,
            0.16155880720166052,
            -0.0024926139726612192,
            -0.1802563538243379,
            -0.03642202336223218,
            0.042464557428321954,
            0.022714535046573392,
            0.006779765525011921,
            0.06804049377879985,
            -0.0015290583109095362,
            0.0006922914750041386,
            -0.02818721426290873,
            -0.012729596493901377,
            -0.03698719209044546,
            0.003761431383927422
        ],
        [
            0.37692405858122663,
            0.2638805452232224,
            -0.0031673931817477767,
            -0.06496060428104973,
            -0.007648298594700512,
            0.07811639264958782,
            0.13932736353688818,
            -0.004552005467887994,
            -0.12359791936178473,
            -0.019411137891845443,
            0.03368029755008081,
            0.022044879300931068,
            -0.006392791518385542,
            -0.026770153137752703,
            0.0023367043532050223,
            -0.03738132715092099,
            -0.040241145082320406,
            -0.010365381668129149,
            -0.03436423802133873,
            0.003292546827453976
        ],
        [
            -0.008019881344574742,
            -0.0031673931817477767,
            0.0003876810945819445,
            0.009072405813744787,
            0.0012066749055348576,
            0.012560394209855141,
            0.0023533883332796162,
            -0.00048197223367644516,
            0.00013749740745827097,
            0.0010465240713691995,
            -0.0004965636340465169,
            0.002390775333312463,
            -0.0002876191554345596,
            -0.006916166729262323,
            -3.649784508749903e-05,
            0.0015416505608374439,
            0.0013847329717898112,
            0.0008709062778674152,
            0.002395233156086676,
            -0.00031202974356340504
        ],
        [
            -0.1757517044496505,
            -0.06496060428104973,
            0.009072405813744787,
            0.21473541690995265,
            0.028754684309040948,
            0.29811139663892916,
            0.05567702636339823,
            -0.013855161609873394,
            -0.020664999460096214,
            0.024841975234198822,
            -0.042210838235999554,
            0.046503265346213664,
            -0.0058968840868612645,
            -0.1676906640967777,
            -0.0014792852114678713,
            0.02601713460142585,
            0.022164043287429762,
            0.025914248106514673,
            0.07327415055529739,
            -0.009473836354104898
        ],
        [
            -0.02187382780272977,
            -0.007648298594700512,
            0.0012066749055348576,
            0.028754684309040948,
            0.0038710207791366955,
            0.04023086606904809,
            0.0077149512320769525,
            -0.002080452113898698,
            -0.005114631250495224,
            0.0033039346866124506,
            -0.0080491582965483,
            0.0059392931053358685,
            -0.00044370975560501197,
            -0.022052966529724757,
            -0.00035794085604395356,
            0.004195293412330644,
            0.0030362214762269498,
            0.004086096109602914,
            0.011782318821597415,
            -0.001509842087726011
        ],
        [
            -0.021739102019189358,
            0.07811639264958782,
            0.012560394209855141,
            0.29811139663892916,
            0.04023086606904809,
            0.5481880960132639,
            0.20448632628393035,
            -0.019290855543471843,
            -0.06590812191212114,
            0.02453229019635335,
            0.04767955032003793,
            0.126876958870485,
            -0.015394433557541347,
            -0.2779094588661273,
            0.00044740484847824083,
            0.054570679341764405,
            0.04173898865547234,
            0.019839213042746495,
            0.04812360193680029,
            -0.0072396589625186554
        ],
        [
            0.16155880720166052,
            0.13932736353688818,
            0.0023533883332796162,
            0.05567702636339823,
            0.0077149512320769525,
            0.20448632628393035,
            0.13528595999939172,
            -0.0030338175969527566,
            -0.0351454977207697,
            -0.0030845664588347132,
            0.09869628275501346,
            0.07668779573384121,
            -0.007032416700083155,
            -0.08044638593323473,
            0.0015311365878511885,
            0.036183683633862575,
            0.024619595396363804,
            -0.009019213765943725,
            -0.0329163846130924,
            0.0033349125799413334
        ],
        [
            -0.0024926139726612192,
            -0.004552005467887994,
            -0.00048197223367644516,
            -0.013855161609873394,
            -0.002080452113898698,
            -0.019290855543471843,
            -0.0030338175969527566,
            0.0035699681027246857,
            0.027830706235057442,
            -0.0016624716521989476,
            0.035190395825155166,
            0.004742048947632652,
            -0.0025667295980135747,
            0.009018853514267237,
            0.0015307330294144143,
            -0.0014982235049836488,
            0.0031358790367999986,
            -0.00865799865353676,
            -0.02693989968554423,
            0.003345264713184648
        ],
        [
            -0.1802563538243379,
            -0.12359791936178473,
            0.00013749740745827097,
            -0.020664999460096214,
            -0.005114631250495224,
            -0.06590812191212114,
            -0.0351454977207697,
            0.027830706235057442,
            0.275667029527005,
            -7.951134800761302e-05,
            0.29293219953534694,
            0.04679282998260916,
            -0.030959198726216226,
            -0.0027323203760446614,
            0.015358835558436987,
            -0.031610118784967306,
            0.02392109515436197,
            -0.06969455297005543,
            -0.22073689195013402,
            0.02729211462095668
        ],
        [
            -0.03642202336223218,
            -0.019411137891845443,
            0.0010465240713691995,
            0.024841975234198822,
            0.0033039346866124506,
            0.02453229019635335,
            -0.0030845664588347132,
            -0.0016624716521989476,
            -7.951134800761302e-05,
            0.00363922998155545,
            -0.01401845541302011,
            -0.0006053850958374423,
            -0.0006906478174165783,
            -0.017905225989811778,
            -0.00015062015793641594,
            -0.0020238499347555996,
            -0.000643129949890468,
            0.004010500652988586,
            0.011775071228219235,
            -0.0014665145818096772
        ],
        [
            0.042464557428321954,
            0.03368029755008081,
            -0.0004965636340465169,
            -0.042210838235999554,
            -0.0080491582965483,
            0.04767955032003793,
            0.09869628275501346,
            0.035190395825155166,
            0.29293219953534694,
            -0.01401845541302011,
            0.49636537095852235,
            0.15650105066086906,
            -0.02899818871524447,
            0.010320005193418202,
            0.015259001764922045,
            0.07980472489738381,
            0.10231182939907259,
            -0.0963148626392823,
            -0.3045742731916068,
            0.037317409116325945
        ],
        [
            0.022714535046573392,
