{
    "opt_E": -2.156622114605726,
    "HF_E": -2.123844533458534,
    "B3LYP_E": -2.1269236253627724,
    "sto-3G_E": -2.094636681084484,
    "proj": [
        [
            0.5893872731725549,
            0.3959568385956616,
            0.045876250913186804,
            -0.14919624171176976,
            0.03879057877011863,
            -0.03237201654025287,
            0.15062264639161607,
            0.08019422901377457,
            -0.13603875261233192,
            0.04926352053396213,
            0.02479871882453334,
            0.02302303181608273,
            0.0025322570925519045,
            0.07696857389126158,
            -8.593571018189625e-05,
            0.0014128718207507766,
            -0.02742200257780254,
            0.0019205982638074205,
            -0.01961728763166918,
            -0.006438376914089785
        ],
        [
            0.3959568385956616,
            0.28491879750073945,
            0.016459181276770204,
            -0.060168795833505165,
            0.014987849995144683,
            0.06752392315820946,
            0.1357748109694794,
            0.04716982297448387,
            -0.10570222623233029,
            0.03040423438107219,
            0.027266826731488888,
            0.023782521869608556,
            -0.0012707415635963275,
            -0.01727164104047347,
            0.0013846455206739767,
            -0.0377361816097059,
            -0.043927879458320544,
            0.002743189745118948,
            -0.022982605139873352,
            -0.005044918140932193
        ],
        [
            0.045876250913186804,
            0.016459181276770204,
            0.018339736878880998,
            -0.05191807726030581,
            0.014427651569195527,
            -0.08734784719756673,
            -0.019317163627433298,
            0.013421466776125155,
            0.02102477483579929,
            0.004061421250538867,
            0.010589348564871062,
            -0.013296736788650712,
            0.007739141020346957,
            0.05646766636525853,
            -0.009454857597059411,
            -0.008320549898862927,
            -0.004827709072694241,
            0.0019197916688403135,
            -0.017986554339890205,
            -0.006014745355556794
        ],
        [
            -0.14919624171176976,
            -0.060168795833505165,
            -0.05191807726030581,
            0.14807161182544656,
            -0.040914264060317444,
            0.24305907451819347,
            0.049417891164093466,
            -0.03931170925616722,
            -0.04437328219014417,
            -0.013959696256903421,
            -0.01838675186130743,
            0.03810568719810214,
            -0.020512736936571418,
            -0.15923161090121576,
            0.024236582760455743,
            0.01843957918940757,
            0.013039384326750206,
            -0.00422125438931673,
            0.042085440460177176,
            0.014696145118973623
        ],
        [
            0.03879057877011863,
            0.014987849995144683,
            0.014427651569195527,
            -0.040914264060317444,
            0.01137348360873185,
            -0.06713770982268137,
            -0.013581079304938147,
            0.010945283637493398,
            0.016569814969352094,
            0.0033087311384167512,
            0.010247969464666102,
            -0.009292176437119517,
            0.005998317036770538,
            0.04431248720797414,
            -0.007383623228820799,
            -0.005706139806643193,
            -0.00316982657138477,
            0.0016288018522916587,
            -0.01485108174148889,
            -0.004914275001450729
        ],
        [
            -0.03237201654025287,
            0.06752392315820946,
            -0.08734784719756673,
            0.24305907451819347,
            -0.06713770982268137,
            0.5284267196913791,
            0.20462855857666126,
            -0.037864889299320616,
            -0.08808471417662164,
            -0.01343779053879802,
            0.08845392243281326,
            0.13047235512513414,
            -0.0382663807746119,
            -0.3004992386319474,
            0.04078520775169428,
            0.04017363631017095,
            0.029751688344466523,
            0.0015400978694344815,
            0.015013358254426398,
            0.011047337730601955
        ],
        [
            0.15062264639161607,
            0.1357748109694794,
            -0.019317163627433298,
            0.049417891164093466,
            -0.013581079304938147,
            0.20462855857666126,
            0.13476327184285675,
            0.012669970120622123,
            -0.026354465488962465,
            0.00418406819736619,
            0.11271903355543615,
            0.08298694533962865,
            -0.012075844159611653,
            -0.08424426125318511,
            0.010230406898376234,
            0.029651836810768026,
            0.022369507974301178,
            0.006671860462862872,
            -0.036266902769149414,
            -0.00745391982330911
        ],
        [
            0.08019422901377457,
            0.04716982297448387,
            0.013421466776125155,
            -0.03931170925616722,
            0.010945283637493398,
            -0.037864889299320616,
            0.012669970120622123,
            0.016234590498165447,
            0.013370569487107775,
            0.005191890595319192,
            0.03651769237816389,
            0.008660655170445244,
            0.004059131787467493,
            0.03904943737672745,
            -0.005739018061632734,
            0.007279236890888175,
            0.006013007280450103,
            0.0031313031103154367,
            -0.023212493284021626,
            -0.006998712738816772
        ],
        [
            -0.13603875261233192,
            -0.10570222623233029,
            0.02102477483579929,
            -0.04437328219014417,
            0.016569814969352094,
            -0.08808471417662164,
            -0.026354465488962465,
            0.013370569487107775,
            0.2874863577202628,
            -0.03182445058395412,
            0.31519573964978626,
            0.05468386306549907,
            0.028378093349693295,
            0.06835930063082697,
            -0.05196351905178057,
            -0.055720773536506216,
            0.015430456834676079,
            0.02961543954672012,
            -0.2117186966545775,
            -0.057147505405963604
        ],
        [
            0.04926352053396213,
            0.03040423438107219,
            0.004061421250538867,
            -0.013959696256903421,
            0.0033087311384167512,
            -0.01343779053879802,
            0.00418406819736619,
            0.005191890595319192,
            -0.03182445058395412,
            0.0065666011912274376,
            -0.030051639061074973,
            -0.005920538120846314,
            -0.0016924882041039156,
            0.01294660913398861,
            0.004290422286551881,
            0.012147077875111614,
            0.0014147684023805267,
            -0.0028938619812438277,
            0.020064084007059613,
            0.004948266749048588
        ],
        [
            0.02479871882453334,
            0.027266826731488888,
            0.010589348564871062,
            -0.01838675186130743,
            0.010247969464666102,
            0.08845392243281326,
            0.11271903355543615,
            0.03651769237816389,
            0.31519573964978626,
            -0.030051639061074973,
            0.5067548852886345,
            0.17035122091414107,
            0.01832102357832721,
            0.03523523082624842,
            -0.046114772710804705,
            0.026347970852990423,
            0.08261002349344819,
            0.04143137417393859,
            -0.2800338241545602,
            -0.07448884623120802
        ],
        [
            0.02302303181608273,
            0.023782521869608556,
            -0.013296736788650712,
            0.03810568719810214,
