{
    "opt_E": -2.2090883054897534,
    "HF_E": -2.176588468102149,
    "B3LYP_E": -2.1793736288786345,
    "sto-3G_E": -2.161956555275176,
    "proj": [
        [
            0.5930441993501301,
            0.37296507952422553,
            0.03177618805037395,
            -0.16182654631968366,
            0.005149830683476857,
            -0.03798993309758854,
            0.15964263489284233,
            0.05964063870625856,
            -0.19314734059895813,
            0.01769812910577674,
            0.0370140794947459,
            0.020018382007485975,
            0.0033846220238751843,
            0.06159100588864998,
            0.004510649753186152,
            -0.001253222314787905,
            -0.026633790460463058,
            0.005421827096486632,
            -0.023504196762345015,
            0.0046705081354570235
        ],
        [
            0.37296507952422553,
            0.2591139211429667,
            0.008004041782551397,
            -0.047379270861888964,
            0.0007572238934853331,
            0.09094837458524356,
            0.14303792153638534,
            0.029966550809430142,
            -0.13012461806838624,
            0.0070247909552105595,
            0.017799726013731167,
            0.02293343446431254,
            -0.003071352640614388,
            -0.02640269606370058,
            -0.0037638919145492706,
            -0.0294333544925252,
            -0.0369779763278285,
            0.002362952378626358,
            -0.012000827715085495,
            0.0018787115343334199
        ],
        [
            0.03177618805037395,
            0.008004041782551397,
            0.00839070634057447,
            -0.038603613459097616,
            0.001697100464724122,
            -0.0639974027263352,
            -0.013418174258261625,
            0.007682043609396978,
            1.971997314394645e-05,
            0.003789955227469589,
            0.01300881928070218,
            -0.007681465901663331,
            0.005131792768998038,
            0.029881417683159203,
            0.0059630568883284885,
            -0.006164156580700769,
            -0.0025000484374112144,
            0.0023757818719171617,
            -0.01289771847245028,
            0.0022428195457524867
        ],
        [
            -0.16182654631968366,
            -0.047379270861888964,
            -0.038603613459097616,
            0.1784093117641993,
            -0.007749628338021997,
            0.28982005899313723,
            0.05724718196940964,
            -0.03586739854706587,
            0.01178015176309496,
            -0.016891989397833408,
            -0.049133033655309286,
            0.035696356833876126,
            -0.022056281616857236,
            -0.13954967570888488,
            -0.02577243738372084,
            0.02019611174955444,
            0.009292365100476936,
            -0.009674503322688155,
            0.05127243918273892,
            -0.00912327521783291
        ],
        [
            0.005149830683476857,
            0.0007572238934853331,
            0.001697100464724122,
            -0.007749628338021997,
            0.00034803415332940293,
            -0.013416507784506879,
            -0.003214622716538608,
            0.0014814783042402205,
            0.0007314894047883616,
            0.0007779082922217792,
            0.0029598499703519542,
            -0.0017968420986655897,
            0.0011572733404920143,
            0.005820232124619779,
            0.0013304584736998667,
            -0.0021258507969120796,
            -0.0009179862097807989,
            0.0005458641643581356,
            -0.003051317403663052,
            0.0005159584884551813
        ],
        [
            -0.03798993309758854,
            0.09094837458524356,
            -0.0639974027263352,
            0.28982005899313723,
            -0.013416507784506879,
            0.5963481016760009,
            0.21857231703363278,
            -0.040128915788659014,
            -0.03296725849546049,
            -0.02099945635283291,
            -0.0004356068518872716,
            0.11572251113133038,
            -0.040192511004226494,
            -0.26410106081122664,
            -0.046836859649626916,
            0.03926063052312169,
            0.019700386194821885,
            -0.010379901200556527,
            0.05226053128226485,
            -0.010003141277084108
        ],
        [
            0.15964263489284233,
            0.14303792153638534,
            -0.013418174258261625,
            0.05724718196940964,
            -0.003214622716538608,
            0.21857231703363278,
            0.14832224144223155,
            0.008351448734930917,
            -0.0216862605558739,
            0.003819268944049833,
            0.11000138380669572,
            0.08818165994089483,
            -0.009604687968301384,
            -0.07823045649685623,
            -0.011020840061092371,
            0.022527967989414047,
            0.022836184964080703,
            0.005796414813656429,
            -0.03578499294151222,
            0.005276584931200991
        ],
        [
            0.05964063870625856,
            0.029966550809430142,
            0.007682043609396978,
            -0.03586739854706587,
            0.0014814783042402205,
            -0.040128915788659014,
            0.008351448734930917,
            0.010514604730801201,
            0.0009298247697925984,
            0.005454904159905336,
            0.03996822345095401,
            0.008379727951478922,
            0.004655503361673227,
            0.023655843205618136,
            0.005465736258602442,
            -0.0007210867156694416,
            0.004018234858229035,
            0.004202651829920585,
            -0.023706190554416202,
            0.003941360694711788
        ],
        [
            -0.19314734059895813,
            -0.13012461806838624,
            1.971997314394645e-05,
            0.01178015176309496,
            0.0007314894047883616,
            -0.03296725849546049,
            -0.0216862605558739,
            0.0009298247697925984,
            0.20847033727261333,
            0.015125370475025433,
            0.2705281283369746,
            0.07111288704874473,
            0.021695370419790267,
            -0.014859338895355904,
            0.02397437544627307,
            -0.05454741547871544,
            0.026703260435573816,
            0.025206496251844932,
            -0.1563322862993719,
            0.02395109527910753
        ],
        [
            0.01769812910577674,
            0.0070247909552105595,
            0.003789955227469589,
            -0.016891989397833408,
            0.0007779082922217792,
            -0.02099945635283291,
            0.003819268944049833,
            0.005454904159905336,
            0.015125370475025433,
            0.003867006336912232,
            0.04030732724128736,
            0.009954131338896614,
            0.003831007232089572,
            0.010304475270791678,
            0.004392388655754116,
            -0.004128218559087495,
            0.00407052819704843,
            0.00396631749796128,
            -0.023405629071808657,
            0.0037406330174286234
        ],
        [
            0.0370140794947459,
            0.017799726013731167,
            0.01300881928070218,
            -0.049133033655309286,
            0.0029598499703519542,
            -0.0004356068518872716,
            0.11000138380669572,
            0.03996822345095401,
            0.2705281283369746,
            0.04030732724128736,
            0.580551619563693,
            0.2057851987494721,
            0.03286832951016881,
            0.012142978992286713,
            0.03752310134710938,
            -0.00981049013065516,
            0.09832629858228875,
            0.05019139056200223,
            -0.3020109794420382,
            0.0474024573195246
        ],
        [
            0.020018382007485975,
            0.02293343446431254,
            -0.007681465901663331,
