{
    "opt_E": -2.211604751253947,
    "HF_E": -2.1799088008375826,
    "B3LYP_E": -2.1822164475959878,
    "sto-3G_E": -2.1691370927725067,
    "proj": [
        [
            0.5603810195513608,
            0.3428681459065005,
            0.020688805829608786,
            -0.16750764892727688,
            0.036630028859031105,
            0.020880356433512964,
            0.1721785471892041,
            0.05256535382110884,
            -0.23994228733920703,
            0.06339206858273766,
            0.03242470774226539,
            0.027405008962433346,
            0.008877741591832435,
            0.03799048647304224,
            0.0035358706067622364,
            -0.0005949128147612556,
            -0.02895768867065883,
            0.0012066754915736524,
            -0.018411560225224912,
            -0.0039015664582830512
        ],
        [
            0.3428681459065005,
            0.22656874148406192,
            0.004497102893404335,
            -0.051399162723354305,
            0.010522036339976506,
            0.10564469111472233,
            0.13699795609855997,
            0.023181205759526317,
            -0.13936359950343852,
            0.03187164551488523,
            0.02312603510276524,
            0.0259026386867895,
            -0.007840150560374522,
            -0.02927834343532079,
            0.00039666168526641737,
            -0.025011188230778147,
            -0.03301091043225655,
            0.00029827321997554206,
            -0.012449372699058941,
            -0.0020938262849721045
        ],
        [
            0.020688805829608786,
            0.004497102893404335,
            0.005811158805710855,
            -0.03596543577536955,
            0.008444068072739827,
            -0.051157363316995434,
            -0.008980451987178471,
            0.009457198375562114,
            -0.004684341361436959,
            0.006448631603574763,
            0.015551856748968739,
            -0.004025157900280076,
            0.008112568507538952,
            0.02290240708342375,
            -0.001556339803223841,
            -0.0073697790208855085,
            -0.002888947460282189,
            -0.0006378087846824601,
            -0.01379903877083458,
            -0.0030552627354230627
        ],
        [
            -0.16750764892727688,
            -0.051399162723354305,
            -0.03596543577536955,
            0.2291773234265425,
            -0.05321939181045123,
            0.31126064009538595,
            0.049497916139372766,
            -0.05520054781395381,
            0.06585831409662858,
            -0.043214024578159066,
            -0.053957132035320106,
            0.03408914944706121,
            -0.04860335981026845,
            -0.14845876408050976,
            0.005511795273166153,
            0.02765500917957638,
            0.016894121899219693,
            0.0021210091069434863,
            0.059137132819151915,
            0.013618082612866143
        ],
        [
            0.036630028859031105,
            0.010522036339976506,
            0.008444068072739827,
            -0.05321939181045123,
            0.012414915269077263,
            -0.07295742491716604,
            -0.011498735684995133,
            0.013438271256528465,
            -0.012075384964434902,
            0.009931903956063541,
            0.017636452286379074,
            -0.006360026260803242,
            0.011554656221899466,
            0.034435901877340115,
            -0.0016330138006703917,
            -0.007198050607399764,
            -0.0033120906679634044,
            -0.0006749593504890947,
            -0.016552059504288844,
            -0.003734264617062247
        ],
        [
            0.020880356433512964,
            0.10564469111472233,
            -0.051157363316995434,
            0.31126064009538595,
            -0.07295742491716604,
            0.5719546945331109,
            0.20008793510557737,
            -0.058704153882572566,
            0.011091130697380833,
            -0.0398126959508053,
            -0.007944000803980934,
            0.10089532923845006,
            -0.07935078632129619,
            -0.2472340784988641,
            0.0074676078033606656,
            0.03926840449934212,
            0.020576398571860638,
            0.002141565370347916,
            0.057552041982825465,
            0.014528059079106703
        ],
        [
            0.1721785471892041,
            0.13699795609855997,
            -0.008980451987178471,
            0.049497916139372766,
            -0.011498735684995133,
            0.20008793510557737,
            0.13661640434773364,
            0.01056326044461958,
            -0.02397922312712367,
            0.007449999509387065,
            0.10956725745482976,
            0.08364097892553655,
            -0.01955139940992158,
            -0.06643262990392508,
            -0.0009288399733323003,
            0.0215313787684177,
            0.02312296505649488,
            -0.0018953674638505205,
            -0.03549219967048825,
            -0.006286121244027011
        ],
        [
            0.05256535382110884,
            0.023181205759526317,
            0.009457198375562114,
            -0.05520054781395381,
            0.013438271256528465,
            -0.058704153882572566,
            0.01056326044461958,
            0.024145305282221086,
            0.01271768529271964,
            0.01227832949374638,
            0.09100399955421608,
            0.022977542485593094,
            0.013070689234132255,
            0.029723194135345115,
            -0.0054836714026668875,
            -0.011091845279411927,
            0.0070106933536654035,
            -0.00291657068224905,
            -0.05361829651631476,
            -0.011169482442856421
        ],
        [
            -0.23994228733920703,
            -0.13936359950343852,
            -0.004684341361436959,
            0.06585831409662858,
            -0.012075384964434902,
            0.011091130697380833,
            -0.02397922312712367,
            0.01271768529271964,
            0.21427095215557565,
            -0.023386947846616768,
            0.23898741838532056,
            0.07332861375617235,
            0.003874502851084017,
            -0.037657627253997336,
            -0.018568375128137943,
            -0.048662430537670866,
            0.028904933207271583,
            -0.009233264820119613,
            -0.1311589411851055,
            -0.02629074198818092
        ],
        [
            0.06339206858273766,
            0.03187164551488523,
            0.006448631603574763,
            -0.043214024578159066,
            0.009931903956063541,
            -0.0398126959508053,
            0.007449999509387065,
            0.01227832949374638,
            -0.023386947846616768,
            0.010575148275575727,
            0.017104053113931476,
            0.001279886639681057,
            0.007501355281455204,
            0.02399959125551214,
            -0.0005742425902123638,
            -0.0004765032880945991,
            -0.0008882512435358586,
            -0.00035853543104728066,
            -0.012157989932907608,
            -0.002700074797564681
        ],
        [
            0.03242470774226539,
            0.02312603510276524,
            0.015551856748968739,
            -0.053957132035320106,
            0.017636452286379074,
            -0.007944000803980934,
            0.10956725745482976,
            0.09100399955421608,
            0.23898741838532056,
            0.017104053113931476,
            0.5954697193676028,
            0.21826188200222857,
            0.027943129663575924,
            0.013674825488213667,
            -0.03222915596951276,
            -0.024163737782524137,
            0.09483807645843144,
            -0.018636865746878593,
            -0.30760859332948604,
            -0.06232506354335255
        ],
        [
            0.027405008962433346,
            0.0259026386867895,
            -0.004025157900280076,
