{
    "opt_E": -2.20159093498029,
    "HF_E": -2.1699711820620697,
    "B3LYP_E": -2.172285776081832,
    "sto-3G_E": -2.1569574618368046,
    "proj": [
        [
            0.5542316118923096,
            0.34693008714853274,
            0.026531113075842997,
            -0.175715389925672,
            0.01189171685947747,
            0.022742198481630577,
            0.17547182670819628,
            0.05151846423040653,
            -0.23205690064103524,
            0.025958940258267872,
            0.04502197957957482,
            0.02693369222779868,
            -0.0006420767534139407,
            0.04553547176288671,
            -0.003297568787600652,
            -0.0012306669665543301,
            -0.031919922369282566,
            0.0036710472355896296,
            -0.023317121603800287,
            0.008747214269263583
        ],
        [
            0.34693008714853274,
            0.23233981087205688,
            0.007873689135706135,
            -0.05970895385711782,
            0.0032571738390214837,
            0.10001904512350138,
            0.13650374178934055,
            0.02698667284994894,
            -0.142204700047659,
            0.013928024997390752,
            0.02859856895908814,
            0.02342250215954512,
            -0.0022734004041074798,
            -0.027139476423200082,
            -0.002217831732912176,
            -0.028413497407545684,
            -0.03732535698309424,
            0.0020897395880188616,
            -0.01536184184388578,
            0.004924842161262575
        ],
        [
            0.026531113075842997,
            0.007873689135706135,
            0.0072674782142566775,
            -0.042653964503015784,
            0.003471379997634421,
            -0.055877978103785204,
            -0.008259568714844885,
            0.0062275881703210976,
            -0.006655436675201116,
            0.003052686862536667,
            0.011034989176938627,
            -0.006517970162465726,
            0.002520179583192854,
            0.03105923476918041,
            0.0036015269897768133,
            -0.005382059282008598,
            -0.003445942862014815,
            0.0012825897100738933,
            -0.01137783724109389,
            0.0037677283019886747
        ],
        [
            -0.175715389925672,
            -0.05970895385711782,
            -0.042653964503015784,
            0.251324865584867,
            -0.020340885690898942,
            0.3191754086083396,
            0.040901877046522,
            -0.03762199188527027,
            0.051731316330608,
            -0.018383343916162413,
            -0.058455334891059745,
            0.03732521931959424,
            -0.014013449116637591,
            -0.18104726212881989,
            -0.01942715309128833,
            0.02633447879502254,
            0.019422507227448652,
            -0.007074973319377476,
            0.06165523779109449,
            -0.02066033852636251
        ],
        [
            0.01189171685947747,
            0.0032571738390214837,
            0.003471379997634421,
            -0.020340885690898942,
            0.0016617224853273482,
            -0.027169082352833742,
            -0.004468633148228785,
            0.002897448855029511,
            -0.003081262948726492,
            0.001411192461247665,
            0.004588907594659834,
            -0.0037178324412289144,
            0.0012431259192764183,
            0.014610159389584543,
            0.001815812574467408,
            -0.003500078343756619,
            -0.0023084486560230326,
            0.0006014176500447407,
            -0.0053723336260624015,
            0.0017735749323819683
        ],
        [
            0.022742198481630577,
            0.10001904512350138,
            -0.055877978103785204,
            0.3191754086083396,
            -0.027169082352833742,
            0.5569045059911535,
            0.18613187798383057,
            -0.03068636512385726,
            -0.005918311299607672,
            -0.013494717083118168,
            0.00842754318569045,
            0.10712692465573094,
            -0.02152004700658455,
            -0.2777106270582781,
            -0.028148552308072932,
            0.03749431013226701,
            0.02519030211892768,
            -0.0057217796997171754,
            0.04893964425944629,
            -0.01759258518496892
        ],
        [
            0.17547182670819628,
            0.13650374178934055,
            -0.008259568714844885,
            0.040901877046522,
            -0.004468633148228785,
            0.18613187798383057,
            0.1318315447766808,
            0.01020593591437215,
            -0.02263436236579043,
            0.0070010030817544205,
            0.11920203243346267,
            0.08317966998350926,
            -0.00453525676143622,
            -0.06312123884482063,
            -0.0038505219302198647,
            0.022471699481469366,
            0.02401150122263889,
            0.004129035025738078,
            -0.039754663984617994,
            0.011399879041142449
        ],
        [
            0.05151846423040653,
            0.02698667284994894,
            0.0062275881703210976,
            -0.03762199188527027,
            0.002897448855029511,
            -0.03068636512385726,
            0.01020593591437215,
            0.007784453448730921,
            -0.009889769877076463,
            0.004099257898499529,
            0.028344959258058338,
            0.00580526635206753,
            0.0018437831610600807,
            0.023541872058518803,
            0.0028808514291334005,
            -0.00017236969444225258,
            0.0013128838567449844,
            0.0018561661107410097,
            -0.01678183522942284,
            0.005340411567366875
        ],
        [
            -0.23205690064103524,
            -0.142204700047659,
            -0.006655436675201116,
            0.051731316330608,
            -0.003081262948726492,
            -0.005918311299607672,
            -0.02263436236579043,
            -0.009889769877076463,
            0.24248686655805363,
            -0.0014795869518934527,
            0.2666759279091008,
            0.0766056007121967,
            0.011175665231393446,
            -0.019281848543605783,
            0.02957826563238823,
            -0.05774333491219227,
            0.02818368529882225,
            0.013832424096951892,
            -0.1475461927641163,
            0.042323672944886516
        ],
        [
            0.025958940258267872,
            0.013928024997390752,
            0.003052686862536667,
            -0.018383343916162413,
            0.001411192461247665,
            -0.013494717083118168,
            0.0070010030817544205,
            0.004099257898499529,
            -0.0014795869518934527,
            0.0022460568501069885,
            0.0212619081085343,
            0.005595060582320848,
            0.0010961599634790643,
            0.011132956129457663,
            0.0019691516064881923,
            -0.0007856904515916623,
            0.0014909073170939569,
            0.0012770067964764874,
            -0.011964736241528592,
            0.0037097638855301935
        ],
        [
            0.04502197957957482,
            0.02859856895908814,
            0.011034989176938627,
            -0.058455334891059745,
            0.004588907594659834,
            0.00842754318569045,
            0.11920203243346267,
            0.028344959258058338,
            0.2666759279091008,
            0.0212619081085343,
            0.5806643308086226,
            0.20760506592160288,
            0.017747803158012637,
            0.03996836009509784,
            0.044457361642734956,
            -0.020302859526356958,
            0.08955265917522186,
            0.029242380406666078,
            -0.29428546449106285,
            0.08693180482285161
        ],
        [
            0.02693369222779868,
            0.02342250215954512,
            -0.006517970162465726,
            0.03732521931959424,
