{
    "opt_E": -2.197258210763632,
    "HF_E": -2.1670021246898283,
    "B3LYP_E": -2.168921465358598,
    "sto-3G_E": -2.1577360433957367,
    "proj": [
        [
            0.5766349080099885,
            0.35665763977020926,
            -0.005394993405566635,
            -0.16946891925806315,
            0.05281354568649082,
            -0.010497134017623005,
            0.16637967977518178,
            -0.005916820566347467,
            -0.20968540103525735,
            0.09076441761390353,
            0.03575053991528625,
            0.023573918750825956,
            0.0006619478373599374,
            0.044106141182700016,
            0.003927030234241262,
            -0.000998801022564554,
            -0.023220875720107642,
            0.006887092921284793,
            -0.03080319301585983,
            -0.004389392511680788
        ],
        [
            0.35665763977020926,
            0.2417336944709799,
            -0.0017934970343984236,
            -0.05138978247801316,
            0.014875723001915349,
            0.09775603925096593,
            0.14136146534192787,
            -0.003196989881302633,
            -0.13079240683396404,
            0.044298279788086974,
            0.023098766299136163,
            0.025109467235440476,
            -0.00027240059729389285,
            -0.034618181262657755,
            -0.004460708967702807,
            -0.02847611922423094,
            -0.03022889164138809,
            0.004005446645666941,
            -0.021876606742171324,
            -0.0028595568833612883
        ],
        [
            -0.005394993405566635,
            -0.0017934970343984236,
            0.00017511906003077628,
            0.00600026659582612,
            -0.001998937174700514,
            0.008415744833646972,
            0.0012771780664113843,
            5.759649251733606e-05,
            0.0008395752472170545,
            -0.0019131531278508826,
            -0.0018945196964282288,
            0.0006777227662158632,
            -0.00039730756467679844,
            -0.00419523361938331,
            -0.000265691852025618,
            -0.0004127231372691815,
            -0.0002125876937194469,
            -0.0004226226923706916,
            0.0018738555338578473,
            0.00040016627694524465
        ],
        [
            -0.16946891925806315,
            -0.05138978247801316,
            0.00600026659582612,
            0.20910958464103574,
            -0.0698474506106251,
            0.3046286666240627,
            0.056551793964346994,
            0.0020073452312570016,
            0.024605169584396933,
            -0.06393763255047537,
            -0.05202784100294527,
            0.0412773361184514,
            -0.017566885974337105,
            -0.13095045900212893,
            -0.00587495914049149,
            0.023480681064481913,
            0.016186689081070873,
            -0.015838687729731266,
            0.07217237358449437,
            0.015439005344530663
        ],
        [
            0.05281354568649082,
            0.014875723001915349,
            -0.001998937174700514,
            -0.0698474506106251,
            0.02347599911894638,
            -0.10266467400512277,
            -0.01924655287605321,
            -0.0004944808982952234,
            -0.0027997105186787193,
            0.021423641987621592,
            0.024434296501478724,
            -0.01269293065948013,
            0.006745091719197219,
            0.041841303280391214,
            0.001221092929487081,
            -0.010125802711384751,
            -0.005585912009264538,
            0.006362110438071043,
            -0.029733202301251996,
            -0.006327316634352087
        ],
        [
            -0.010497134017623005,
            0.09775603925096593,
            0.008415744833646972,
            0.3046286666240627,
            -0.10266467400512277,
            0.5832288435948341,
            0.21332974551602818,
            0.002131375129414875,
            -0.025933088203185777,
            -0.0674632729864223,
            4.7418043758941294e-05,
            0.11570064078596799,
            -0.026985220277451177,
            -0.23859470168901797,
            -0.014643430339411288,
            0.04363109708986442,
            0.02924451252938358,
            -0.016407296045136993,
            0.0686072311492676,
            0.01635024747691628
        ],
        [
            0.16637967977518178,
            0.14136146534192787,
            0.0012771780664113843,
            0.056551793964346994,
            -0.01924655287605321,
            0.21332974551602818,
            0.14128839238779287,
            0.0005492419697522641,
            -0.030375114371561016,
            0.008244834520710693,
            0.09380541708147047,
            0.07852165829895749,
            -0.00498511994245532,
            -0.0761292137081919,
            -0.007827664352340865,
            0.03186667383468527,
            0.025225890242253562,
            0.00543358353272931,
            -0.032166929792079815,
            -0.005205183063898639
        ],
        [
            -0.005916820566347467,
            -0.003196989881302633,
            5.759649251733606e-05,
            0.0020073452312570016,
            -0.0004944808982952234,
            0.002131375129414875,
            0.0005492419697522641,
            0.0002487177066818682,
            0.007072164597870599,
            -0.0004070604036981178,
            0.009399487282713,
            0.0029791897827827576,
            0.0006763632642877138,
            -0.0023433750129907144,
            -0.0007255034232072189,
            0.00019830202547369366,
            0.0017397605109571415,
            0.0011171194231681958,
            -0.005883835354236313,
            -0.0012201267301155576
        ],
        [
            -0.20968540103525735,
            -0.13079240683396404,
            0.0008395752472170545,
            0.024605169584396933,
            -0.0027997105186787193,
            -0.025933088203185777,
            -0.030375114371561016,
            0.007072164597870599,
            0.2180530625228162,
            -0.00904067441668324,
            0.2553308886218332,
            0.05684446676905318,
            0.02485998527536956,
            -0.04443331092594249,
            -0.020592575402589616,
            -0.02164289335192114,
            0.033166939220579145,
            0.03401167597086922,
            -0.17757923860879377,
            -0.03727243971814407
        ],
        [
            0.09076441761390353,
            0.044298279788086974,
            -0.0019131531278508826,
            -0.06393763255047537,
            0.021423641987621592,
            -0.0674632729864223,
            0.008244834520710693,
            -0.0004070604036981178,
            -0.00904067441668324,
            0.02494518691916996,
            0.04708115138405187,
            0.0047084519892553415,
            0.005629840671961835,
            0.033149653785612535,
            0.00041803191826840643,
            0.00228364460978029,
            0.0033266516834534435,
            0.0076999391992338,
            -0.036991246017755997,
            -0.0075556142035854675
        ],
        [
            0.03575053991528625,
            0.023098766299136163,
            -0.0018945196964282288,
            -0.05202784100294527,
            0.024434296501478724,
            4.7418043758941294e-05,
            0.09380541708147047,
            0.009399487282713,
            0.2553308886218332,
            0.04708115138405187,
            0.5375663774143588,
            0.17578476248460406,
            0.03495670696881602,
            -0.019775962335442366,
            -0.0266361136386361,
            0.06891857418260491,
            0.11511273910270502,
            0.06385199076306816,
            -0.32764933154770337,
            -0.06720556098065752
        ],
        [
            0.023573918750825956,
            0.025109467235440476,
