{
    "opt_E": -2.168712584629999,
    "HF_E": -2.139221322287285,
    "B3LYP_E": -2.1412089938532324,
    "sto-3G_E": -2.1230950537862237,
    "proj": [
        [
            0.5715583983886803,
            0.37122468279107623,
            0.001691168181527561,
            -0.17919910389743174,
            -0.011490177689877078,
            -0.011233915499116853,
            0.16898870568344115,
            -0.0023204004277777696,
            -0.19297443293553654,
            -0.025319865824017917,
            0.04085999475094774,
            0.02452174043849905,
            -0.0017351787249291009,
            0.06153133195578258,
            -0.003143029259420444,
            0.0016328463691372033,
            -0.028376912748456353,
            0.004537412254463598,
            -0.036828433878111765,
            -0.000863752146342295
        ],
        [
            0.37122468279107623,
            0.2590810559773692,
            0.0008736640832049911,
            -0.06943495773923267,
            -0.003969706345268222,
            0.0785540438256662,
            0.14091056914331512,
            -0.00023612207328845363,
            -0.12620465780126072,
            -0.013097904765358373,
            0.035939058617610604,
            0.022480912511645378,
            0.003547888487004662,
            -0.02867203358588382,
            0.002183518586593366,
            -0.03771161482095035,
            -0.04018169539838917,
            0.004313198206002687,
            -0.03866548020093854,
            -5.966225635803895e-05
        ],
        [
            0.001691168181527561,
            0.0008736640832049911,
            1.0553734643307212e-05,
            -0.0015088107224188506,
            -0.0001114087636833313,
            -0.0017241782046207008,
            -6.797849440706862e-05,
            -4.7089658396837574e-05,
            -0.00016387911533502245,
            -0.0001616830263139486,
            0.00025283729713067847,
            -0.00034162774789780917,
            7.386300864454689e-06,
            0.0007999048953332723,
            -8.969698039040786e-05,
            -0.00048700064228384977,
            -0.0003804972851429148,
            7.904064926628965e-05,
            -0.0006260552705878555,
            3.383269146134899e-06
        ],
        [
            -0.17919910389743174,
            -0.06943495773923267,
            -0.0015088107224188506,
            0.23595266008306545,
            0.017681998784944426,
            0.3134881568189306,
            0.04937480255872159,
            0.008266242328115484,
            -0.011654802916906475,
            0.024318140160199148,
            -0.047187412912718635,
            0.04781764719485804,
            0.0024123673414304827,
            -0.16694194138120425,
            0.01620508025182699,
            0.02790329140234825,
            0.024747819258641814,
            -0.011144155365125013,
            0.08576570899755294,
            -0.0003086224075652442
        ],
        [
            -0.011490177689877078,
            -0.003969706345268222,
            -0.0001114087636833313,
            0.017681998784944426,
            0.0013405824546727859,
            0.024221993266332537,
            0.00433532969394728,
            0.0006783247859301553,
            -0.0026903547271101805,
            0.0018522282038656206,
            -0.004737338814813069,
            0.003829095377994654,
            4.624717406596361e-05,
            -0.011925078916990317,
            0.0012516223365972566,
            0.0033278598959805253,
            0.002361431085321523,
            -0.0010130278522099867,
            0.007946547640273501,
            -5.212350527752856e-05
        ],
        [
            -0.011233915499116853,
            0.0785540438256662,
            -0.0017241782046207008,
            0.3134881568189306,
            0.024221993266332537,
            0.554988814103599,
            0.1955616184023583,
            0.009985437400133882,
            -0.06076893761793018,
            0.0239560902867452,
            0.038573634879837324,
            0.12548668170085442,
            0.006810548473217735,
            -0.26902702844709037,
            0.02592664638404502,
            0.056306962535566496,
            0.04342018031994118,
            -0.00899180167986667,
            0.06114235430687721,
            -2.429684306271693e-05
        ],
        [
            0.16898870568344115,
            0.14091056914331512,
            -6.797849440706862e-05,
            0.04937480255872159,
            0.00433532969394728,
            0.1955616184023583,
            0.13314460834578756,
            0.000225482098487815,
            -0.032910260520271996,
            -0.0034823252946904614,
            0.10243357133099537,
            0.07549388977481823,
            0.003754862448060276,
            -0.07469080174978747,
            0.007247049677740632,
            0.03506354304022242,
            0.024126027050743376,
            0.0040399450204915335,
            -0.03927580656328195,
            0.00038010652292321483
        ],
        [
            -0.0023204004277777696,
            -0.00023612207328845363,
            -4.7089658396837574e-05,
            0.008266242328115484,
            0.0006783247859301553,
            0.009985437400133882,
            0.000225482098487815,
            0.000786566425213211,
            -0.011227010787429152,
            0.0015120887514263196,
            -0.016510492526435543,
            -0.0024586732264644568,
            -0.00042179175071091284,
            -0.004676502884465162,
            0.0007107583069084383,
            -0.00032737698523814914,
            -0.0018102403430334858,
            -0.0015927829261055048,
            0.01328462488937883,
            -0.00016147006390315754
        ],
        [
            -0.19297443293553654,
            -0.12620465780126072,
            -0.00016387911533502245,
            -0.011654802916906475,
            -0.0026903547271101805,
            -0.06076893761793018,
            -0.032910260520271996,
            -0.011227010787429152,
            0.2733267919247518,
            -0.011951587483869106,
            0.2865087064371331,
            0.046639392489349306,
            0.012935132991737288,
            -0.021671952805299828,
            -0.005892511783959707,
            -0.028071486641917467,
            0.02566487771554142,
            0.02711851411905748,
            -0.23050975023369877,
            0.003679268909639876
        ],
        [
            -0.025319865824017917,
            -0.013097904765358373,
            -0.0001616830263139486,
            0.024318140160199148,
            0.0018522282038656206,
            0.0239560902867452,
            -0.0034823252946904614,
            0.0015120887514263196,
            -0.011951587483869106,
            0.003751825632091325,
            -0.028442306927826514,
            -0.003900024794383473,
            -0.0004279134095691065,
            -0.014372736427632113,
            0.0016315229250150924,
            -0.0015514700695133184,
            -0.0024017896356850954,
            -0.002840087555592815,
            0.023435798973140357,
            -0.0002195757274493449
        ],
        [
            0.04085999475094774,
            0.035939058617610604,
            0.00025283729713067847,
            -0.047187412912718635,
            -0.004737338814813069,
            0.038573634879837324,
            0.10243357133099537,
            -0.016510492526435543,
            0.2865087064371331,
            -0.028442306927826514,
            0.49503822082956817,
            0.1561917048780276,
            0.01283650659672733,
            0.00023999293270101282,
            -0.005372940372209971,
            0.08722526509696107,
            0.10551504057186564,
            0.037973505855192574,
            -0.32376665843481495,
            0.004200943478236425
        ],
        [
            0.02452174043849905,
