{
    "opt_E": -2.2051778544722316,
    "HF_E": -2.173380061593466,
    "B3LYP_E": -2.176295322104333,
    "sto-3G_E": -2.1599791937136033,
    "proj": [
        [
            0.5951121694605169,
            0.3719986870783999,
            0.042807163671940845,
            -0.16036733270070264,
            0.020461201097194688,
            -0.035952595519819726,
            0.15862670961084105,
            0.06706475374392963,
            -0.1850568738490177,
            0.03448377379466306,
            0.04479485628101259,
            0.01737946745440776,
            -0.004528040648858091,
            0.06534376739503811,
            -0.003297224454977684,
            -0.0016941954836627903,
            -0.026083950586806057,
            -0.00016567243910723737,
            -0.030079521432305904,
            0.004015026451228872
        ],
        [
            0.3719986870783999,
            0.25685845074270497,
            0.01168793851167652,
            -0.047051850293634824,
            0.0053169851145313295,
            0.09024609734643559,
            0.14133290163545495,
            0.03700349407911178,
            -0.12766690646852288,
            0.0188003673060316,
            0.02069920681965656,
            0.020883995815777975,
            0.0012529737428082185,
            -0.026746041288156382,
            -0.0009973194393352815,
            -0.028686301849774422,
            -0.037119865326024334,
            0.0002701161694732423,
            -0.01386624672316863,
            0.001965346169796061
        ],
        [
            0.042807163671940845,
            0.01168793851167652,
            0.013682491058032003,
            -0.04877329371256903,
            0.006760138905399338,
            -0.07984887450767598,
            -0.01644449779210243,
            0.007676799510246011,
            0.0015430072158299159,
            0.004187501544689404,
            0.016416746827316156,
            -0.010402612801336135,
            -0.0037044115294652966,
            0.03998102373114694,
            0.0012373334237502107,
            -0.008191610184176114,
            -0.002873006633835769,
            -0.00046469307992917923,
            -0.017449558114077345,
            0.0022477994179814693
        ],
        [
            -0.16036733270070264,
            -0.047051850293634824,
            -0.04877329371256903,
            0.1740853352228828,
            -0.024087297494558953,
            0.2823829886971063,
            0.05674372239607143,
            -0.02831672316656545,
            0.0013929549067404103,
            -0.01529960643378344,
            -0.051382483502660385,
            0.03844084526394256,
            0.012908155757809597,
            -0.14269534043811136,
            -0.003955457008879343,
            0.02702148755651982,
            0.010717380634139477,
            0.0015592711757221136,
            0.057684087212455694,
            -0.007361452048805454
        ],
        [
            0.020461201097194688,
            0.0053169851145313295,
            0.006760138905399338,
            -0.024087297494558953,
            0.003342071332276298,
            -0.039810045465263455,
            -0.008508685391371486,
            0.003726955420486256,
            0.0009642193084559816,
            0.002030748831729847,
            0.007836493199071032,
            -0.005524218393344742,
            -0.0018429589532697388,
            0.01955209950158529,
            0.0006655434064462941,
            -0.00480096383849856,
            -0.0018932436149434392,
            -0.00023166414021045316,
            -0.008712207717725011,
            0.0011183096493689265
        ],
        [
            -0.035952595519819726,
            0.09024609734643559,
            -0.07984887450767598,
            0.2823829886971063,
            -0.039810045465263455,
            0.5849664347383321,
            0.21815910348435352,
            -0.027980939172280676,
            -0.043597995896994944,
            -0.01457162197544908,
            0.005391845204474896,
            0.12078749960562839,
            0.022437647207407693,
            -0.2720375557185454,
            -0.006689289859169351,
            0.04786162902776917,
            0.021147491107937694,
            0.0022515006107646147,
            0.05658076474976219,
            -0.006144564430483921
        ],
        [
            0.15862670961084105,
            0.14133290163545495,
            -0.01644449779210243,
            0.05674372239607143,
            -0.008508685391371486,
            0.21815910348435352,
            0.14688662474946615,
            0.006621642893380344,
            -0.022020593971621913,
            0.0047810578822733135,
            0.10929011618169261,
            0.08649104367880371,
            0.004749243823439212,
            -0.08234229812845492,
            -0.0010264122930074555,
            0.022783689238433047,
            0.02122639345429844,
            -0.00012925611408458378,
            -0.0350949689951686,
            0.005968613177482427
        ],
        [
            0.06706475374392963,
            0.03700349407911178,
            0.007676799510246011,
            -0.02831672316656545,
            0.003726955420486256,
            -0.027980939172280676,
            0.006621642893380344,
            0.00888899470158341,
            -0.025546641796736692,
            0.004405392176055338,
            -0.007315838061244954,
            -0.005094759877737875,
            -0.0009716223409982437,
            0.021170836637938187,
            -0.0010072948127993865,
            0.005469074057991178,
            -0.001260973609306366,
            4.591338613221964e-05,
            0.0028558682488689373,
            -0.0005127867726966494
        ],
        [
            -0.1850568738490177,
            -0.12766690646852288,
            0.0015430072158299159,
            0.0013929549067404103,
            0.0009642193084559816,
            -0.043597995896994944,
            -0.022020593971621913,
            -0.025546641796736692,
            0.22330809247463768,
            -0.008631493124443597,
            0.28393369150232456,
            0.07178423729045477,
            -0.010136986986445284,
            -0.008764700960942829,
            0.014833268449650994,
            -0.05987701269775326,
            0.027560524034087944,
            -0.0034967034396400335,
            -0.1692476328556333,
            0.024614567097034065
        ],
        [
            0.03448377379466306,
            0.0188003673060316,
            0.004187501544689404,
            -0.01529960643378344,
            0.002030748831729847,
            -0.01457162197544908,
            0.0047810578822733135,
            0.004405392176055338,
            -0.008631493124443597,
            0.0023148133165827238,
            0.0049570502355105375,
            0.0005895968737697726,
            -0.0007536787688326502,
            0.011547067009446268,
            -0.0002997140628091326,
            0.0034906524969446477,
            0.0014146857961622114,
            -6.49727806226732e-05,
            -0.0029619365242132185,
            0.00039587777797056405
        ],
        [
            0.04479485628101259,
            0.02069920681965656,
            0.016416746827316156,
            -0.051382483502660385,
            0.007836493199071032,
            0.005391845204474896,
            0.10929011618169261,
            -0.007315838061244954,
            0.28393369150232456,
            0.0049570502355105375,
            0.5743765190547246,
            0.1997114029457243,
            -0.01691163568978797,
            0.015431596704532518,
            0.017855505723846445,
            -0.01014481504214898,
            0.09886695236103249,
            -0.005964823840676074,
            -0.3061130588634839,
            0.045234988375748415
        ],
        [
            0.01737946745440776,
            0.020883995815777975,
