{
    "opt_E": -2.1696201850520467,
    "HF_E": -2.1372365687316326,
    "B3LYP_E": -2.140272731385616,
    "sto-3G_E": -2.114872339877308,
    "proj": [
        [
            0.5592344201223282,
            0.36428303386125094,
            0.020999283554653584,
            -0.1755531834592004,
            0.006609404628908396,
            0.01959922726364479,
            0.16824799545215255,
            0.009686126651254545,
            -0.20945555392221296,
            0.006936993479179064,
            0.050831670605966606,
            0.027810655030549296,
            -0.011765273173693271,
            0.06372574930076799,
            0.007783361945555475,
            0.0005305888926083217,
            -0.03743148001276398,
            0.0004822167261314305,
            -0.02536905009330413,
            -0.010863123205701805
        ],
        [
            0.36428303386125094,
            0.24950341563839237,
            0.009338239200694988,
            -0.07136047571534217,
            0.0027934988635732964,
            0.08448423732326085,
            0.13097633489718263,
            0.01037413812995521,
            -0.1412578584170567,
            0.0032910053983425227,
            0.03367649268414672,
            0.021019379638509108,
            0.004969802527851421,
            -0.013701305809285191,
            0.002851614619694009,
            -0.02988713274304131,
            -0.04471837112664715,
            0.0007362210416747074,
            -0.016455679029446717,
            -0.0060501423737745
        ],
        [
            0.020999283554653584,
            0.009338239200694988,
            0.0026360319897492223,
            -0.025041240157900786,
            0.0008893517829831929,
            -0.029669260605689,
            -0.002903500021836544,
            -0.0018734990309709153,
            -0.00348982502839639,
            0.0007156891394118262,
            0.003277038609681457,
            -0.003580155801809746,
            -0.005777430042994598,
            0.021726977068428514,
            -0.0007992002034816483,
            -0.0017330430933258562,
            -0.002249952361433583,
            0.00022320406474014842,
            -0.005077052533231461,
            -0.0021522471136040137
        ],
        [
            -0.1755531834592004,
            -0.07136047571534217,
            -0.025041240157900786,
            0.23942338854765133,
            -0.008493286763783957,
            0.29688524456840953,
            0.03858865006679494,
            0.019991382857076925,
            0.019316224344978206,
            -0.006653979292876733,
            -0.03346428198941038,
            0.037503053192557735,
            0.057134914217142216,
            -0.2118229419792983,
            0.00945628550515448,
            0.02311495166828666,
            0.023369059271553666,
            -0.0024587772864673113,
            0.05223439120775793,
            0.0218724873481236
        ],
        [
            0.006609404628908396,
            0.0027934988635732964,
            0.0008893517829831929,
            -0.008493286763783957,
            0.0003151841745009731,
            -0.009852256324289755,
            -0.0005780116325660301,
            -0.001078834075570709,
            0.0005855461140812428,
            0.00020412173791543292,
            0.0038330178570861696,
            -9.400081412676732e-05,
            -0.0021448266687925676,
            0.007885676282178332,
            -0.0004180253832557355,
            -0.0003210795589143055,
            -6.0311240126453687e-05,
            0.00016274531916299952,
            -0.0029269134788625023,
            -0.0011665415136264377
        ],
        [
            0.01959922726364479,
            0.08448423732326085,
            -0.029669260605689,
            0.29688524456840953,
            -0.009852256324289755,
            0.516235132678528,
            0.17802205367256907,
            0.023444863608175576,
            -0.028363871717511875,
            -0.008440016388954277,
            0.06903073983101624,
            0.11338819582953466,
            0.08245315135088949,
            -0.30455229999065203,
            0.012916046475286963,
            0.030112556973482658,
            0.029274704681257264,
            -0.0003840821869351926,
            0.026245445014937148,
            0.013672837557205074
        ],
        [
            0.16824799545215255,
            0.13097633489718263,
            -0.002903500021836544,
            0.03858865006679494,
            -0.0005780116325660301,
            0.17802205367256907,
            0.12423296527880352,
            -0.00403834337983566,
            -0.017833717990056036,
            -0.0017413493042023722,
            0.12839819993950236,
            0.08309312945335856,
            0.016382914055791342,
            -0.0586982219599677,
            0.0021891080576515332,
            0.021943316277137966,
            0.022861251705588528,
            0.002837937159457756,
            -0.03886869909269959,
            -0.013328561694323376
        ],
        [
            0.009686126651254545,
            0.01037413812995521,
            -0.0018734990309709153,
            0.019991382857076925,
            -0.001078834075570709,
            0.023444863608175576,
            -0.00403834337983566,
            0.01572088223110798,
            -0.0571563533349945,
            0.0007105333947888538,
            -0.0829787280612746,
            -0.022739736372663112,
            0.01064322348963875,
            -0.027962295077206004,
            0.008453631013805338,
            0.01703646322807658,
            -0.004172555398218194,
            -0.0033268671491293914,
            0.04555081174946723,
            0.016487778984656285
        ],
        [
            -0.20945555392221296,
            -0.1412578584170567,
            -0.00348982502839639,
            0.019316224344978206,
            0.0005855461140812428,
            -0.028363871717511875,
            -0.017833717990056036,
            -0.0571563533349945,
            0.270430927881753,
            -0.005834121847422915,
            0.2908861012474963,
            0.08134926766604865,
            -0.024437108425356107,
            0.03780658211620616,
            -0.0339163522905759,
            -0.0773981636429982,
            0.017311612928484793,
            0.012216502456007163,
            -0.1572224080716894,
            -0.05564173322588886
        ],
        [
            0.006936993479179064,
            0.0032910053983425227,
            0.0007156891394118262,
            -0.006653979292876733,
            0.00020412173791543292,
            -0.008440016388954277,
            -0.0017413493042023722,
            0.0007105333947888538,
            -0.005834121847422915,
            0.0003011154928386835,
            -0.006232841775290459,
            -0.0030635533398734025,
            -0.001084642208140318,
            0.00533537158774604,
            0.0005632708724805077,
            0.001806460295683467,
            -0.00045082842085493685,
            -0.00023484409415385526,
            0.002472947483010904,
            0.0007772684179556553
        ],
        [
            0.050831670605966606,
            0.03367649268414672,
            0.003277038609681457,
            -0.03346428198941038,
            0.0038330178570861696,
            0.06903073983101624,
            0.12839819993950236,
            -0.0829787280612746,
            0.2908861012474963,
            -0.006232841775290459,
            0.5395090924072318,
            0.205063680983402,
            -0.034111534509984255,
            0.07714585840766625,
            -0.036525166120423745,
            -0.02998161996978408,
            0.07105183261791356,
            0.01870309460835129,
            -0.25597390249324076,
            -0.09200765725689686
        ],
        [
            0.027810655030549296,
            0.021019379638509108,
