{
    "opt_E": -2.2080583137293246,
    "HF_E": -2.1768389741624334,
    "B3LYP_E": -2.17880171691969,
    "sto-3G_E": -2.1674738263145947,
    "proj": [
        [
            0.5636048119331587,
            0.3425893241072525,
            -0.023061071981787095,
            -0.17241379214021227,
            0.0440066950004572,
            0.01299463601028699,
            0.17112963028016995,
            -0.0467965443808439,
            -0.232426389877797,
            0.075289350257446,
            0.0391794893795802,
            0.025673312301997445,
            -0.0025986653747670334,
            0.036468754696302036,
            0.003418013583033374,
            -0.004093638770567334,
            -0.025662223152026712,
            -0.009910715358301498,
            -0.024484629996896733,
            -0.011909668982076354
        ],
        [
            0.3425893241072525,
            0.22800653125986653,
            -0.005216931089551242,
            -0.04799655510131386,
            0.011374438350086847,
            0.11057379201391097,
            0.138811267497482,
            -0.02135757319913163,
            -0.13889937412467807,
            0.035410469619785064,
            0.018685328117811192,
            0.024799999966756275,
            0.004973686041896284,
            -0.03355288990290308,
            -0.0009469544743674063,
            -0.02403349684044938,
            -0.028444574759230155,
            -0.0037738171146631614,
            -0.012555208645633462,
            -0.00440903816809355
        ],
        [
            -0.023061071981787095,
            -0.005216931089551242,
            0.005387473918191222,
            0.03498029805619714,
            -0.009429856601904808,
            0.04882863424018506,
            0.008995483292939413,
            0.006002951761359916,
            0.005959991741954988,
            -0.0081968942393673,
            -0.011774536135714591,
            0.005272241350194985,
            0.005858249449811394,
            -0.02192544095358905,
            0.0023820546156261726,
            0.0053234889022474845,
            0.003070374394007868,
            0.0036163293861838737,
            0.010668636837907825,
            0.005581853748817404
        ],
        [
            -0.17241379214021227,
            -0.04799655510131386,
            0.03498029805619714,
            0.22946027213603515,
            -0.06153812548559238,
            0.31117698020064216,
            0.05269463855331513,
            0.03861022108634331,
            0.05941627315035383,
            -0.055033332193539224,
            -0.05527326997884756,
            0.03542013213419154,
            0.033663394836650165,
            -0.14795744869787888,
            0.009537908294277277,
            0.01887719633147612,
            0.01498529222921844,
            0.019493979227546414,
            0.05357163557736168,
            0.029219765758193843
        ],
        [
            0.0440066950004572,
            0.011374438350086847,
            -0.009429856601904808,
            -0.06153812548559238,
            0.016569606743865442,
            -0.0840306790025975,
            -0.014098110081321702,
            -0.010663993468818004,
            -0.012474851650725071,
            0.014729250148082493,
            0.020374054830607176,
            -0.00766048536686414,
            -0.009549576787342572,
            0.03986840739060243,
            -0.003163370682146788,
            -0.004744066340261745,
            -0.002798741001375869,
            -0.0059705215781769025,
            -0.01713872457927418,
            -0.009100605371182452
        ],
        [
            0.01299463601028699,
            0.11057379201391097,
            0.04882863424018506,
            0.31117698020064216,
            -0.0840306790025975,
            0.5712298187083755,
            0.2053324925616029,
            0.03711547204509881,
            0.006175093768528317,
            -0.0535692549614245,
            -0.0056809217713543,
            0.10251123188086558,
            0.05250663014678456,
            -0.24864257203686363,
            0.010463055302168333,
            0.028726239450364663,
            0.022270483471421448,
            0.019471644962836314,
            0.04514514950379439,
            0.02896240779724798
        ],
        [
            0.17112963028016995,
            0.138811267497482,
            0.008995483292939413,
            0.05269463855331513,
            -0.014098110081321702,
            0.2053324925616029,
            0.13760473459101238,
            -0.007934137464994067,
            -0.027401010176971125,
            0.006925786910594415,
            0.09954445733484768,
            0.08013032864181953,
            0.011911493386535363,
            -0.06934004759190468,
            -0.00156300141197349,
            0.028770818568460487,
            0.02720215557499273,
            -0.0071070615556600505,
            -0.03158595271861417,
            -0.011745236426714942
        ],
        [
            -0.0467965443808439,
            -0.02135757319913163,
            0.006002951761359916,
            0.03861022108634331,
            -0.010663993468818004,
            0.03711547204509881,
            -0.007934137464994067,
            0.010189699277134256,
            -0.0009238156238688567,
            -0.011687086350034489,
            -0.05005125202335838,
            -0.010907563528649748,
            0.008062398476383112,
            -0.019227515026294544,
            0.00579929966496339,
            0.0028563185117944025,
            -0.0036171220765713174,
            0.008575858088814522,
            0.02904600014871146,
            0.013800702067757084
        ],
        [
            -0.232426389877797,
            -0.13889937412467807,
            0.005959991741954988,
            0.05941627315035383,
            -0.012474851650725071,
            0.006175093768528317,
            -0.027401010176971125,
            -0.0009238156238688567,
            0.2154807055981233,
            -0.022811830759859264,
            0.2418301979524112,
            0.06897483275983818,
            -0.025880223322077456,
            -0.03582546786117456,
            -0.037593694569424,
            -0.032990572554110684,
            0.0320506670632064,
            -0.033543351874908936,
            -0.13183559199264427,
            -0.058947264970163775
        ],
        [
            0.075289350257446,
            0.035410469619785064,
            -0.0081968942393673,
            -0.055033332193539224,
            0.014729250148082493,
            -0.0535692549614245,
            0.006925786910594415,
            -0.011687086350034489,
            -0.022811830759859264,
            0.016292057169933333,
            0.027632523624644256,
            0.00274289134454964,
            -0.006690493188207309,
            0.03141263621442351,
            -0.001799831222096763,
            0.0027853653872907894,
            0.001678192510864347,
            -0.005813142285838828,
            -0.01704776816402923,
            -0.008717937833094188
        ],
        [
            0.0391794893795802,
            0.018685328117811192,
            -0.011774536135714591,
            -0.05527326997884756,
            0.020374054830607176,
            -0.0056809217713543,
            0.09954445733484768,
            -0.05005125202335838,
            0.2418301979524112,
            0.027632523624644256,
            0.5772203698973846,
            0.20135524682425707,
            -0.05129259339296243,
            0.009825173005182455,
            -0.06149780407074907,
            0.017878526676900795,
            0.10385843910962615,
            -0.07888132971101702,
            -0.2914209023041709,
            -0.13245399451709405
        ],
        [
            0.025673312301997445,
            0.024799999966756275,
            0.005272241350194985,
            0.03542013213419154,
            -0.00766048536686414,
