{
    "opt_E": -2.128339288841331,
    "HF_E": -2.097587110246697,
    "B3LYP_E": -2.0998432802592006,
    "sto-3G_E": -2.070345178864664,
    "proj": [
        [
            0.5162319240659848,
            0.33576868027707196,
            0.004928074742641151,
            -0.17499597981796006,
            0.044482981496135963,
            0.08493001413239755,
            0.17434454494576623,
            0.010766345867104338,
            -0.22955556520983264,
            0.06732814208851287,
            0.06148502502611822,
            0.03995961172855557,
            -0.0003950426545080388,
            0.035374367389097335,
            0.005082176096223377,
            -0.001216972731974592,
            -0.0407823465795528,
            0.0006980042089548129,
            -0.029157955307519332,
            -0.01567040786445484
        ],
        [
            0.33576868027707196,
            0.2230511807989871,
            0.0022581189130916127,
            -0.0869261638398088,
            0.021608541053294857,
            0.09273317675748094,
            0.12193949364067284,
            0.006416667223184248,
            -0.14594575875831534,
            0.0402385634520288,
            0.04465475073066162,
            0.024596931429406756,
            -0.0003393267595101079,
            -0.013004124735880673,
            0.002701767772046714,
            -0.02791754552590434,
            -0.04311037180734761,
            0.0004813996808079894,
            -0.02399088469951631,
            -0.01058918991676915
        ],
        [
            0.004928074742641151,
            0.0022581189130916127,
            0.0003471952059779324,
            -0.010118661226620921,
            0.00272186677750949,
            -0.010517563615332171,
            -0.0009710871282947887,
            0.0002847888283404794,
            -0.0009847142785791645,
            0.0013705888608947592,
            0.0011238094818216444,
            -0.001010494028401555,
            8.497950736318411e-05,
            0.008918887938432634,
            -0.0015208428375433178,
            -0.001001319626484888,
            -0.0012200013071987398,
            3.7111207258065674e-05,
            -0.002263558557097298,
            -0.0012788391067706743
        ],
        [
            -0.17499597981796006,
            -0.0869261638398088,
            -0.010118661226620921,
            0.29743061125130993,
            -0.07967817840039658,
            0.2927617015763925,
            0.017781525798387272,
            -0.00868966497644999,
            0.05198050286514285,
            -0.04427942099785132,
            -0.0232273335219825,
            0.03019758147841348,
            -0.00231562025152311,
            -0.25225618453015786,
            0.04068756593338345,
            0.026710761207951683,
            0.038181589162187946,
            -0.00100164218884198,
            0.05891150728786395,
            0.034392623729026454
        ],
        [
            0.044482981496135963,
            0.021608541053294857,
            0.00272186677750949,
            -0.07967817840039658,
            0.0214347742216955,
            -0.07887983534273463,
            -0.004524486912500161,
            0.0023412842304634924,
            -0.00917970283602473,
            0.011240634265469347,
            0.011924357277163483,
            -0.005678359306731713,
            0.0006412832648810928,
            0.06972022801192193,
            -0.01155714617361951,
            -0.00569077401904093,
            -0.00814370095962358,
            0.0003053292219107154,
            -0.01844789323473866,
            -0.010324417781699144
        ],
        [
            0.08493001413239755,
            0.09273317675748094,
            -0.010517563615332171,
            0.2927617015763925,
            -0.07887983534273463,
            0.46389265357453763,
            0.1507356571437457,
            -0.004403530516700628,
            -0.016295198943803223,
            -0.02433600364500141,
            0.09542006576497579,
            0.09803756019889391,
            -0.0030353928085773176,
            -0.3063156125710653,
            0.046071362677676767,
            0.028096802951762354,
            0.03532673551841011,
            -0.00028161746179272495,
            0.01434794094933303,
            0.017958358957830694
        ],
        [
            0.17434454494576623,
            0.12193949364067284,
            -0.0009710871282947887,
            0.017781525798387272,
            -0.004524486912500161,
            0.1507356571437457,
            0.10636586666646868,
            0.0028052793189938404,
            -0.022392601332203547,
            0.008964520965250295,
            0.12453357895159471,
            0.07385359136033384,
            -0.0006978717520966481,
            -0.04169566802430056,
            0.00582852379129204,
            0.028685191912306243,
            0.02435554702383198,
            0.0006637147745846379,
            -0.04180441678433402,
            -0.015439476299921012
        ],
        [
            0.010766345867104338,
            0.006416667223184248,
            0.0002847888283404794,
            -0.00868966497644999,
            0.0023412842304634924,
            -0.004403530516700628,
            0.0028052793189938404,
            0.0003593046080677474,
            -0.002057723928330391,
            0.0016261635384444769,
            0.0049669903285825216,
            0.0015763644767437703,
            5.015482734232097e-05,
            0.006727844240093624,
            -0.0010890522003599423,
            0.00035898880651723584,
            -0.0001638087041386736,
            5.362351474757697e-05,
            -0.003247055862246228,
            -0.0016015849494789558
        ],
        [
            -0.22955556520983264,
            -0.14594575875831534,
            -0.0009847142785791645,
            0.05198050286514285,
            -0.00917970283602473,
            -0.016295198943803223,
            -0.022392601332203547,
            -0.002057723928330391,
            0.31019907646611605,
            -0.05161840021775997,
            0.28876438737539917,
            0.08208689541277618,
            0.0018821543683104468,
            0.041444114011667074,
            -0.05617173204721832,
            -0.06805983800790688,
            0.021384422238962687,
            0.002149705762611475,
            -0.1709670809568661,
            -0.06658433069285488
        ],
        [
            0.06732814208851287,
            0.0402385634520288,
            0.0013705888608947592,
            -0.04427942099785132,
            0.011240634265469347,
            -0.02433600364500141,
            0.008964520965250295,
            0.0016261635384444769,
            -0.05161840021775997,
            0.013630881727897889,
            -0.027389997534969217,
            -0.00832520965002973,
            -4.0783306076839e-05,
            0.025343123885190555,
            0.0036811630049650873,
            0.012923419474987012,
            -0.0028074895961011023,
            -0.00012933655697276107,
            0.01407399018412669,
            0.003989599088435871
        ],
        [
            0.06148502502611822,
            0.04465475073066162,
            0.0011238094818216444,
            -0.0232273335219825,
            0.011924357277163483,
            0.09542006576497579,
            0.12453357895159471,
            0.0049669903285825216,
            0.28876438737539917,
            -0.027389997534969217,
            0.5088605702370715,
            0.19676533678201494,
            0.0016969223600883374,
            0.08696214585759912,
            -0.06282355944259689,
            -0.008666989971650054,
            0.06850581357455074,
            0.0036115989390184057,
            -0.2618628000001719,
            -0.10539778334777733
        ],
        [
            0.03995961172855557,
            0.024596931429406756,
            -0.001010494028401555,
