{
    "opt_E": -2.2239296284426326,
    "HF_E": -2.1919286721165867,
    "B3LYP_E": -2.1943460789866083,
    "sto-3G_E": -2.18344236371606,
    "proj": [
        [
            0.5708937663289155,
            0.35073785405803026,
            0.04300009917543892,
            -0.16186849927037156,
            0.01641426032907133,
            -0.001320921981566093,
            0.1729832487392728,
            0.07092208440665754,
            -0.2302199074319021,
            0.0436615756566403,
            0.025456034930781503,
            0.022948209098645197,
            0.00048379400104224405,
            0.039770874346739864,
            0.009048654155543304,
            0.00013928462733203258,
            -0.025683308801735655,
            -0.0011321106698426893,
            -0.016548227690719543,
            0.0012296222430508935
        ],
        [
            0.35073785405803026,
            0.23535343263726602,
            0.011668246297495721,
            -0.04665232879190339,
            0.002963298159567516,
            0.10378880158843297,
            0.14342040618433619,
            0.03695552869146302,
            -0.1343400696580097,
            0.01843367583050139,
            0.017774861457202633,
            0.02544988911408227,
            0.001907714892848101,
            -0.027907917252846626,
            -0.008717232205070325,
            -0.02476380924908523,
            -0.031213275485729056,
            -0.00046063747179144084,
            -0.010931037713471965,
            0.0003881444045207434
        ],
        [
            0.04300009917543892,
            0.011668246297495721,
            0.015936431047813934,
            -0.057199669233879015,
            0.007570220990106437,
            -0.08665367068752562,
            -0.014475199635345557,
            0.010415587368155435,
            -0.014025508013506952,
            0.013057679040014387,
            0.01925595139836152,
            -0.008371852468028514,
            -0.003143605566757324,
            0.034104906330991225,
            0.013151097975905099,
            -0.007313813926715596,
            -0.0028339739802274964,
            -0.0017517104883524196,
            -0.017959929981634964,
            -0.00030534553973188527
        ],
        [
            -0.16186849927037156,
            -0.04665232879190339,
            -0.057199669233879015,
            0.20565635792034892,
            -0.027035771436958348,
            0.3089743838325874,
            0.051203674839589305,
            -0.038298367983754675,
            0.05813606364766753,
            -0.0455470668336029,
            -0.05723419873582362,
            0.03354733788680168,
            0.010703046860485654,
            -0.12322261173071168,
            -0.04652268850579221,
            0.024419409709586528,
            0.011739192758062846,
            0.005701026341729477,
            0.057809094550139516,
            0.0008553076449212464
        ],
        [
            0.01641426032907133,
            0.002963298159567516,
            0.007570220990106437,
            -0.027035771436958348,
            0.003656505670470938,
            -0.042667142500867596,
            -0.007962234671426349,
            0.0044944835126395286,
            -0.0035399576475293325,
            0.006553790530085145,
            0.012669110495028151,
            -0.0035985294491115496,
            -0.0017599123711640283,
            0.015518794076714595,
            0.0065364159274836535,
            -0.0056354200712684455,
            -0.0017901515517889737,
            -0.0010496893377441128,
            -0.01099474229336305,
            -0.0002443683976409732
        ],
        [
            -0.001320921981566093,
            0.10378880158843297,
            -0.08665367068752562,
            0.3089743838325874,
            -0.042667142500867596,
            0.6042357460356957,
            0.20886342841695876,
            -0.03637189781324492,
            0.014333014088911201,
            -0.05517113272893993,
            -0.027942354950037496,
            0.10232844566155747,
            0.01826378329442152,
            -0.22543858557908406,
            -0.08311066236415972,
            0.037945776062135936,
            0.01613020586503535,
            0.007201503010552768,
            0.06558904336783991,
            0.001077081513005349
        ],
        [
            0.1729832487392728,
            0.14342040618433619,
            -0.014475199635345557,
            0.051203674839589305,
            -0.007962234671426349,
            0.20886342841695876,
            0.145972269164331,
            0.008183378358685364,
            -0.021605164645410752,
            0.00991149099585851,
            0.11059060505733365,
            0.08653468547646546,
            0.0025263790296784364,
            -0.06769647299886931,
            -0.021130004252961774,
            0.016802897303248913,
            0.02178160066655155,
            -0.0027700743061163506,
            -0.03874747729765642,
            -0.0010304363808748716
        ],
        [
            0.07092208440665754,
            0.03695552869146302,
            0.010415587368155435,
            -0.038298367983754675,
            0.0044944835126395286,
            -0.03637189781324492,
            0.008183378358685364,
            0.01106581822679327,
            -0.031519319682187505,
            0.00806798205859165,
            0.00036622446569130156,
            -0.003371966361055942,
            -0.0006388171855633377,
            0.020929433766534073,
            0.005944282317540662,
            0.003383489479535879,
            -0.0015051976878444956,
            -0.00024750430397963097,
            -0.0021679458434055664,
            0.0002397927219674566
        ],
        [
            -0.2302199074319021,
            -0.1343400696580097,
            -0.014025508013506952,
            0.05813606364766753,
            -0.0035399576475293325,
            0.014333014088911201,
            -0.021605164645410752,
            -0.031519319682187505,
            0.18699166520533164,
            0.014290602585259188,
            0.2239668778827978,
            0.07029052457166338,
            -0.010150952059256495,
            -0.04636598843642163,
            0.004369276120529146,
            -0.04337666343997736,
            0.028595675376310078,
            -0.01080391639180008,
            -0.12371120945861272,
            -0.004906512121093973
        ],
        [
            0.0436615756566403,
            0.01843367583050139,
            0.013057679040014387,
            -0.0455470668336029,
            0.006553790530085145,
            -0.05517113272893993,
            0.00991149099585851,
            0.00806798205859165,
            0.014290602585259188,
            0.0202510566013633,
            0.08912153890561067,
            0.023200653980010446,
            -0.004940973153891252,
            0.018801264879739005,
            0.011901677031827174,
            -0.009094349445053357,
            0.009408949741442808,
            -0.0046299895916095575,
            -0.051962999094772935,
            -0.001458330349350177
        ],
        [
            0.025456034930781503,
            0.017774861457202633,
            0.01925595139836152,
            -0.05723419873582362,
            0.012669110495028151,
            -0.027942354950037496,
            0.11059060505733365,
            0.00036622446569130156,
            0.2239668778827978,
            0.08912153890561067,
            0.605534053563375,
            0.22191662748563185,
            -0.02352796179586966,
            -0.012729637789843642,
            0.030289869759800095,
            -0.020090218004943365,
            0.1032293855429523,
            -0.027595135075382797,
            -0.3165029061868972,
            -0.010048672975765168
        ],
        [
            0.022948209098645197,
            0.02544988911408227,
            -0.008371852468028514,
