{
    "opt_E": -2.205019749031399,
    "HF_E": -2.1728538514557934,
    "B3LYP_E": -2.1756301332362598,
    "sto-3G_E": -2.1587972392424954,
    "proj": [
        [
            0.6104135398211572,
            0.3843535039837878,
            -0.017368894922768573,
            -0.14380935102916653,
            -0.05766443714364103,
            -0.06479638783873416,
            0.14646706748981017,
            -0.03158896372003899,
            -0.15624817566700638,
            -0.09081087829225505,
            0.032744511229116965,
            0.01584279036854006,
            -0.002907128031672523,
            0.062213583510108125,
            0.0016442287361051878,
            -0.002338919903259048,
            -0.020484828651686913,
            -0.009007826479665628,
            -0.027436639891448178,
            0.000451419063395508
        ],
        [
            0.3843535039837878,
            0.2715672736588848,
            -0.004080585011912181,
            -0.03937623702221039,
            -0.014541566094449896,
            0.08664245476953186,
            0.14572876216970052,
            -0.016125315477243087,
            -0.11490644143597518,
            -0.04867199561589025,
            0.013615734596561941,
            0.023316556098006494,
            0.001093116133215142,
            -0.02885887744827981,
            9.518149095429189e-05,
            -0.02972347276374443,
            -0.03288710777261141,
            -0.00373609113720723,
            -0.013920104205425724,
            -0.0003842701365146141
        ],
        [
            -0.017368894922768573,
            -0.004080585011912181,
            0.002357133025818719,
            0.01759079337450829,
            0.007468244145828926,
            0.03457526427102344,
            0.008970244109118713,
            0.002007530721677011,
            -0.0032116660782940186,
            0.004607815788561674,
            -0.0072997552327583246,
            0.00474243453810412,
            0.0028966019193705206,
            -0.013324831807401225,
            -0.0007519499931615868,
            0.00429820567297017,
            0.001487524750221156,
            0.0024003873502273176,
            0.008220234599271651,
            -0.0004899538605746209
        ],
        [
            -0.14380935102916653,
            -0.03937623702221039,
            0.01759079337450829,
            0.13226624057513256,
            0.05591056168103829,
            0.2557864660734439,
            0.06366652328240471,
            0.015210011997246755,
            -0.012375627145347023,
            0.036407189809730435,
            -0.04309355265248873,
            0.03436203408130656,
            0.018423654314326934,
            -0.10684559645205455,
            -0.004828950535240011,
            0.01837114469938365,
            0.005548076167395009,
            0.015011128965633584,
            0.04994947544201689,
            -0.003100344150675979
        ],
        [
            -0.05766443714364103,
            -0.014541566094449896,
            0.007468244145828926,
            0.05591056168103829,
            0.023702961653404644,
            0.10882421140941008,
            0.027381410987384915,
            0.006463310041722207,
            -0.008825785700377922,
            0.014992519224606737,
            -0.02290896513495695,
            0.013778413635779821,
            0.0085419889576163,
            -0.04399690193174931,
            -0.002259180268718112,
            0.009691183146792704,
            0.0025407111858628396,
            0.007244442869873104,
            0.024542548248779734,
            -0.0014734252465029084
        ],
        [
            -0.06479638783873416,
            0.08664245476953186,
            0.03457526427102344,
            0.2557864660734439,
            0.10882421140941008,
            0.6090586663078742,
            0.24387977469278427,
            0.01965852671790074,
            -0.06058287247310768,
            0.04658692630053413,
            -0.002463356328849084,
            0.12211258275821427,
            0.03640697251908942,
            -0.2446059983034233,
            -0.008270122548382827,
            0.04335726343044961,
            0.018461117471667045,
            0.019037217038110364,
            0.05897303498070377,
            -0.005197154585929766
        ],
        [
            0.14646706748981017,
            0.14572876216970052,
            0.008970244109118713,
            0.06366652328240471,
            0.027381410987384915,
            0.24387977469278427,
            0.1599343708720433,
            -0.003554571603265144,
            -0.02816717763916451,
            -0.006668811041680231,
            0.0932796840215701,
            0.08723888615971954,
            0.008571258469110426,
            -0.08900024859420921,
            -0.0005266765668636979,
            0.02774396526996415,
            0.02246571808440279,
            -0.006928151514816901,
            -0.02873095618552544,
            -6.561205326647224e-05
        ],
        [
            -0.03158896372003899,
            -0.016125315477243087,
            0.002007530721677011,
            0.015210011997246755,
            0.006463310041722207,
            0.01965852671790074,
            -0.003554571603265144,
            0.002766971058280366,
            -0.0038211130533918882,
            0.005881280831373477,
            -0.021244217969700004,
            -0.004368641603816323,
            0.002592560968637848,
            -0.009284005576094918,
            -0.0008987800557842585,
            -0.0008327456906409022,
            -0.0031180897001080537,
            0.0038579428094698033,
            0.01364429933187812,
            -0.0006357035551446865
        ],
        [
            -0.15624817566700638,
            -0.11490644143597518,
            -0.0032116660782940186,
            -0.012375627145347023,
            -0.008825785700377922,
            -0.06058287247310768,
            -0.02816717763916451,
            -0.0038211130533918882,
            0.19690721810195635,
            0.016993981194219673,
            0.2726981132941785,
            0.061139104184581204,
            -0.03412644561391979,
            -0.022064463850345717,
            0.01089391278140282,
            -0.038549015434681005,
            0.031442805674358865,
            -0.046884608443833506,
            -0.17576657078360797,
            0.008380514590144062
        ],
        [
            -0.09081087829225505,
            -0.04867199561589025,
            0.004607815788561674,
            0.036407189809730435,
            0.014992519224606737,
            0.04658692630053413,
            -0.006668811041680231,
            0.005881280831373477,
            0.016993981194219673,
            0.0159750094244969,
            -0.009530337566037142,
            0.0010125601097073914,
            0.0016950899685912264,
            -0.028188462548278042,
            -0.0006382146599860961,
            -0.006607206850572647,
            -0.0024650287944867587,
            0.00241399748489529,
            0.007009671124737756,
            -0.00034921171657329055
        ],
        [
            0.032744511229116965,
            0.013615734596561941,
            -0.0072997552327583246,
            -0.04309355265248873,
            -0.02290896513495695,
            -0.002463356328849084,
            0.0932796840215701,
            -0.021244217969700004,
            0.2726981132941785,
            -0.009530337566037142,
            0.5577883725012827,
            0.18991187689691275,
            -0.045334574795724426,
            -0.020182078435344617,
            0.01764634884849954,
            0.03485105903687958,
            0.11507389835045143,
            -0.08493147906477871,
            -0.3140886447522567,
            0.013859754546107128
        ],
        [
            0.01584279036854006,
            0.023316556098006494,
            0.00474243453810412,
