{
    "opt_E": -2.182706438776776,
    "HF_E": -2.154426366061415,
    "B3LYP_E": -2.155336534450032,
    "sto-3G_E": -2.1488035806104806,
    "proj": [
        [
            0.5003286570554382,
            0.3152247068871125,
            0.019157038920724838,
            -0.16999355980778688,
            -0.00659303369395178,
            0.09672020989430712,
            0.19143096884511335,
            0.03938390241308236,
            -0.2656232889329791,
            -0.00716731793295244,
            0.030114325003703545,
            0.034278437157486415,
            -0.0041902363316551694,
            0.0060081705288363135,
            -0.0036575607739796874,
            0.0026676927613438874,
            -0.026018203364734316,
            0.004485356616229105,
            -0.017437771065007508,
            0.0030035520895440146
        ],
        [
            0.3152247068871125,
            0.20627407492692953,
            0.007796746138755388,
            -0.07338079664192215,
            -0.003077257893808505,
            0.10934923273319797,
            0.1355787407397614,
            0.02286826137867768,
            -0.14766169103944105,
            -0.0034443880147219173,
            0.03895116215157731,
            0.026566435229169537,
            -0.0035606534980770054,
            -0.036915252785659054,
            -0.0019998619109984996,
            -0.026198015004300516,
            -0.028543322525538595,
            0.004762444077297607,
            -0.03292908563817197,
            0.003921006157837864
        ],
        [
            0.019157038920724838,
            0.007796746138755388,
            0.006660660783885818,
            -0.04834224233013005,
            -0.0014233999375872536,
            -0.050367083150444185,
            -0.003558397921290805,
            0.007102717876403118,
            -0.012353939538754426,
            0.0005128131064608467,
            0.014451144531276458,
            -0.0063091362428163026,
            0.006006890812466308,
            0.01985229627378575,
            0.0044068218620782066,
            -0.005734546540749972,
            -0.005410633523033636,
            0.002507290610606654,
            -0.018011330395014218,
            0.002359681974455307
        ],
        [
            -0.16999355980778688,
            -0.07338079664192215,
            -0.04834224233013005,
            0.3558925192468608,
            0.010677962238505609,
            0.3569578198613161,
            0.018740905244278176,
            -0.050790603005027496,
            0.12199537869495866,
            -0.0015939015061894966,
            -0.07512745220338612,
            0.04527381843520114,
            -0.039439584457828136,
            -0.15919486023753604,
            -0.028139871821146113,
            0.021013659929714705,
            0.03223339592678856,
            -0.014965676973147142,
            0.09992353312677162,
            -0.013814735569554325
        ],
        [
            -0.00659303369395178,
            -0.003077257893808505,
            -0.0014233999375872536,
            0.010677962238505609,
            0.00033042553093647314,
            0.009830158396261654,
            -9.95278496537042e-05,
            -0.0015472893644798483,
            0.004705809941596761,
            5.84068260350487e-06,
            -0.0019054073085373001,
            0.0008050765097399932,
            -0.0009802260002400947,
            -0.005422909577828741,
            -0.0006641823095148706,
            -0.0008608293374671492,
            0.00017828530771559175,
            -0.000351842780447517,
            0.002017529094107438,
            -0.000312098556907456
        ],
        [
            0.09672020989430712,
            0.10934923273319797,
            -0.050367083150444185,
            0.3569578198613161,
            0.009830158396261654,
            0.538126548263818,
            0.161904883955258,
            -0.03558174669263857,
            0.02346294529406842,
            -0.003216695920893467,
            -0.00800571230791121,
            0.1025542053059687,
            -0.050381470534343255,
            -0.21723840738541772,
            -0.03538375151819497,
            0.03160582925363116,
            0.035906714864734096,
            -0.011194415466380867,
            0.07105850157485348,
            -0.010710394652111516
        ],
        [
            0.19143096884511335,
            0.1355787407397614,
            -0.003558397921290805,
            0.018740905244278176,
            -9.95278496537042e-05,
            0.161904883955258,
            0.12191478495541486,
            0.01375256931738084,
            -0.041054322010356206,
            0.0015484007075107047,
            0.10824398390722247,
            0.07056475304456424,
            -0.008355639946140078,
            -0.05050925011782114,
            -0.005094752400896948,
            0.03248106978081985,
            0.026192072856455816,
            0.005950956974405586,
            -0.049206294735315306,
            0.00540983830250347
        ],
        [
            0.03938390241308236,
            0.02286826137867768,
            0.007102717876403118,
            -0.050790603005027496,
            -0.0015472893644798483,
            -0.03558174669263857,
            0.01375256931738084,
            0.011188862830195321,
            -0.005487867508978048,
            0.0019616284159065553,
            0.052816140076860425,
            0.009636626015259962,
            0.006805704973197453,
            0.014847396947545628,
            0.005341347083784275,
            0.00299886380071117,
            0.0036361951253224404,
            0.005149045835220552,
            -0.04021817208791862,
            0.004899518207749621
        ],
        [
            -0.2656232889329791,
            -0.14766169103944105,
            -0.012353939538754426,
            0.12199537869495866,
            0.004705809941596761,
            0.02346294529406842,
            -0.041054322010356206,
            -0.005487867508978048,
            0.25928171094923774,
            0.015141722005456692,
            0.21737752039896818,
            0.054026878769607406,
            0.01242386045413262,
            -0.07575089904563326,
            0.012949873660532121,
            -0.012001131216585175,
            0.0386305872702151,
            0.015743130696054142,
            -0.15413490548096834,
            0.01637379874207878
        ],
        [
            -0.00716731793295244,
            -0.0034443880147219173,
            0.0005128131064608467,
            -0.0015939015061894966,
            5.84068260350487e-06,
            -0.003216695920893467,
            0.0015484007075107047,
            0.0019616284159065553,
            0.015141722005456692,
            0.0013713685304221055,
            0.02553685566790461,
            0.006333236956978377,
            0.0019759597672195785,
            -0.002530496964960212,
            0.001771978421156997,
            0.0005149237056285736,
            0.003707281775819937,
            0.0020656783474345365,
            -0.018149743945333262,
            0.0020512770199092806
        ],
        [
            0.030114325003703545,
            0.03895116215157731,
            0.014451144531276458,
            -0.07512745220338612,
            -0.0019054073085373001,
            -0.00800571230791121,
            0.10824398390722247,
            0.052816140076860425,
            0.21737752039896818,
            0.02553685566790461,
            0.5436875556704367,
            0.1706788953193844,
            0.03247848078093996,
            -0.022259906840636008,
            0.0292073533992336,
            0.08166128231225972,
            0.11117650878887433,
            0.04125361836491295,
            -0.3513424508205219,
            0.04035279744031898
        ],
        [
            0.034278437157486415,
            0.026566435229169537,
            -0.0063091362428163026,
