{
    "opt_E": -2.211208163549379,
    "HF_E": -2.1781837761626326,
    "B3LYP_E": -2.1811445529101654,
    "sto-3G_E": -2.162248419929779,
    "proj": [
        [
            0.588275575926705,
            0.3648709480698389,
            -0.03799860572946894,
            -0.1626692539444454,
            -0.02009131938783717,
            -0.024977249501144386,
            0.15888198396098216,
            -0.0646922250754371,
            -0.206940614417542,
            -0.04858741483066493,
            0.035049195425882584,
            0.02081603905913639,
            -0.00481903998128094,
            0.05180708799516434,
            -0.006183417257421225,
            -0.0021516461787751723,
            -0.026241588361699254,
            0.005424857282858172,
            -0.017848670305853607,
            -0.009041329800694326
        ],
        [
            0.3648709480698389,
            0.24999841582045332,
            -0.009694965103285932,
            -0.045549937668531014,
            -0.003911772903844036,
            0.09915672541154899,
            0.1407646716343559,
            -0.03200154754870509,
            -0.1334011145701558,
            -0.021017925030593798,
            0.01325813809568557,
            0.022512166637569282,
            -0.0007564255838871827,
            -0.027043396765606957,
            0.008186028560523816,
            -0.024868766128642764,
            -0.03351056502614405,
            0.0011680769455019013,
            -0.0068065982521292815,
            -0.0022885276441799536
        ],
        [
            -0.03799860572946894,
            -0.009694965103285932,
            0.011233814724002752,
            0.04522606062315583,
            0.00675830619439547,
            0.07245048008961268,
            0.015029250059778409,
            0.009241841713655923,
            0.005293951043584361,
            0.009993966735908069,
            -0.016242405958020456,
            0.0063717501493474205,
            -0.0006172103317113768,
            -0.03413708150187761,
            0.011146565891408338,
            0.004231875605838152,
            0.0012223290188051617,
            -0.003792354463636321,
            0.011686448555120202,
            0.005064689251624278
        ],
        [
            -0.1626692539444454,
            -0.045549937668531014,
            0.04522606062315583,
            0.18283824648916158,
            0.027139763893872577,
            0.2904193324936457,
            0.060271091021700494,
            0.03770036879287125,
            0.03314262565274207,
            0.038574595823092625,
            -0.04699591059373005,
            0.03180744655946818,
            -0.001226188456810209,
            -0.13727485952574975,
            0.042528638770123806,
            0.014632183057244421,
            0.00751481596203437,
            -0.012931194451993198,
            0.03853891752132483,
            0.01756956479815279
        ],
        [
            -0.02009131938783717,
            -0.003911772903844036,
            0.00675830619439547,
            0.027139763893872577,
            0.004086348361744176,
            0.044861500826137615,
            0.010299603093364187,
            0.005346575101862716,
            0.0018555573325501344,
            0.0059598001074095555,
            -0.010117644754758471,
            0.004412255340523557,
            -0.0005756082624844573,
            -0.020404687698590225,
            0.007108760674555643,
            0.004122841964309287,
            0.0015172513731837476,
            -0.00243636589912503,
            0.00758966362695025,
            0.003220361449725159
        ],
        [
            -0.024977249501144386,
            0.09915672541154899,
            0.07245048008961268,
            0.2904193324936457,
            0.044861500826137615,
            0.593098719526003,
            0.22284127363619563,
            0.04227893561561378,
            -0.009036930049035921,
            0.04545427975775465,
            -0.005273884543068702,
            0.10527707930489762,
            -0.0009546428607299487,
            -0.25641686242385364,
            0.0773174082277536,
            0.024230197476800934,
            0.01284641156806535,
            -0.015012665695291442,
            0.03783641528346233,
            0.020724626683861564
        ],
        [
            0.15888198396098216,
            0.1407646716343559,
            0.015029250059778409,
            0.060271091021700494,
            0.010299603093364187,
            0.22284127363619563,
            0.1484577889606703,
            -0.0047676617545126575,
            -0.021355817129717628,
            -0.008117519448873034,
            0.10564290476549867,
            0.08924219761300188,
            0.0016312517884865812,
            -0.07413422731694345,
            0.020192929990776556,
            0.023120592889500118,
            0.025702605492611635,
            0.006517386343648179,
            -0.029349595451527967,
            -0.007902513867583382
        ],
        [
            -0.0646922250754371,
            -0.03200154754870509,
            0.009241841713655923,
            0.03770036879287125,
            0.005346575101862716,
            0.04227893561561378,
            -0.0047676617545126575,
            0.010181804701763303,
            0.015355544033043698,
            0.010036576012468986,
            -0.019115419701679803,
            -0.0024388635987653085,
            0.0001888952361881088,
            -0.025136449726326136,
            0.006725095398567879,
            -0.002900888190113737,
            -0.0022947082551469547,
            -0.003098205014872903,
            0.00985445854680867,
            0.004246356217466277
        ],
        [
            -0.206940614417542,
            -0.1334011145701558,
            0.005293951043584361,
            0.03314262565274207,
            0.0018555573325501344,
            -0.009036930049035921,
            -0.021355817129717628,
            0.015355544033043698,
            0.19099954941439934,
            -0.016895855369766934,
            0.2514786675603971,
            0.07838046461979675,
            0.020110183702492856,
            -0.01326212088396277,
            -0.03379653135179741,
            -0.053080213671215966,
            0.026567516344678566,
            0.0328235879907066,
            -0.12027690664667716,
            -0.039175928646715416
        ],
        [
            -0.04858741483066493,
            -0.021017925030593798,
            0.009993966735908069,
            0.038574595823092625,
            0.0059598001074095555,
            0.04545427975775465,
            -0.008117519448873034,
            0.010036576012468986,
            -0.016895855369766934,
            0.01632052247479696,
            -0.07718309016505602,
            -0.020432917990029612,
            -0.004291451273873006,
            -0.024009574858840026,
            0.01488404407042584,
            0.011348436477077338,
            -0.005448696718471072,
            -0.010845310046157398,
            0.03817784346159662,
            0.013612425956539437
        ],
        [
            0.035049195425882584,
            0.01325813809568557,
            -0.016242405958020456,
            -0.04699591059373005,
            -0.010117644754758471,
            -0.005273884543068702,
            0.10564290476549867,
            -0.019115419701679803,
            0.2514786675603971,
            -0.07718309016505602,
            0.6048940014838615,
            0.22747013177056738,
            0.03322610290213849,
            0.02702723074471173,
            -0.06674398486911745,
            -0.0371655544197264,
            0.09270685022847563,
            0.07404342594858233,
            -0.2692990270000427,
            -0.09085010216171993
        ],
        [
            0.02081603905913639,
            0.022512166637569282,
            0.0063717501493474205,
            0.03180744655946818,
