{
    "opt_E": -2.209563834970351,
    "HF_E": -2.178857844444305,
    "B3LYP_E": -2.180679267043074,
    "sto-3G_E": -2.1677869192831554,
    "proj": [
        [
            0.5659509057868861,
            0.35135442148188306,
            -0.04574330085858768,
            -0.16782117618701484,
            0.01135143823269497,
            0.005923368431875627,
            0.17229016628315139,
            -0.08419915945802016,
            -0.22491661181329897,
            0.030815665213776353,
            0.01969738435873564,
            0.031265806350116096,
            -0.008246647156437944,
            0.03257605294369715,
            0.009125791338353685,
            -0.0036048861347705284,
            -0.02669022790444802,
            -0.0017021905406508187,
            -0.012714790802975768,
            0.001331197507228695
        ],
        [
            0.35135442148188306,
            0.2359345082346896,
            -0.012940928624893142,
            -0.05417049441869835,
            0.0024307630400342353,
            0.09955963354787255,
            0.14131445906994664,
            -0.042208757586985425,
            -0.13170072424231247,
            0.013258981393877867,
            0.02217352365053068,
            0.030448152257215536,
            0.004557242695232363,
            -0.031910004976616606,
            -0.006922661944470988,
            -0.028600253315539025,
            -0.03033895618158958,
            -0.00104774612445105,
            -0.016794634938679637,
            0.00017541424245454812
        ],
        [
            -0.04574330085858768,
            -0.012940928624893142,
            0.02084098318160171,
            0.06715511062213701,
            -0.006452048306205209,
            0.09822693599840084,
            0.016728837213155184,
            0.02094846398423816,
            0.010128797878612724,
            -0.013424578998459056,
            -0.02229601620381519,
            0.009049347161865905,
            0.012936459627856983,
            -0.03605361234136278,
            -0.015704350686714927,
            0.007568560203645597,
            0.003865239879909848,
            0.001146282827820144,
            0.02405190866523834,
            -0.0006087380273358337
        ],
        [
            -0.16782117618701484,
            -0.05417049441869835,
            0.06715511062213701,
            0.21854264658555306,
            -0.02043746268953638,
            0.31214799731982806,
            0.05088595245766446,
            0.06668182978619339,
            0.05274529113075918,
            -0.04004608172163673,
            -0.04511955632442985,
            0.035103971820080834,
            0.04019020062222173,
            -0.12016394616220574,
            -0.04882994534971697,
            0.02092185028855308,
            0.0155870699868163,
            0.003032688860998021,
            0.059135889791021044,
            -0.0019779820623467173
        ],
        [
            0.01135143823269497,
            0.0024307630400342353,
            -0.006452048306205209,
            -0.02043746268953638,
            0.002058922290597661,
            -0.03078221201005487,
            -0.005380793000355807,
            -0.006683255846670346,
            0.0001389938456088245,
            0.004728207128677173,
            0.011496355021878634,
            -0.0020358313980404553,
            -0.004260768451526509,
            0.00978134965720873,
            0.005136238507912091,
            -0.004121312929652853,
            -0.0014051078006846295,
            -0.0004763032314191738,
            -0.011014671640802219,
            0.00017830997999605694
        ],
        [
            0.005923368431875627,
            0.09955963354787255,
            0.09822693599840084,
            0.31214799731982806,
            -0.03078221201005487,
            0.5912726519981748,
            0.20488482251298287,
            0.06974791577233899,
            -0.0008774012300837166,
            -0.04858379803817705,
            -0.009206038397922186,
            0.10423250055866075,
            0.06807917733177189,
            -0.2147178115362088,
            -0.08325644603121186,
            0.03598271771357538,
            0.023624447536030258,
            0.0031356337477216494,
            0.06320985339752173,
            -0.0029031765063374055
        ],
        [
            0.17229016628315139,
            0.14131445906994664,
            0.016728837213155184,
            0.05088595245766446,
            -0.005380793000355807,
            0.20488482251298287,
            0.13902632679901428,
            -0.013273437861120225,
            -0.02793827763526987,
            0.006298710585464425,
            0.09951013466057838,
            0.0809728315834681,
            0.017006880636136028,
            -0.06533203001912871,
            -0.020753058643388337,
            0.027201162534409015,
            0.025122000328313538,
            -0.0017220419578592868,
            -0.03675247757392818,
            -0.0003931360328758245
        ],
        [
            -0.08419915945802016,
            -0.042208757586985425,
            0.02094846398423816,
            0.06668182978619339,
            -0.006683255846670346,
            0.06974791577233899,
            -0.013273437861120225,
            0.02945809983809465,
            0.004528489864106645,
            -0.0202987962156114,
            -0.07312562240416896,
            -0.015946786370912847,
            0.01231908295987897,
            -0.02645495527551068,
            -0.015015615474776272,
            -0.000344742387125184,
            -0.007307529000595891,
            0.002304734093973562,
            0.05077162563814358,
            -0.0006552667981169739
        ],
        [
            -0.22491661181329897,
            -0.13170072424231247,
            0.010128797878612724,
            0.05274529113075918,
            0.0001389938456088245,
            -0.0008774012300837166,
            -0.02793827763526987,
            0.004528489864106645,
            0.19337728456984105,
            0.022103088720965,
            0.22910408064526794,
            0.05509912414986164,
            -0.007950327019143336,
            -0.05141102277475098,
            0.009314207404924628,
            -0.028399090809326597,
            0.030308707868092356,
            -0.005384707571863992,
            -0.15428198184346387,
            -0.00044609622571187415
        ],
        [
            0.030815665213776353,
            0.013258981393877867,
            -0.013424578998459056,
            -0.04004608172163673,
            0.004728207128677173,
            -0.04858379803817705,
            0.006298710585464425,
            -0.0202987962156114,
            0.022103088720965,
            0.017293462986054473,
            0.08216263127255892,
            0.018543000828570747,
            -0.00971062980849104,
            0.011193266592203637,
            0.01176331132407655,
            -0.004373269008161828,
            0.008634772522052208,
            -0.002349869732739354,
            -0.0566587686223505,
            0.00039738663996427163
        ],
        [
            0.01969738435873564,
            0.02217352365053068,
            -0.02229601620381519,
            -0.04511955632442985,
            0.011496355021878634,
            -0.009206038397922186,
            0.09951013466057838,
            -0.07312562240416896,
            0.22910408064526794,
            0.08216263127255892,
            0.562533479137787,
            0.19145615686962505,
            -0.025423300577442076,
            -0.029975275017857423,
            0.03176110823280939,
            0.038819469818370984,
            0.1120345823176155,
            -0.013746900075747468,
            -0.33839831119805347,
            0.0009612930633647822
        ],
        [
            0.031265806350116096,
            0.030448152257215536,
            0.009049347161865905,
            0.035103971820080834,
