{
    "opt_E": -2.196161071338062,
    "HF_E": -2.164959381844897,
    "B3LYP_E": -2.167034716990242,
    "sto-3G_E": -2.152033885140271,
    "proj": [
        [
            0.5626267932704009,
            0.3480393386447201,
            -0.00450537960003319,
            -0.1786375194299534,
            0.02485515005637209,
            0.014320465599777557,
            0.17289441306208767,
            -0.0060195774895222265,
            -0.22676954876627783,
            0.055341344193667756,
            0.048472772753851805,
            0.024961791062167938,
            0.004346721862810313,
            0.05130221623614443,
            0.0011246185327458663,
            -0.0021303920551960205,
            -0.03361412382570624,
            -0.008086375711439399,
            -0.03037417898143243,
            0.005382985209888932
        ],
        [
            0.3480393386447201,
            0.23320221187520268,
            -0.0013076292462689382,
            -0.05608957069961327,
            0.006174768211437201,
            0.10225624100181319,
            0.1365443681899705,
            -0.004657375943957065,
            -0.14165636471813203,
            0.026698285914139593,
            0.026294774690388045,
            0.02331587936641888,
            -0.0007061147716686328,
            -0.02974541354101476,
            -0.005178495621165615,
            -0.027834569446393547,
            -0.037162286101866754,
            -0.003902383049791398,
            -0.01658059596392831,
            0.002620848290073037
        ],
        [
            -0.00450537960003319,
            -0.0013076292462689382,
            0.00018006445076489713,
            0.006577841451427396,
            -0.001073692454027181,
            0.00876549459778925,
            0.0015905145051090513,
            -4.526174938407234e-05,
            0.0015654866159449357,
            -0.0011108795463702808,
            -0.0002997475264681142,
            0.0017810578451100845,
            2.978254887440488e-05,
            -0.004698900056331881,
            -0.0007618502274598978,
            0.0011668358012316316,
            0.001116651412312214,
            0.0003674920550619944,
            0.001360543807521885,
            -0.00018672410681079018
        ],
        [
            -0.1786375194299534,
            -0.05608957069961327,
            0.006577841451427396,
            0.24444024341758339,
            -0.039809249338685036,
            0.31321217135906104,
            0.044159531992477755,
            -0.002204207581499542,
            0.0428010914101423,
            -0.04503439410470467,
            -0.05447278010513613,
            0.04431794048002108,
            0.0011243714487559082,
            -0.17941058244511032,
            -0.02853477639381955,
            0.024103854787758155,
            0.02331642508512461,
            0.017920757608494247,
            0.06799166934136461,
            -0.00912444496865055
        ],
        [
            0.02485515005637209,
            0.006174768211437201,
            -0.001073692454027181,
            -0.039809249338685036,
            0.006526336441178291,
            -0.0533110916913538,
            -0.00910336237703308,
            0.0004463455964673926,
            -0.004704470916683157,
            0.00715090640428102,
            0.009332686240389434,
            -0.007803555536498609,
            -0.00034176065726610367,
            0.029689139260437345,
            0.004905977807507809,
            -0.004787642881910401,
            -0.004003180725328558,
            -0.003089990022888511,
            -0.011788264297393014,
            0.0015538428150355405
        ],
        [
            0.014320465599777557,
            0.10225624100181319,
            0.00876549459778925,
            0.31321217135906104,
            -0.0533110916913538,
            0.5500537721343315,
            0.18927650446608912,
            -0.005642151821268061,
            -0.013525294994358207,
            -0.0392764736444732,
            0.015785440293680907,
            0.11656521204877425,
            5.554774696800629e-05,
            -0.27705797976076774,
            -0.04417201191107848,
            0.039002382497579646,
            0.032532784261914215,
            0.015036544239603338,
            0.05312718288603383,
            -0.007234975929420076
        ],
        [
            0.17289441306208767,
            0.1365443681899705,
            0.0015905145051090513,
            0.044159531992477755,
            -0.00910336237703308,
            0.18927650446608912,
            0.13095175603433373,
            -0.0019191109688174745,
            -0.025678845773734367,
            0.01106836224045491,
            0.11238541159671614,
            0.0804192002797433,
            -0.001768455270322407,
            -0.06659601295311593,
            -0.010388750204884745,
            0.027472000599898738,
            0.024478034559624006,
            -0.008942537228137749,
            -0.03897103238484348,
            0.004846609357315786
        ],
        [
            -0.0060195774895222265,
            -0.004657375943957065,
            -4.526174938407234e-05,
            -0.002204207581499542,
            0.0004463455964673926,
            -0.005642151821268061,
            -0.0019191109688174745,
            0.00034420235328261236,
            0.008402710875994838,
            0.0007252933165489704,
            0.010373022851739874,
            0.001520087114023184,
            -0.0008183715675610034,
            0.00205914537534559,
            0.001137111723544796,
            -0.0022034851949877155,
            0.000529885790321863,
            -0.0017012060112435701,
            -0.007047867482720307,
            0.0007958510988197318
        ],
        [
            -0.22676954876627783,
            -0.14165636471813203,
            0.0015654866159449357,
            0.0428010914101423,
            -0.004704470916683157,
            -0.013525294994358207,
            -0.025678845773734367,
            0.008402710875994838,
            0.24618056610969216,
            0.0021673912050484134,
            0.26973642161009764,
            0.06570111943164521,
            -0.02194980392956356,
            -0.021025328385282694,
            0.018701713702729852,
            -0.04731318771642478,
            0.026631735704581907,
            -0.039814377815656034,
            -0.167606927766696,
            0.018372379602178964
        ],
        [
            0.055341344193667756,
            0.026698285914139593,
            -0.0011108795463702808,
            -0.04503439410470467,
            0.00715090640428102,
            -0.0392764736444732,
            0.01106836224045491,
            0.0007252933165489704,
            0.0021673912050484134,
            0.01233248285627502,
            0.050242931755414125,
            0.009386838767494039,
            -0.0016670317145558485,
            0.029262559056709145,
            0.005750513867972525,
            -0.0004649649093976008,
            0.0029557218484697638,
            -0.008092010649350749,
            -0.03253470134711474,
            0.00406699331035074
        ],
        [
            0.048472772753851805,
            0.026294774690388045,
            -0.0002997475264681142,
            -0.05447278010513613,
            0.009332686240389434,
            0.015785440293680907,
            0.11238541159671614,
            0.010373022851739874,
            0.26973642161009764,
            0.050242931755414125,
            0.5643183473715996,
            0.1851064235140619,
            -0.02734999787409664,
            0.031190740021187928,
            0.02872915503381022,
            0.010259920152283143,
            0.0888157103767663,
            -0.07603120204806026,
            -0.3155204334087572,
            0.03688199946446081
        ],
        [
            0.024961791062167938,
            0.02331587936641888,
            0.0017810578451100845,
