{
    "opt_E": -2.2126211262031776,
    "HF_E": -2.18002077940652,
    "B3LYP_E": -2.183103066713968,
    "sto-3G_E": -2.1669705112395934,
    "proj": [
        [
            0.5979324006566114,
            0.36246067998636017,
            0.0268408467703962,
            -0.15891535886107164,
            -0.03383822724479327,
            -0.03270108520348146,
            0.158273614442658,
            0.05848328209322923,
            -0.20537039643769672,
            -0.05643283033250599,
            0.040760572851954384,
            0.019713225836693177,
            0.006724751958878963,
            0.0601576537258864,
            0.00043942636245721325,
            -0.0022468076764790013,
            -0.0253831743149604,
            0.0015169174185740435,
            -0.02461980478401765,
            0.00615729475576133
        ],
        [
            0.36246067998636017,
            0.24676448507357912,
            0.004903344455823676,
            -0.039156335426338916,
            -0.007620256984361023,
            0.10230349449529531,
            0.1413202791455024,
            0.025323139778496127,
            -0.1333338066893773,
            -0.028229597496722648,
            0.011991979699376801,
            0.021579218104776074,
            -0.004956927213883083,
            -0.02915425016709362,
            -0.001693915093326903,
            -0.022975506505969866,
            -0.034262449500517454,
            0.0007152950365681563,
            -0.005913138602840259,
            0.0010250139277481127
        ],
        [
            0.0268408467703962,
            0.004903344455823676,
            0.0064773572218243475,
            -0.03320154394049537,
            -0.007435172343140494,
            -0.05617984338180866,
            -0.012436131685365729,
            0.007657090142927851,
            -0.0013608534804970328,
            -0.005108834886947806,
            0.01358058269198915,
            -0.005668165803848256,
            0.004533850781083778,
            0.02617308068564251,
            0.0027662759070078654,
            -0.007202004306080287,
            -0.0021112891543773227,
            5.8431698707919176e-05,
            -0.011891242869546471,
            0.002890942598416327
        ],
        [
            -0.15891535886107164,
            -0.039156335426338916,
            -0.03320154394049537,
            0.17185940455734083,
            0.0383072583265311,
            0.2833375623859697,
            0.05918675608735274,
            -0.03920303593380071,
            0.02465672490183374,
            0.027985078955776226,
            -0.05044831656923477,
            0.032466137330610136,
            -0.022515037925065373,
            -0.13671140659715905,
            -0.011841898275447604,
            0.0257927700240768,
            0.008933482977080449,
            -0.00046789651927485384,
            0.049217523253818264,
            -0.012308596282672014
        ],
        [
            -0.03383822724479327,
            -0.007620256984361023,
            -0.007435172343140494,
            0.0383072583265311,
            0.008561180743201165,
            0.06354211593004669,
            0.013244723612564109,
            -0.008889255664656788,
            0.003413381122788811,
            0.00610933975701639,
            -0.01440972291242563,
            0.006201450772977934,
            -0.005119594524389422,
            -0.030521439636216733,
            -0.0028830301754431257,
            0.006226791216664723,
            0.0015544001068461867,
            -8.792553669956086e-05,
            0.012574562662723833,
            -0.003090784642436417
        ],
        [
            -0.03270108520348146,
            0.10230349449529531,
            -0.05617984338180866,
            0.2833375623859697,
            0.06354211593004669,
            0.5940394816603191,
            0.22302474972363168,
            -0.04768377081159343,
            -0.016592067847633323,
            0.031129954461682686,
            -0.008659618369724826,
            0.10843062665679284,
            -0.04301497358102016,
            -0.26389646658091426,
            -0.01970749629237541,
            0.04285615228590069,
            0.014834037403967345,
            -0.0005333944429374386,
            0.05385784475776899,
            -0.014807091999010123
        ],
        [
            0.158273614442658,
            0.1413202791455024,
            -0.012436131685365729,
            0.05918675608735274,
            0.013244723612564109,
            0.22302474972363168,
            0.14993328061443978,
            0.006490177040349428,
            -0.019190555611806114,
            -0.00402412492618045,
            0.109874782730862,
            0.08901760475683407,
            -0.01229560133077495,
            -0.0800848882786523,
            -0.0019145553150107337,
            0.018150088204509928,
            0.020532374503606423,
            -9.199302430213544e-05,
            -0.03282595183146674,
            0.00616075524670205
        ],
        [
            0.05848328209322923,
            0.025323139778496127,
            0.007657090142927851,
            -0.03920303593380071,
            -0.008889255664656788,
            -0.04768377081159343,
            0.006490177040349428,
            0.013153171962576912,
            0.004687657107544116,
            -0.007628352016758273,
            0.053910603237803945,
            0.012526047240704564,
            0.005136902088878852,
            0.026859770042971548,
            0.004642825622542567,
            -0.006448771390065711,
            0.004664014272377544,
            8.294938201883694e-06,
            -0.030088621625983778,
            0.00683676768394288
        ],
        [
            -0.20537039643769672,
            -0.1333338066893773,
            -0.0013608534804970328,
            0.02465672490183374,
            0.003413381122788811,
            -0.016592067847633323,
            -0.019190555611806114,
            0.004687657107544116,
            0.20055959746133323,
            0.018315564341386446,
            0.2606263826754695,
            0.08097716180559258,
            0.006846156431135922,
            -0.016140828456962186,
            0.02187008340750798,
            -0.0597066440337979,
            0.026843564948418507,
            -0.0016677714816021078,
            -0.13547938889108802,
            0.029087124627050442
        ],
        [
            -0.05643283033250599,
            -0.028229597496722648,
            -0.005108834886947806,
            0.027985078955776226,
            0.00610933975701639,
            0.031129954461682686,
            -0.00402412492618045,
            -0.007628352016758273,
            0.018315564341386446,
            0.006677496592767383,
            -0.004160267349018259,
            0.0022899655373650684,
            -0.002647743223808844,
            -0.019401824001642205,
            -0.0006367093416577939,
            -0.0014898908568073638,
            0.0006640743086223172,
            -0.000182593780275667,
            0.003942027154133842,
            -0.001092143546155097
        ],
        [
            0.040760572851954384,
            0.011991979699376801,
            0.01358058269198915,
            -0.05044831656923477,
            -0.01440972291242563,
            -0.008659618369724826,
            0.109874782730862,
            0.053910603237803945,
            0.2606263826754695,
            -0.004160267349018259,
            0.6002849090307875,
            0.22678836493258353,
            0.016343702623019114,
            0.022753280688443952,
            0.038231917978328006,
            -0.04008257740384921,
            0.09479376780973953,
            -0.002007674199877705,
            -0.2897730972849158,
            0.06292019123362455
        ],
        [
            0.019713225836693177,
            0.021579218104776074,
            -0.005668165803848256,
