{
    "opt_E": -2.201546307541346,
    "HF_E": -2.1716750630158086,
    "B3LYP_E": -2.173106914347279,
    "sto-3G_E": -2.1616676846612504,
    "proj": [
        [
            0.5406625499051959,
            0.33729261813402867,
            0.011623989690669365,
            -0.17714556127565845,
            0.03125473318957782,
            0.039562214551020755,
            0.18079268281066457,
            0.018422839973758286,
            -0.2448374418181083,
            0.0633612467666174,
            0.028770369046050112,
            0.03309529571878816,
            -0.003595148900427157,
            0.023399490111420097,
            0.004830995168016788,
            -0.004631799593776687,
            -0.025471726443794935,
            0.005812899701916847,
            -0.017304989397987698,
            0.005175862098323319
        ],
        [
            0.33729261813402867,
            0.22399152423940352,
            0.0037899775081521783,
            -0.06171440867591211,
            0.009501372919795872,
            0.10506792082008538,
            0.13850420631264393,
            0.010816082059078653,
            -0.14090492021023723,
            0.03166429844145617,
            0.02775997253112454,
            0.028743951424568235,
            0.001875998847306134,
            -0.03373315205852615,
            -0.006574672809147545,
            -0.029076064170712755,
            -0.0288677544030599,
            0.00575016226033056,
            -0.020938898747517424,
            0.003382163249235491
        ],
        [
            0.011623989690669365,
            0.0037899775081521783,
            0.0013858796205259312,
            -0.01954956049700575,
            0.004073134450909951,
            -0.024267715282257463,
            -0.003407244369584095,
            0.0005679394580233107,
            -0.00524126500520992,
            0.004963633478767631,
            0.0038513797884637286,
            -0.0029296136732092884,
            0.0007965306220178674,
            0.010036879016610838,
            0.004616387210614985,
            -0.002403168870042165,
            -0.0016838583953138414,
            0.0016755553867233734,
            -0.004909841294270596,
            0.0010559071531458452
        ],
        [
            -0.17714556127565845,
            -0.06171440867591211,
            -0.01954956049700575,
            0.2764850848660445,
            -0.057358746705298454,
            0.3355609582189129,
            0.041452740508972324,
            -0.008428612188464857,
            0.08072016346713548,
            -0.07071457672892882,
            -0.055102847752132256,
            0.03553317280267749,
            -0.008984859282132515,
            -0.14629672692882906,
            -0.06316407689272399,
            0.020276192268672066,
            0.01616319970386533,
            -0.02221412041188886,
            0.06426241292658773,
            -0.014326225922030823
        ],
        [
            0.03125473318957782,
            0.009501372919795872,
            0.004073134450909951,
            -0.057358746705298454,
            0.012119605625326867,
            -0.07188896451436885,
            -0.009690176847161308,
            0.0015314818559443479,
            -0.010311709408650319,
            0.015680923034157863,
            0.019681674972508164,
            -0.0062701520243151135,
            0.0031542906867194414,
            0.028715043158694227,
            0.014480810117053393,
            -0.00737376982798381,
            -0.0036413994744549285,
            0.006478507280100538,
            -0.01967674603379152,
            0.0038498451882933195
        ],
        [
            0.039562214551020755,
            0.10506792082008538,
            -0.024267715282257463,
            0.3355609582189129,
            -0.07188896451436885,
            0.5669249978807754,
            0.18740436052143974,
            -0.0028421641471883742,
            0.01216081886758137,
            -0.06535442395093242,
            -0.004906267296886366,
            0.09957763944191579,
            -0.01148361224588373,
            -0.225905113499272,
            -0.092908226355822,
            0.03377446847291099,
            0.023798939144785303,
            -0.020724703260748448,
            0.05415669150504214,
            -0.014306388876532728
        ],
        [
            0.18079268281066457,
            0.13850420631264393,
            -0.003407244369584095,
            0.041452740508972324,
            -0.009690176847161308,
            0.18740436052143974,
            0.13045235064479827,
            0.004438006425385092,
            -0.033325749199353334,
            0.014527379864727906,
            0.1009138181126047,
            0.07730054449231824,
            -0.00016875000894042198,
            -0.05819554059185253,
            -0.019782530236197412,
            0.032429908973064456,
            0.028353641708897606,
            0.009914569708722397,
            -0.0369931874686688,
            0.004478061099325068
        ],
        [
            0.018422839973758286,
            0.010816082059078653,
            0.0005679394580233107,
            -0.008428612188464857,
            0.0015314818559443479,
            -0.0028421641471883742,
            0.004438006425385092,
            0.0006717347536104124,
            -0.009750470238047527,
            0.002248679506695991,
            -0.0015919328289893664,
            -0.00034087137537120983,
            -0.00030695185077719926,
            0.0028144440121673324,
            0.0005721141938735356,
            -0.0001505665055967559,
            -0.0013274394848576232,
            -0.00014623071637648915,
            0.0006944702428877204,
            4.276243695392462e-05
        ],
        [
            -0.2448374418181083,
            -0.14090492021023723,
            -0.00524126500520992,
            0.08072016346713548,
            -0.010311709408650319,
            0.01216081886758137,
            -0.033325749199353334,
            -0.009750470238047527,
            0.2216090146709566,
            0.007148783218132696,
            0.22770599470818728,
            0.05772854322813199,
            0.026196633688731052,
            -0.054469706208669075,
            0.019363357523034617,
            -0.023688237092536334,
            0.035440424311905944,
            0.04268226674288204,
            -0.14636127213647335,
            0.019322629295465025
        ],
        [
            0.0633612467666174,
            0.03166429844145617,
            0.004963633478767631,
            -0.07071457672892882,
            0.015680923034157863,
            -0.06535442395093242,
            0.014527379864727906,
            0.002248679506695991,
            0.007148783218132696,
            0.030707649590327533,
            0.093984023395855,
            0.02041300114605895,
            0.008532521333397559,
            0.024867445821169086,
            0.02102232858647072,
            -0.003321288405456685,
            0.009161652156276255,
            0.019389633369607404,
            -0.06307260979354441,
            0.010297027253482284
        ],
        [
            0.028770369046050112,
            0.02775997253112454,
            0.0038513797884637286,
            -0.055102847752132256,
            0.019681674972508164,
            -0.004906267296886366,
            0.1009138181126047,
            -0.0015919328289893664,
            0.22770599470818728,
            0.093984023395855,
            0.5559586808331947,
            0.18819406531449523,
            0.04088540441807863,
            -0.015539309380531463,
            0.05312779233232948,
            0.04579438001200183,
            0.11521145870275555,
            0.09608099873639821,
            -0.3223772991882289,
            0.047501449377893704
        ],
        [
            0.03309529571878816,
            0.028743951424568235,
            -0.0029296136732092884,
