{
    "opt_E": -2.1676216842537337,
    "HF_E": -2.1395882685731453,
    "B3LYP_E": -2.1406989398182303,
    "sto-3G_E": -2.130364075079092,
    "proj": [
        [
            0.5112464365111781,
            0.3287654970566576,
            -0.000348663402962351,
            -0.1795635972161561,
            0.00849916642505128,
            0.07306427998924707,
            0.18856572057866997,
            0.0007757300650406146,
            -0.2522276335372851,
            0.007350864949848128,
            0.042263338587818416,
            0.03258771027200653,
            -0.0009067860381239363,
            0.01918643990255005,
            0.002138924196136485,
            0.005290349589174745,
            -0.02799442827918149,
            0.001616785962804626,
            -0.02913148054924565,
            -0.00422946060446753
        ],
        [
            0.3287654970566576,
            0.22015409367326655,
            -0.00022412411214352772,
            -0.0806409348719768,
            0.0040502054948924225,
            0.09823614645602093,
            0.13675320788881015,
            0.000549415386657148,
            -0.1462532490879234,
            0.003930679898895531,
            0.042896386483509984,
            0.02375907801168522,
            -4.002765281381165e-05,
            -0.03521056645332702,
            0.0017197595535060261,
            -0.0294531943952539,
            -0.03398504350953518,
            0.0018183136166737735,
            -0.04037670256519515,
            -0.004377377281201308
        ],
        [
            -0.000348663402962351,
            -0.00022412411214352772,
            9.23509786322829e-07,
            -0.00014725504710443878,
            2.6732419531136546e-06,
            -0.00041661488640942063,
            -0.00023322727994308664,
            3.6656747474332867e-07,
            0.00018812653173146368,
            -9.590478131326565e-06,
            -7.344694114550693e-05,
            -0.0002502192342718192,
            1.8815738610486367e-05,
            -0.000108127500624099,
            -5.943675810585055e-05,
            -0.0004957165838000228,
            -0.00029552894059475766,
            8.691738646579977e-06,
            -0.00022240841145797674,
            -1.943069406962037e-05
        ],
        [
            -0.1795635972161561,
            -0.0806409348719768,
            -0.00014725504710443878,
            0.3472896265652425,
            -0.01350880142406021,
            0.35482405572799103,
            0.019652666362415618,
            -0.001912624477847289,
            0.07758648493544407,
            0.0044487348539010325,
            -0.07151122588344898,
            0.05106503504490832,
            -0.0071273845861095,
            -0.17948888336784877,
            0.03279284776412888,
            0.02671172626517214,
            0.036042186174668596,
            -0.005358782614478044,
            0.11018304026522455,
            0.01326798435392389
        ],
        [
            0.00849916642505128,
            0.0040502054948924225,
            2.6732419531136546e-06,
            -0.01350880142406021,
            0.0005363389271161577,
            -0.01287618343719531,
            5.79990361381823e-06,
            7.45802551166822e-05,
            -0.0038825132585258663,
            -0.0001372189172860658,
            0.0030103451734452926,
            -0.0012145303402149611,
            0.00021860828500726916,
            0.007658513998884477,
            -0.0011061966995336492,
            0.0006736613953182925,
            -0.0004274674898624626,
            0.0001813684111168179,
            -0.0035621916327666127,
            -0.0004570611357731317
        ],
        [
            0.07306427998924707,
            0.09823614645602093,
            -0.00041661488640942063,
            0.35482405572799103,
            -0.01287618343719531,
            0.5332898487752596,
            0.16011315727594044,
            -0.0012745879708986171,
            -0.0061949797988174295,
            0.005614336404407808,
            0.011627622947124154,
            0.11217511090552436,
            -0.008663544379912014,
            -0.2420459652163994,
            0.04092251645620999,
            0.04387170936272958,
            0.04328546325020645,
            -0.0037064810793379544,
            0.07193623965562125,
            0.009375259903841042
        ],
        [
            0.18856572057866997,
            0.13675320788881015,
            -0.00023322727994308664,
            0.019652666362415618,
            5.79990361381823e-06,
            0.16011315727594044,
            0.12059028971117623,
            0.0008944847640036981,
            -0.03712783811403318,
            -0.001702804219626717,
            0.11059401915102744,
            0.06876784973589249,
            -0.0010744889198627604,
            -0.05381531139540612,
            0.006150991177598569,
            0.03384978490810402,
            0.02430991278251789,
            0.0022602031092779757,
            -0.052151543877651384,
            -0.005321371530369276
        ],
        [
            0.0007757300650406146,
            0.000549415386657148,
            3.6656747474332867e-07,
            -0.001912624477847289,
            7.45802551166822e-05,
            -0.0012745879708986171,
            0.0008944847640036981,
            5.952883772247055e-05,
            0.0023394554455788475,
            -0.00032054825460240294,
            0.005329180698389658,
            0.0012376846232005233,
            0.000118967404078278,
            0.00041025726147667156,
            -0.00042706424225608206,
            0.00047934329903226474,
            0.0007501405170704209,
            0.00017409959167703643,
            -0.003958274056877818,
            -0.0004121907309734358
        ],
        [
            -0.2522276335372851,
            -0.1462532490879234,
            0.00018812653173146368,
            0.07758648493544407,
            -0.0038825132585258663,
            -0.0061949797988174295,
            -0.03712783811403318,
            0.0023394554455788475,
            0.2735684728262127,
            -0.019913716043477466,
            0.24676552815379646,
            0.051135561857175126,
            0.006147596587386019,
            -0.06269336080221165,
            -0.0181299896219782,
            -0.014241838862259023,
            0.036742019550221154,
            0.007930432318526456,
            -0.19002898522928718,
            -0.018291659439992215
        ],
        [
            0.007350864949848128,
            0.003930679898895531,
            -9.590478131326565e-06,
            0.0044487348539010325,
            -0.0001372189172860658,
            0.005614336404407808,
            -0.001702804219626717,
            -0.00032054825460240294,
            -0.019913716043477466,
            0.0020213940056938245,
            -0.03006259776854176,
            -0.006563294553922852,
            -0.0007112763436861046,
            0.0008389299923895763,
            0.002398692776777741,
            -0.001009258368478977,
            -0.004163363307010264,
            -0.00098427916410819,
            0.022769980829292318,
            0.0023108661456709037
        ],
        [
            0.042263338587818416,
            0.042896386483509984,
            -7.344694114550693e-05,
            -0.07151122588344898,
            0.0030103451734452926,
            0.011627622947124154,
            0.11059401915102744,
            0.005329180698389658,
            0.24676552815379646,
            -0.03006259776854176,
            0.5159615694888299,
            0.1578012508975134,
            0.008309485702416575,
            -0.0060675643034205145,
            -0.02821690077282978,
            0.09332243319298941,
            0.10862905651791686,
            0.015093148898125646,
            -0.34495498278585174,
            -0.03563717302203933
        ],
        [
            0.03258771027200653,
