{
    "opt_E": -2.1723107091989333,
    "HF_E": -2.1415480511296314,
    "B3LYP_E": -2.144077082743771,
    "sto-3G_E": -2.123673484929901,
    "proj": [
        [
            0.5572003350193416,
            0.35302444104167724,
            0.046602182396746454,
            -0.17138673852356578,
            0.026081704073201085,
            0.02412065216267456,
            0.17017104530320465,
            0.08105913234928519,
            -0.2095012548041776,
            0.05256519438600775,
            0.04393166661343974,
            0.031194558604619782,
            0.005510613063201027,
            0.04831354207123594,
            0.007690416890402684,
            -0.0033510706826860455,
            -0.02964831224539456,
            -0.008877613879601773,
            -0.027530957307864194,
            -0.00762671087653824
        ],
        [
            0.35302444104167724,
            0.23659361908812065,
            0.016562375736868744,
            -0.06553563385684584,
            0.008828855488448998,
            0.09074073279477389,
            0.1322949970856962,
            0.043271751780206716,
            -0.1343724669372467,
            0.026611617768776036,
            0.03247269794874922,
            0.02439267424943702,
            -0.0004734122852233496,
            -0.024983818194136684,
            -0.0021643740890808162,
            -0.029576268024705386,
            -0.03641288030491899,
            -0.005679540067811377,
            -0.020811198223149835,
            -0.005159236211345204
        ],
        [
            0.046602182396746454,
            0.016562375736868744,
            0.02058724244182086,
            -0.06835471080360307,
            0.01215845310068298,
            -0.0884832311694713,
            -0.013071506455553725,
            0.017084001286324337,
            0.0010470770001422991,
            0.014072885930465075,
            0.018502718955478448,
            -0.007821482486584803,
            -0.0028093652632731237,
            0.05694915082363322,
            0.0026302090649268973,
            -0.011193133883102013,
            -0.00550157924955105,
            -0.008153178156395272,
            -0.02173877990748677,
            -0.00705979191328319
        ],
        [
            -0.17138673852356578,
            -0.06553563385684584,
            -0.06835471080360307,
            0.22903488945047995,
            -0.0402454020893842,
            0.2925301464631984,
            0.0423979196032968,
            -0.05782555923399905,
            0.020095172834221124,
            -0.04597341996971819,
            -0.034282464652063166,
            0.03392175572128889,
            0.006269038322967741,
            -0.18777923688695006,
            -0.010710914464212415,
            0.033512894802558084,
            0.021682960994971304,
            0.021894656882508336,
            0.056734254505972435,
            0.018772958420499277
        ],
        [
            0.026081704073201085,
            0.008828855488448998,
            0.01215845310068298,
            -0.0402454020893842,
            0.007188551130822441,
            -0.052634763966469565,
            -0.008051798242693104,
            0.009976183061405481,
            0.00205289431164197,
            0.008317847651417947,
            0.01222781240445064,
            -0.004312971116120724,
            -0.0018260909384159338,
            0.03380135500674781,
            0.001453076375255269,
            -0.006839432289054286,
            -0.0030749390206439133,
            -0.00507911391798645,
            -0.013617080463845483,
            -0.0044070820190809205
        ],
        [
            0.02412065216267456,
            0.09074073279477389,
            -0.0884832311694713,
            0.2925301464631984,
            -0.052634763966469565,
            0.5253911984561572,
            0.18592348048857132,
            -0.0501523688086175,
            -0.034349891244202006,
            -0.042932731232040514,
            0.05193598001235562,
            0.10489722189587442,
            0.005546717386697234,
            -0.2924282995270302,
            -0.019494850985261474,
            0.0463389695618038,
            0.02901194208029111,
            0.016774017435463175,
            0.03430227481045695,
            0.013681113147630162
        ],
        [
            0.17017104530320465,
            0.1322949970856962,
            -0.013071506455553725,
            0.0423979196032968,
            -0.008051798242693104,
            0.18592348048857132,
            0.12529296411582333,
            0.010197531136913717,
            -0.026729709214667493,
            0.007016100583193375,
            0.11022424205728261,
            0.07656678759894259,
            -0.0010968170598872789,
            -0.06958887530048284,
            -0.006309125446307401,
            0.028588115398467336,
            0.023663597553482362,
            -0.00993187115920329,
            -0.034767687635097105,
            -0.009263760872211271
        ],
        [
            0.08105913234928519,
            0.043271751780206716,
            0.017084001286324337,
            -0.05782555923399905,
            0.009976183061405481,
            -0.0501523688086175,
            0.010197531136913717,
            0.018386442002407688,
            -0.014283464659053837,
            0.014160037468235876,
            0.024941594281045715,
            0.0033781392866197805,
            -0.0010992744017492464,
            0.04191163456760613,
            0.0025855045578558047,
            -0.0011300835387723952,
            -0.0007502933822156651,
            -0.006921835399838236,
            -0.019039195281991526,
            -0.006015050332320203
        ],
        [
            -0.2095012548041776,
            -0.1343724669372467,
            0.0010470770001422991,
            0.020095172834221124,
            0.00205289431164197,
            -0.034349891244202006,
            -0.026729709214667493,
            -0.014283464659053837,
            0.2693645420722467,
            0.007134638887990708,
            0.29048370582132826,
            0.07593913633690598,
            -0.03625108627015702,
            0.015898133754546514,
            -0.0233687321761373,
            -0.05899950889988071,
            0.026223302185128302,
            -0.057898824423225366,
            -0.1726120639855451,
            -0.052209030965564
        ],
        [
            0.05256519438600775,
            0.026611617768776036,
            0.014072885930465075,
            -0.04597341996971819,
            0.008317847651417947,
            -0.042932731232040514,
            0.007016100583193375,
            0.014160037468235876,
            0.007134638887990708,
            0.012180766485062049,
            0.04148987227140957,
            0.008565653796096605,
            -0.0034118206089022887,
            0.03547241284982218,
            0.000501058426622707,
            -0.004578562726095843,
            0.0015868660754982636,
            -0.009790254974175674,
            -0.027883550443264012,
            -0.008642236475437087
        ],
        [
            0.04393166661343974,
            0.03247269794874922,
            0.018502718955478448,
            -0.034282464652063166,
            0.01222781240445064,
            0.05193598001235562,
            0.11022424205728261,
            0.024941594281045715,
            0.29048370582132826,
            0.04148987227140957,
            0.5303591083387013,
            0.1957452235256286,
            -0.042049795095350055,
            0.04634023370975746,
            -0.025045760967952968,
            0.004777735617781261,
            0.09063006158955189,
            -0.09239591501715837,
            -0.2762516748983729,
            -0.08311426567095512
        ],
        [
            0.031194558604619782,
            0.02439267424943702,
            -0.007821482486584803,
            0.03392175572128889,
