{
    "opt_E": -2.139584342452007,
    "HF_E": -2.109889743686562,
    "B3LYP_E": -2.1115508349192273,
    "sto-3G_E": -2.088763850494323,
    "proj": [
        [
            0.5222031273924705,
            0.3385708898203122,
            0.051725972505034454,
            -0.17441422541565005,
            0.01043671333510496,
            0.06957953638042919,
            0.1778628909794173,
            0.08427844368531599,
            -0.2248688344971417,
            -0.0011768182785205266,
            0.05159469577886366,
            0.03432418090273915,
            0.006749027308324321,
            0.03296838920742548,
            -0.005786054351897426,
            0.0010500133028534318,
            -0.035518647318097014,
            -0.014620493818963172,
            -0.03194448837430402,
            0.004712363031254965
        ],
        [
            0.3385708898203122,
            0.2264316409593695,
            0.023882697399920785,
            -0.08303934645790426,
            0.005637212806240526,
            0.09097678571475236,
            0.12825375211630152,
            0.04875130882502529,
            -0.13755658956245692,
            0.0003714091438250481,
            0.04525899724018136,
            0.023232068684866613,
            -0.0009646849262833428,
            -0.02048603948767419,
            0.004831232842151097,
            -0.030841906687189502,
            -0.04055636649600513,
            -0.01343112932751772,
            -0.03418205265251179,
            0.005573334416468535
        ],
        [
            0.051725972505034454,
            0.023882697399920785,
            0.029290953381780626,
            -0.09086097215215633,
            0.0035040710659882007,
            -0.09696560450821137,
            -0.008374535638026074,
            0.019640127614258835,
            -0.006558221180278028,
            -0.009869922938629287,
            0.017757297614492643,
            -0.0113920329200648,
            -0.00922412335126362,
            0.07158646382659352,
            -0.015516250520015179,
            -0.006920926713477748,
            -0.01069332787223981,
            -0.01365541968270387,
            -0.0255858421280733,
            0.004637350532163352
        ],
        [
            -0.17441422541565005,
            -0.08303934645790426,
            -0.09086097215215633,
            0.28351766995640293,
            -0.011170735158785826,
            0.29881354538624505,
            0.025049273311302325,
            -0.06317674889933682,
            0.04147719197979822,
            0.02693894646548524,
            -0.031484442879423376,
            0.04278963065741939,
            0.025707583446595236,
            -0.21726751053444995,
            0.04713400727083563,
            0.026309229613397555,
            0.03977655980445461,
            0.03669515870004093,
            0.06640781199146552,
            -0.011996104333796932
        ],
        [
            0.01043671333510496,
            0.005637212806240526,
            0.0035040710659882007,
            -0.011170735158785826,
            0.00048422283577859236,
            -0.010035800524260426,
            0.00018820060755238288,
            0.0029466964760700813,
            -0.004944289038916951,
            -0.0005741137374109973,
            -0.001022123163212685,
            -0.0018661253834348949,
            -0.0004195731130518047,
            0.007720657031363358,
            -0.0016595359890796068,
            -0.0006496060080825391,
            -0.0017784674453506183,
            -0.0006969527346422977,
            -0.0009219668123901549,
            0.00015340718456624783
        ],
        [
            0.06957953638042919,
            0.09097678571475236,
            -0.09696560450821137,
            0.29881354538624505,
            -0.010035800524260426,
            0.48416740536858127,
            0.1607839099591236,
            -0.04088170499317876,
            -0.025970235539506774,
            0.02612190896366162,
            0.07082879201956749,
            0.10780889591305362,
            0.029251301366098624,
            -0.2879507971978498,
            0.06330945839904865,
            0.03834125702175469,
            0.044230359564798795,
            0.022007439663001026,
            0.02459075127921897,
            -0.004980098192461232
        ],
        [
            0.1778628909794173,
            0.12825375211630152,
            -0.008374535638026074,
            0.025049273311302325,
            0.00018820060755238288,
            0.1607839099591236,
            0.11183187598821714,
            0.01384048195674749,
            -0.0319353340059395,
            -0.003596613817537,
            0.10977364883772764,
            0.06898746965997986,
            0.004336354886117219,
            -0.05288574995629742,
            0.012508036137796018,
            0.03488911620410733,
            0.024665172680795107,
            -0.014681193047722757,
            -0.03998816198011487,
            0.006776448182643342
        ],
        [
            0.08427844368531599,
            0.04875130882502529,
            0.019640127614258835,
            -0.06317674889933682,
            0.0029466964760700813,
            -0.04088170499317876,
            0.01384048195674749,
            0.01961605697079262,
            -0.03915603169475969,
            -0.00265869314855442,
            -0.0001635447787411908,
            -0.0025236471610806605,
            0.0007173548432858119,
            0.042213304779185154,
            -0.008813860695989025,
            0.00823325805540861,
            -0.003309796114427818,
            -0.0029383139513344636,
            -0.00296630585958002,
            0.00036650167264233504
        ],
        [
            -0.2248688344971417,
            -0.13755658956245692,
            -0.006558221180278028,
            0.04147719197979822,
            -0.004944289038916951,
            -0.025970235539506774,
            -0.0319353340059395,
            -0.03915603169475969,
            0.2913998694098568,
            -0.04552134730064328,
            0.28027282626502575,
            0.05853422961280377,
            -0.05537851572002562,
            0.011439689103151834,
            -0.0036514654186655007,
            -0.03782886929315073,
            0.02155880301249406,
            -0.07963028172360226,
            -0.18778692127877505,
            0.03492634242072488
        ],
        [
            -0.0011768182785205266,
            0.0003714091438250481,
            -0.009869922938629287,
            0.02693894646548524,
            -0.0005741137374109973,
            0.02612190896366162,
            -0.003596613817537,
            -0.00265869314855442,
            -0.04552134730064328,
            0.012550875637937648,
            -0.06976202111051477,
            -0.014128980974609271,
            0.012816455286907365,
            -0.02607732723617263,
            0.005715331417622057,
            0.0038912576507099997,
            -0.003397247714118681,
            0.02124001987447953,
            0.047911595944734736,
            -0.008784141739436379
        ],
        [
            0.05159469577886366,
            0.04525899724018136,
            0.017757297614492643,
            -0.031484442879423376,
            -0.001022123163212685,
            0.07082879201956749,
            0.10977364883772764,
            -0.0001635447787411908,
            0.28027282626502575,
            -0.06976202111051477,
            0.502184290210447,
            0.16570996582334882,
            -0.059370520534748616,
            0.0520438049312332,
            -0.010351872488191506,
            0.04841537636132692,
            0.08005364309947038,
            -0.12348587875965529,
            -0.2879950440331831,
            0.05241846256725108
        ],
        [
            0.03432418090273915,
            0.023232068684866613,
            -0.0113920329200648,
            0.04278963065741939,
