{
    "opt_E": -2.178385540565693,
    "HF_E": -2.1492363069052054,
    "B3LYP_E": -2.1503686603622016,
    "sto-3G_E": -2.1384337776237707,
    "proj": [
        [
            0.5173147777910366,
            0.32578156864454055,
            0.035522146957427336,
            -0.17936162563277744,
            -0.016951492553369717,
            0.07106417843196738,
            0.18177432245165578,
            0.04411329822697774,
            -0.2523643327599727,
            -0.023119496274856516,
            0.0481462276569839,
            0.02983367119933133,
            0.0010309339577622436,
            0.01850270187756202,
            0.001966008805816516,
            -0.0003928083112514396,
            -0.028349246898010237,
            -0.01611124191157523,
            -0.03099448284354547,
            -0.002660353937149757
        ],
        [
            0.32578156864454055,
            0.2151455494273843,
            0.013915817040061283,
            -0.06803074208277456,
            -0.006440893315637746,
            0.10966460773848102,
            0.13280766495007054,
            0.024946831083974524,
            -0.1476446306088436,
            -0.013705918719801686,
            0.03586882785819318,
            0.023530635313551346,
            0.0050821200765448086,
            -0.033618784880289375,
            -0.0035150719274127757,
            -0.026829754909589505,
            -0.030219062635635244,
            -0.010737508165009697,
            -0.028702413811780344,
            -0.002615122841832827
        ],
        [
            0.035522146957427336,
            0.013915817040061283,
            0.011528439504984387,
            -0.06086862669444668,
            -0.005721602618457348,
            -0.0624833804560265,
            -0.00486336272551034,
            0.002620288293647512,
            -0.01779133550184448,
            -0.001222111839948151,
            0.015559588215250603,
            -0.006621044815497135,
            -0.01349694663596214,
            0.03411811197925856,
            0.003820018723692915,
            0.00015446926402526323,
            -0.003818319860423739,
            -0.008321737090629883,
            -0.014742195827504438,
            -0.00129894572283074
        ],
        [
            -0.17936162563277744,
            -0.06803074208277456,
            -0.06086862669444668,
            0.32210413181473296,
            0.03027850293328421,
            0.337717993439774,
            0.032766756788446656,
            -0.014423452021536082,
            0.0949320726657991,
            0.006612638506945065,
            -0.06957774872194594,
            0.04394914034982005,
            0.07296423963338255,
            -0.17730849138263455,
            -0.019921460118640776,
            0.012369110589991026,
            0.029424058946362377,
            0.042878439643519645,
            0.07555416791371196,
            0.0066516285315965555
        ],
        [
            -0.016951492553369717,
            -0.006440893315637746,
            -0.005721602618457348,
            0.03027850293328421,
            0.002846454405934413,
            0.03172941349917944,
            0.003084281993883483,
            -0.0014054082213938,
            0.009112872438888923,
            0.0006418980172831209,
            -0.006270876894319016,
            0.004160472623894589,
            0.0067806964049416255,
            -0.01674293168254697,
            -0.0018787079532115428,
            0.0010361180743499428,
            0.0027246216944918516,
            0.003949540210016566,
            0.00688195406600378,
            0.0006045268571686702
        ],
        [
            0.07106417843196738,
            0.10966460773848102,
            -0.0624833804560265,
            0.337717993439774,
            0.03172941349917944,
            0.5257999743385463,
            0.1734253752002049,
            -0.003013400355493808,
            0.012386786275807167,
            -0.0010712487736056068,
            0.008936626981550774,
            0.10430017157924673,
            0.09160403281716273,
            -0.24142477968813741,
            -0.026916525085722037,
            0.023606634026082176,
            0.03654254039407705,
            0.03274616282812874,
            0.04143250747936633,
            0.003437862823290812
        ],
        [
            0.18177432245165578,
            0.13280766495007054,
            -0.00486336272551034,
            0.032766756788446656,
            0.003084281993883483,
            0.1734253752002049,
            0.1206907054386402,
            0.0023445851147849577,
            -0.037369011035875095,
            -0.0032573410299678407,
            0.10279403708594305,
            0.071754301903654,
            0.017280476681927875,
            -0.05300790600672569,
            -0.005846459505044811,
            0.03687162617330047,
            0.02968149796946813,
            -0.012594234766664955,
            -0.039722252082310804,
            -0.003746222435938226
        ],
        [
            0.04411329822697774,
            0.024946831083974524,
            0.002620288293647512,
            -0.014423452021536082,
            -0.0014054082213938,
            -0.003013400355493808,
            0.0023445851147849577,
            0.013895460041138365,
            -0.057320703169246714,
            -0.005936476693220257,
            -0.06747256171667033,
            -0.01585051440723897,
            0.013348658238546418,
            0.013295527689033849,
            0.001086965504950738,
            0.007984851935897291,
            -0.006017518185960216,
            0.016513741434259755,
            0.04506683363206402,
            0.0042512511011611335
        ],
        [
            -0.2523643327599727,
            -0.1476446306088436,
            -0.01779133550184448,
            0.0949320726657991,
            0.009112872438888923,
            0.012386786275807167,
            -0.037369011035875095,
            -0.057320703169246714,
            0.2502446666582316,
            0.0252722835991509,
            0.23012399182923435,
            0.05688249887070622,
            -0.04260461571214822,
            -0.05235618336767257,
            -0.004516717473300143,
            -0.01674903517035918,
            0.03432980964621072,
            -0.05313971329826489,
            -0.14832384835080378,
            -0.014050815679915892
        ],
        [
            -0.023119496274856516,
            -0.013705918719801686,
            -0.001222111839948151,
            0.006612638506945065,
            0.0006418980172831209,
            -0.0010712487736056068,
            -0.0032573410299678407,
            -0.005936476693220257,
            0.0252722835991509,
            0.0025926498093189576,
            0.026378793450429205,
            0.006166830289673427,
            -0.005298146239951144,
            -0.004072324425809807,
            -0.0003087786151810021,
            -0.0017825183550699228,
            0.0034786664587278804,
            -0.006330140504284986,
            -0.017194237392271206,
            -0.001622692034274552
        ],
        [
            0.0481462276569839,
            0.03586882785819318,
            0.015559588215250603,
            -0.06957774872194594,
            -0.006270876894319016,
            0.008936626981550774,
            0.10279403708594305,
            -0.06747256171667033,
            0.23012399182923435,
            0.026378793450429205,
            0.5485152269437411,
            0.1705563303827684,
            -0.08568219633006326,
            0.007246296620460043,
            0.0025539753989682213,
            0.06604081545540615,
            0.09893691632721885,
            -0.1257294155289164,
            -0.3205064065799581,
            -0.029919209318140825
        ],
        [
            0.02983367119933133,
            0.023530635313551346,
            -0.006621044815497135,
            0.04394914034982005,
