{
    "opt_E": -2.181755799018126,
    "HF_E": -2.1502953476738735,
    "B3LYP_E": -2.1524340306861776,
    "sto-3G_E": -2.132535156380384,
    "proj": [
        [
            0.5542499476318189,
            0.3602103164346131,
            -0.006233808952780972,
            -0.18064350732754547,
            0.01648000584672577,
            0.016569619878150883,
            0.1740654557965027,
            0.011774218140485692,
            -0.2139337138541777,
            0.020150997280151326,
            0.044639233386648935,
            0.02874338708781278,
            0.005303531470234551,
            0.05252556190958339,
            -0.00021274166480052324,
            -0.0011683455701158871,
            -0.03286619748510849,
            0.005181839162335731,
            -0.0271585656621398,
            -0.005033631433920528
        ],
        [
            0.3602103164346131,
            0.2473417068188585,
            -0.003523882200502101,
            -0.07250083632655029,
            0.006637031114568675,
            0.08602660386319144,
            0.13662703917275806,
            0.003988042940890883,
            -0.1380884886304481,
            0.011893302289322583,
            0.03532356124180327,
            0.023596615304983335,
            -0.0053340153889421755,
            -0.021481915989598074,
            0.0008765332549370353,
            -0.034183872038492255,
            -0.04118062749365845,
            0.0033646067458008733,
            -0.024938496747842702,
            -0.003645275948329916
        ],
        [
            -0.006233808952780972,
            -0.003523882200502101,
            9.170186883844079e-05,
            0.0039425515369225055,
            -0.0003600251939509404,
            0.0029266102896108852,
            -0.0010635604860776472,
            -0.0003650905877184882,
            0.0021362418675510927,
            -0.0002545381492424387,
            -0.0007345790893659276,
            -0.00020119193825370585,
            -0.0004971698882460351,
            -0.0028201329181422393,
            9.712859279730575e-05,
            -0.001098925306864972,
            -0.00035517430057600277,
            -0.00010475768084826423,
            0.0003743774787851256,
            9.708629748667249e-05
        ],
        [
            -0.18064350732754547,
            -0.07250083632655029,
            0.0039425515369225055,
            0.25811556315739353,
            -0.023513617342195488,
            0.31690729199772694,
            0.037971333005241054,
            -0.031272113343609534,
            0.022495574564442206,
            -0.007732174063740764,
            -0.046539156469061774,
            0.04057955291039662,
            -0.05882500349119148,
            -0.1904882062921901,
            0.021206126923720075,
            0.024671786543583814,
            0.02275298346480897,
            -0.011128016645780399,
            0.06485712033527703,
            0.01241354366563498
        ],
        [
            0.01648000584672577,
            0.006637031114568675,
            -0.0003600251939509404,
            -0.023513617342195488,
            0.002147262968238836,
            -0.028574941599410843,
            -0.0030720311233629265,
            0.0030756877781847303,
            -0.001206739817968348,
            0.0006443996379694338,
            0.005863278781889946,
            -0.003002950988677667,
            0.005452465553697065,
            0.017506133270937006,
            -0.001987164135949781,
            -0.0018173804744581405,
            -0.0015495337253074689,
            0.001122624915896181,
            -0.0066800135053213415,
            -0.0012530747630575718
        ],
        [
            0.016569619878150883,
            0.08602660386319144,
            0.0029266102896108852,
            0.31690729199772694,
            -0.028574941599410843,
            0.5380504013540381,
            0.1792171782198601,
            -0.030720575840828775,
            -0.031595800355636486,
            -0.004996209872562138,
            0.04192890013175494,
            0.11383250828604888,
            -0.0848266839627913,
            -0.2804262262709516,
            0.029060405165193877,
            0.03868769277373955,
            0.032487664273383225,
            -0.008195304885980803,
            0.0378940496714037,
            0.009261975386781637
        ],
        [
            0.1740654557965027,
            0.13662703917275806,
            -0.0010635604860776472,
            0.037971333005241054,
            -0.0030720311233629265,
            0.1792171782198601,
            0.1270357474603576,
            0.007633638439394651,
            -0.02517981711840407,
            0.001143697422005409,
            0.11840030492232628,
            0.07943366514951083,
            -0.017277912797835363,
            -0.06051793994948972,
            0.004698415634932374,
            0.028001459375679588,
            0.0246445347703972,
            0.005598664976841336,
            -0.043540314651198196,
            -0.0061027548149921096
        ],
        [
            0.011774218140485692,
            0.003988042940890883,
            -0.0003650905877184882,
            -0.031272113343609534,
            0.0030756877781847303,
            -0.030720575840828775,
            0.007633638439394651,
            0.015034415172424737,
            0.04456108727735512,
            -0.0025156190341693225,
            0.08120140007076339,
            0.018687812334401168,
            0.014435715079070412,
            0.021550960703495516,
            -0.007524358939117824,
            -0.009006706637468366,
            0.0058635438345161555,
            0.007240991973757179,
            -0.05255075441505498,
            -0.008390139265169579
        ],
        [
            -0.2139337138541777,
            -0.1380884886304481,
            0.0021362418675510927,
            0.022495574564442206,
            -0.001206739817968348,
            -0.031595800355636486,
            -0.02517981711840407,
            0.04456108727735512,
            0.26000497096496533,
            -0.019683393933350658,
            0.28115216365953327,
            0.06492102890759797,
            0.038386361442029476,
            -0.003904785717230616,
            -0.02472206081452783,
            -0.05438592028995532,
            0.02395039991518718,
            0.023380073810852723,
            -0.18120382453217557,
            -0.027833130273000304
        ],
        [
            0.020150997280151326,
            0.011893302289322583,
            -0.0002545381492424387,
            -0.007732174063740764,
            0.0006443996379694338,
            -0.004996209872562138,
            0.001143697422005409,
            -0.0025156190341693225,
            -0.019683393933350658,
            0.0016356693672706047,
            -0.019233387888016977,
            -0.005193833009773547,
            -0.0015316475214178667,
            0.005318952675068941,
            0.001412474207812386,
            0.004809412328732172,
            -0.0013734988954294193,
            -0.001472403619360649,
            0.01205317608879901,
            0.0017844340087521213
        ],
        [
            0.044639233386648935,
            0.03532356124180327,
            -0.0007345790893659276,
            -0.046539156469061774,
            0.005863278781889946,
            0.04192890013175494,
            0.11840030492232628,
            0.08120140007076339,
            0.28115216365953327,
            -0.019233387888016977,
            0.5371901533427167,
            0.18442459626527083,
            0.050187873762984024,
            0.0321369883855838,
            -0.031114496574899207,
            0.01384404591252477,
            0.08886165885642452,
            0.04092590846382721,
            -0.3014528634876712,
            -0.04711590848980162
        ],
        [
            0.02874338708781278,
            0.023596615304983335,
