{
    "opt_E": -2.195808439490118,
    "HF_E": -2.1643563440305837,
    "B3LYP_E": -2.1665989191802386,
    "sto-3G_E": -2.1470063445951397,
    "proj": [
        [
            0.5907494349586401,
            0.3735041405170449,
            -0.01928494168999039,
            -0.16130111998927743,
            -0.03595282701941888,
            -0.03312253256828381,
            0.15598414296758467,
            -0.03342287665719084,
            -0.19181029968346414,
            -0.07740460698880318,
            0.023967205334438184,
            0.026763743281449707,
            -0.005754345271090547,
            0.0503837116232591,
            -0.01888014888233605,
            -0.002933155481137572,
            -0.02562364622301116,
            0.0027566888507860616,
            -0.018608442104221697,
            -0.0032953254683578156
        ],
        [
            0.3735041405170449,
            0.2592175478479776,
            -0.005521016869203162,
            -0.05067957372973455,
            -0.00924136927095213,
            0.08841694932628445,
            0.14142610731621888,
            -0.01633237267789479,
            -0.12572073684944018,
            -0.035499085938362734,
            0.019608487241704307,
            0.02861952016745338,
            0.0009558718831367672,
            -0.03043164854456512,
            0.006407596957733699,
            -0.03202062674703504,
            -0.034152362526434325,
            0.002258686600050585,
            -0.017676623673491692,
            -0.0013164613659809288
        ],
        [
            -0.01928494168999039,
            -0.005521016869203162,
            0.0030115305776277374,
            0.02285604523751904,
            0.006078042433303534,
            0.037310239877666365,
            0.007982134713435242,
            0.002967231677480525,
            -0.0009261252860908266,
            0.009023308280362853,
            -0.008583997577342423,
            0.003886489216644904,
            8.383869255058985e-05,
            -0.015434292201600032,
            0.008279163785253825,
            0.002665374378660128,
            0.0012480080869286308,
            -0.0016838716144934296,
            0.009266395358256374,
            0.0009780050596886122
        ],
        [
            -0.16130111998927743,
            -0.05067957372973455,
            0.02285604523751904,
            0.1756639247638393,
            0.045916444451835,
            0.28421021344755965,
            0.06112969717272548,
            0.02233444687722656,
            0.013234423289996942,
            0.0642568545922245,
            -0.03518065114524824,
            0.0365645038482887,
            0.002732086099037472,
            -0.12294100731900519,
            0.06017166891384232,
            0.015428085522885377,
            0.011514592963465454,
            -0.009256029154195428,
            0.049640844060757604,
            0.005999113120237276
        ],
        [
            -0.03595282701941888,
            -0.00924136927095213,
            0.006078042433303534,
            0.045916444451835,
            0.012299895241504403,
            0.07614793461076302,
            0.017058986248168248,
            0.005924535965529058,
            -0.004039069641768697,
            0.01836623672039792,
            -0.019076890179672734,
            0.008225100500874296,
            -0.00013840036667699148,
            -0.03013723775209146,
            0.017103042439771083,
            0.0075250141022056806,
            0.0034425105941122045,
            -0.003734676518796355,
            0.020686480763521097,
            0.0020893800576323876
        ],
        [
            -0.03312253256828381,
            0.08841694932628445,
            0.037310239877666365,
            0.28421021344755965,
            0.07614793461076302,
            0.5873111823983115,
            0.2231882413854097,
            0.027368984629475495,
            -0.036334788005031066,
            0.08108434235520177,
            0.012932904814503387,
            0.11634714916102717,
            0.005803377496198807,
            -0.23659805203809184,
            0.11136108139490593,
            0.03834795342491499,
            0.026139927253442427,
            -0.010556545079513797,
            0.05097706323116429,
            0.007593496890583731
        ],
        [
            0.15598414296758467,
            0.14142610731621888,
            0.007982134713435242,
            0.06112969717272548,
            0.017058986248168248,
            0.2231882413854097,
            0.14548592173942226,
            -0.0015786173896830214,
            -0.031073012347320756,
            -0.006141385310422575,
            0.0934736175882427,
            0.08336120654601098,
            0.0029329602728188505,
            -0.07568778801132238,
            0.031983867546782056,
            0.032512616010908275,
            0.025801500979674732,
            0.004301349382544219,
            -0.029780492324011826,
            -0.001513344470091762
        ],
        [
            -0.03342287665719084,
            -0.01633237267789479,
            0.002967231677480525,
            0.02233444687722656,
            0.005924535965529058,
            0.027368984629475495,
            -0.0015786173896830214,
            0.003659655871004733,
            -0.0001715872473912314,
            0.011472400227644002,
            -0.019626628254967842,
            -0.002902038049273346,
            -7.518464750022557e-05,
            -0.0132827897073835,
            0.007497812270442449,
            -0.0011974320765264052,
            -0.0020314830925986537,
            -0.0024647099532630807,
            0.014026475629187038,
            0.0013555637235333237
        ],
        [
            -0.19181029968346414,
            -0.12572073684944018,
            -0.0009261252860908266,
            0.013234423289996942,
            -0.004039069641768697,
            -0.036334788005031066,
            -0.031073012347320756,
            -0.0001715872473912314,
            0.19727765093846408,
            -0.034193663539264035,
            0.2537762334115618,
            0.05237820105830936,
            0.016776435927640262,
            -0.028353138986727734,
            -0.02922842186676284,
            -0.02918892533464782,
            0.027387670566035284,
            0.029947384108160894,
            -0.17429758150438485,
            -0.012284330740065276
        ],
        [
            -0.07740460698880318,
            -0.035499085938362734,
            0.009023308280362853,
            0.0642568545922245,
            0.01836623672039792,
            0.08108434235520177,
            -0.006141385310422575,
            0.011472400227644002,
            -0.034193663539264035,
            0.04203531876997,
            -0.11009191414326641,
            -0.021029130216622952,
            -0.0036826261649697107,
            -0.03087903220600445,
            0.02718308893293528,
            0.003720163552131359,
            -0.010008868786973884,
            -0.013371715475222723,
            0.07715068597322898,
            0.006503984455709219
        ],
        [
            0.023967205334438184,
            0.019608487241704307,
            -0.008583997577342423,
            -0.03518065114524824,
            -0.019076890179672734,
            0.012932904814503387,
            0.0934736175882427,
            -0.019626628254967842,
            0.2537762334115618,
            -0.11009191414326641,
            0.5464715442511736,
            0.1802700978936937,
            0.02214661706762921,
            -0.016546003709539642,
            -0.04727894237919591,
            0.04748959096876775,
            0.10618713944508056,
            0.05587647694829088,
            -0.32652843168377,
            -0.024959572690294415
        ],
        [
            0.026763743281449707,
            0.02861952016745338,
            0.003886489216644904,
            0.0365645038482887,
