{
    "opt_E": -2.227442564649219,
    "HF_E": -2.1954655641670353,
    "B3LYP_E": -2.1978718046953585,
    "sto-3G_E": -2.1875174611314936,
    "proj": [
        [
            0.5804330609013527,
            0.35100467738836416,
            -0.005850095482584466,
            -0.1732297817231669,
            0.011089815950344981,
            -0.012687676130455206,
            0.1652225997274113,
            -0.024312442997992244,
            -0.2392234371216565,
            0.012769665931042316,
            0.03826117874556871,
            0.019700564282081157,
            -0.00845942211298805,
            0.03988204773368273,
            -0.0031541021929684626,
            -0.0017963226931386833,
            -0.02476993468726658,
            -0.007165646214194545,
            -0.02276686639696154,
            -0.002899391346964926
        ],
        [
            0.35100467738836416,
            0.23677208130758276,
            -0.000362240719115268,
            -0.04284708433201315,
            0.002967515438243032,
            0.11030404399298768,
            0.14295883926162975,
            -0.0068075376904352695,
            -0.14010114684411898,
            0.008091330181514502,
            0.013666159900275424,
            0.022957630360759353,
            0.009247834784770585,
            -0.030070688669045793,
            0.0032711971881187116,
            -0.02431258592101435,
            -0.030570057051763817,
            -0.002084699834210327,
            -0.008529899886652254,
            -0.000769599452813638
        ],
        [
            -0.005850095482584466,
            -0.000362240719115268,
            0.0005737940112376985,
            0.010834308580017037,
            -0.0006548085869873566,
            0.016856635407487983,
            0.003867476576851553,
            0.00201375118334737,
            0.0009119852806035804,
            0.0001540859391775116,
            -0.006253729504989016,
            0.0015933922065440428,
            0.0030182947832833604,
            -0.005093642425744176,
            0.0011475987539344755,
            0.0033492414826765873,
            0.0012393655387419955,
            0.0009948131471259364,
            0.005032780087093904,
            0.00043868979580876717
        ],
        [
            -0.1732297817231669,
            -0.04284708433201315,
            0.010834308580017037,
            0.21978067908742505,
            -0.013390015687961429,
            0.3199138996088209,
            0.06326635183545355,
            0.03308956884531694,
            0.0671270903158092,
            -0.001069164331069784,
            -0.06670549830816531,
            0.03564450643324674,
            0.049749601219490264,
            -0.12219815883411425,
            0.018548942339718915,
            0.018080551876169554,
            0.008869830577413059,
            0.013439276983000875,
            0.05739345872705693,
            0.005877939458998921
        ],
        [
            0.011089815950344981,
            0.002967515438243032,
            -0.0006548085869873566,
            -0.013390015687961429,
            0.000816877595455175,
            -0.019204217368767647,
            -0.003579977663281857,
            -0.002009668970507519,
            -0.004344079818006466,
            8.240956853496603e-05,
            0.00405595803473027,
            -0.0019628442364197627,
            -0.002955056105079153,
            0.00759206090472192,
            -0.0010995291165739193,
            -0.0005756889207304948,
            -0.0002464608558869096,
            -0.0007972098483928523,
            -0.003336316005797817,
            -0.0003479654037186227
        ],
        [
            -0.012687676130455206,
            0.11030404399298768,
            0.016856635407487983,
            0.3199138996088209,
            -0.019204217368767647,
            0.6035076327686509,
            0.2232482506031471,
            0.04043683034218063,
            0.025231035891229343,
            0.0018783611824089222,
            -0.033311923529947156,
            0.10442275436356495,
            0.08372111624379554,
            -0.21719567802729328,
            0.0309032118542736,
            0.027544695145240466,
            0.013681581096087067,
            0.015581012212139252,
            0.058792798948357906,
            0.006932394029203773
        ],
        [
            0.1652225997274113,
            0.14295883926162975,
            0.003867476576851553,
            0.06326635183545355,
            -0.003579977663281857,
            0.2232482506031471,
            0.14971465478773327,
            -0.004728588477973491,
            -0.02286969835816753,
            0.00031361655797194655,
            0.10020292916662853,
            0.08711371635598644,
            0.02160233729856892,
            -0.06878883202177603,
            0.007603083168564672,
            0.023794926162026036,
            0.025911782701705195,
            -0.003980057665661655,
            -0.031731326977855925,
            -0.001624079582709459
        ],
        [
            -0.024312442997992244,
            -0.0068075376904352695,
            0.00201375118334737,
            0.03308956884531694,
            -0.002009668970507519,
            0.04043683034218063,
            -0.004728588477973491,
            0.013703680729654376,
            -0.018821058503277904,
            0.0029017338466351284,
            -0.08173601092912475,
            -0.020781433467652564,
            0.01303105779857833,
            -0.009047105908601085,
            0.005178196022648447,
            0.009881718512391748,
            -0.008128599739830721,
            0.00793473079820935,
            0.046101737610915516,
            0.0034815738711742057
        ],
        [
            -0.2392234371216565,
            -0.14010114684411898,
            0.0009119852806035804,
            0.0671270903158092,
            -0.004344079818006466,
            0.025231035891229343,
            -0.02286969835816753,
            -0.018821058503277904,
            0.1904310286865938,
            -0.01513540318838057,
            0.21577114272343068,
            0.07017565803176459,
            -0.016527344689991535,
            -0.052118337626993534,
            -0.007270681239182774,
            -0.040788715213262654,
            0.029147957047420608,
            -0.0169291160820049,
            -0.11688070001838954,
            -0.007550899370102288
        ],
        [
            0.012769665931042316,
            0.008091330181514502,
            0.0001540859391775116,
            -0.001069164331069784,
            8.240956853496603e-05,
            0.0018783611824089222,
            0.00031361655797194655,
            0.0029017338466351284,
            -0.01513540318838057,
            0.0013734496144223037,
            -0.02470664007521671,
            -0.007479916723456602,
            0.0025744233023132085,
            0.0030634267176782915,
            0.0010771421480845241,
            0.004325177683872266,
            -0.0027504464302840004,
            0.002113853300836839,
            0.01362250930449046,
            0.0009357255711359792
        ],
        [
            0.03826117874556871,
            0.013666159900275424,
            -0.006253729504989016,
            -0.06670549830816531,
            0.00405595803473027,
            -0.033311923529947156,
            0.10020292916662853,
            -0.08173601092912475,
            0.21577114272343068,
            -0.02470664007521671,
            0.61375887760976,
            0.21996110970810118,
            -0.05713192801201306,
            -0.019432017595995686,
            -0.023725779074251146,
            -0.01528802304502279,
            0.10601144129956881,
            -0.05125604191992824,
            -0.31418581603867707,
            -0.02246866071078947
        ],
        [
            0.019700564282081157,
            0.022957630360759353,
