{
    "opt_E": -2.185421044171163,
    "HF_E": -2.154668889001943,
    "B3LYP_E": -2.1567122653765622,
    "sto-3G_E": -2.1297206892689218,
    "proj": [
        [
            0.5750963878251749,
            0.36332532828036634,
            -0.0408358015480629,
            -0.1710111536389784,
            0.021574954462231257,
            -0.006691592404963206,
            0.16098568634380964,
            -0.0774849504737268,
            -0.20508239517031934,
            0.051677067115111296,
            0.022081444272141794,
            0.033415745830652925,
            -0.006893671685749434,
            0.03684049163089513,
            0.018745993379572796,
            -0.00029664499029209533,
            -0.027437480476048704,
            -0.006013451584703074,
            -0.01148619969192164,
            -0.0012772391998886875
        ],
        [
            0.36332532828036634,
            0.24837574423573094,
            -0.011511452387036504,
            -0.05809641265275815,
            0.005390026836605301,
            0.09250350583155596,
            0.1361265176086221,
            -0.03971623024294728,
            -0.13093027316291306,
            0.021789031082859768,
            0.020805833791316824,
            0.03027429381310599,
            0.004029110332206123,
            -0.0330807405595744,
            -0.006395291116148383,
            -0.03016256977571943,
            -0.03454498735441222,
            -0.004183826568462202,
            -0.01527059074002953,
            -0.0025018875273398015
        ],
        [
            -0.0408358015480629,
            -0.011511452387036504,
            0.01597825826492484,
            0.05654106541114289,
            -0.009441302695425922,
            0.08409596255036986,
            0.0168503259390433,
            0.01697444977019754,
            0.0017690444703093958,
            -0.01716204417966073,
            -0.015350590048223738,
            0.008313095255012453,
            0.016423127241138223,
            -0.0392559476399639,
            -0.016087064269465764,
            0.0039147165881796946,
            0.0029469433032086076,
            0.008046898268852172,
            0.015087317795416753,
            0.002075055482385318
        ],
        [
            -0.1710111536389784,
            -0.05809641265275815,
            0.05654106541114289,
            0.20308336344459463,
            -0.03287535824748598,
            0.29223361099668804,
            0.054227391371484544,
            0.058319752136712796,
            0.030742513746638424,
            -0.056564292719919855,
            -0.02526162029046902,
            0.03512022806538871,
            0.05240946953858911,
            -0.1388375163657488,
            -0.055889157880470865,
            0.010703858599285328,
            0.013968465908706798,
            0.021199828491580315,
            0.03547150997650011,
            0.004558064463006209
        ],
        [
            0.021574954462231257,
            0.005390026836605301,
            -0.009441302695425922,
            -0.03287535824748598,
            0.005693556745757904,
            -0.04918774589544528,
            -0.009528150588494858,
            -0.010787204793072257,
            0.0034435015181013247,
            0.011278027658261235,
            0.01633179965895982,
            -0.0031102456146750875,
            -0.010939328509527281,
            0.02244019486326053,
            0.009540567506947338,
            -0.0035194185968959006,
            -0.00132293528367903,
            -0.006536878790187998,
            -0.013409052569415136,
            -0.0019290939973369999
        ],
        [
            -0.006691592404963206,
            0.09250350583155596,
            0.08409596255036986,
            0.29223361099668804,
            -0.04918774589544528,
            0.5618510881769019,
            0.20546746982306094,
            0.05872628300650967,
            -0.023847064295753152,
            -0.06726944380190114,
            0.03181856333762323,
            0.10899158290884789,
            0.0882703264675193,
            -0.24460669570975113,
            -0.09479163316684527,
            0.025756519779975208,
            0.02457514741638304,
            0.022536102653029796,
            0.02527540315936203,
            0.0024527839295985614
        ],
        [
            0.16098568634380964,
            0.1361265176086221,
            0.0168503259390433,
            0.054227391371484544,
            -0.009528150588494858,
            0.20546746982306094,
            0.1335347094425824,
            -0.011887398880201986,
            -0.03202715785621212,
            0.0044555976403152725,
            0.09543194940411642,
            0.08114475769096997,
            0.02420540622965604,
            -0.0670899624141551,
            -0.02522121280655312,
            0.036763157145796733,
            0.029470321462780773,
            -0.008063414517962558,
            -0.028566956876714268,
            -0.004619184088349013
        ],
        [
            -0.0774849504737268,
            -0.03971623024294728,
            0.01697444977019754,
            0.058319752136712796,
            -0.010787204793072257,
            0.05872628300650967,
            -0.011887398880201986,
            0.029412015289897012,
            -0.01555056299969127,
            -0.030015647025801114,
            -0.08366990590131006,
            -0.017569062798102247,
            0.023365778804301077,
            -0.030001253395400367,
            -0.015132563965186066,
            0.006386517699694106,
            -0.00348216269594753,
            0.022869059192183697,
            0.052947850270562744,
            0.007961222690927932
        ],
        [
            -0.20508239517031934,
            -0.13093027316291306,
            0.0017690444703093958,
            0.030742513746638424,
            0.0034435015181013247,
            -0.023847064295753152,
            -0.03202715785621212,
            -0.01555056299969127,
            0.20060940868186067,
            0.034907674694012146,
            0.2503797964194389,
            0.0539346143825109,
            -0.04576796481891147,
            -0.008103144535046541,
            0.00576510446553817,
            -0.027098540280734842,
            0.029434228066246838,
            -0.06164011227053525,
            -0.15293420355904233,
            -0.023816052276185953
        ],
        [
            0.051677067115111296,
            0.021789031082859768,
            -0.01716204417966073,
            -0.056564292719919855,
            0.011278027658261235,
            -0.06726944380190114,
            0.0044555976403152725,
            -0.030015647025801114,
            0.034907674694012146,
            0.03272410167685369,
            0.10305437731872527,
            0.021686832393655903,
            -0.026919006953323724,
            0.0340065335828129,
            0.01675098956543404,
            -0.0032834970871706594,
            0.009504685165496712,
            -0.027355283468524973,
            -0.06347575448587371,
            -0.009559809410347418
        ],
        [
            0.022081444272141794,
            0.020805833791316824,
            -0.015350590048223738,
            -0.02526162029046902,
            0.01633179965895982,
            0.03181856333762323,
            0.09543194940411642,
            -0.08366990590131006,
            0.2503797964194389,
            0.10305437731872527,
            0.5496958872401829,
            0.18150701607048,
            -0.07203481447782616,
            0.00898685767626826,
            0.017118301328779593,
            0.030543753374042006,
            0.09667432389252097,
            -0.12144754126429219,
            -0.2989894164297208,
            -0.0459142296625392
        ],
        [
            0.033415745830652925,
            0.03027429381310599,
            0.008313095255012453,
            0.03512022806538871,
