{
    "opt_E": -2.2032221414547006,
    "HF_E": -2.1726808648126923,
    "B3LYP_E": -2.1744071563512595,
    "sto-3G_E": -2.163652572778312,
    "proj": [
        [
            0.5578746307701651,
            0.34308238402355573,
            0.05884430128933084,
            -0.15995555681578685,
            0.04582504992953205,
            0.021000290208505003,
            0.17498729722470466,
            0.10343454356837288,
            -0.21493138755357513,
            0.07579466615733547,
            0.029516929027969072,
            0.030720890423509645,
            0.0042548644112278345,
            0.034693644135923234,
            6.689796740893373e-05,
            -0.0032576598943299903,
            -0.025793040124002964,
            0.002193344580379447,
            -0.019294130830787796,
            0.0025073430926534214
        ],
        [
            0.34308238402355573,
            0.22736957840937888,
            0.017510411350892815,
            -0.051959396874005324,
            0.013996726526253809,
            0.10271551500642555,
            0.1383295439391339,
            0.052558739014150785,
            -0.12654735923019678,
            0.039682666659380576,
            0.025848476619588622,
            0.02828347140616525,
            -0.0019494915787490203,
            -0.03418841889482143,
            0.0013063729169872807,
            -0.028030724389678,
            -0.030790245405639478,
            0.0013722834900831953,
            -0.018594161621487502,
            0.0020198794632837196
        ],
        [
            0.05884430128933084,
            0.017510411350892815,
            0.03421999204844758,
            -0.0834415128382823,
            0.02591512258878594,
            -0.12176642117673472,
            -0.018260931146968713,
            0.02860071377407971,
            -0.007964273991285768,
            0.017446059762543948,
            0.02919758660650562,
            -0.01274379605659538,
            0.007659237352252898,
            0.05240397991089895,
            0.0005766414177201276,
            -0.015184797492689459,
            -0.006833312795692738,
            0.0004153752972075284,
            -0.0345763128660345,
            0.002505333492312706
        ],
        [
            -0.15995555681578685,
            -0.051959396874005324,
            -0.0834415128382823,
            0.20554106802745642,
            -0.06333062908495901,
            0.2945206878294322,
            0.043338900952119994,
            -0.07056084840873303,
            0.03994605459744925,
            -0.04445284425628965,
            -0.04474667063113661,
            0.03577526404622011,
            -0.018250853587556744,
            -0.13469790120666805,
            -0.0007417493786545238,
            0.02725247488565912,
            0.01595860768343487,
            -0.0009101037315669122,
            0.06390847400272741,
            -0.0046961068774896975
        ],
        [
            0.04582504992953205,
            0.013996726526253809,
            0.02591512258878594,
            -0.06333062908495901,
            0.019635214876891717,
            -0.09195298256346046,
            -0.01365462183901099,
            0.02173779595471978,
            -0.007427367742211022,
            0.013355218932328489,
            0.020428945801291894,
            -0.009920351922667877,
            0.0057691709686095195,
            0.04010158783618248,
            0.00039388992191011815,
            -0.010861296465504839,
            -0.005131652723594626,
            0.00030878464547274154,
            -0.024871983801271515,
            0.0018068695003269782
        ],
        [
            0.021000290208505003,
            0.10271551500642555,
            -0.12176642117673472,
            0.2945206878294322,
            -0.09195298256346046,
            0.5738405541101635,
            0.19587111159195938,
            -0.06923070565763989,
            -0.01816359812752064,
            -0.03979878838243048,
            -0.0038986886725202547,
            0.10644120453818708,
            -0.03141865212372421,
            -0.24124350422773372,
            -0.0006331295476050602,
            0.04892579239624771,
            0.0252643887294136,
            -5.623357304263765e-05,
            0.06982332971443642,
            -0.004558391783564387
        ],
        [
            0.17498729722470466,
            0.1383295439391339,
            -0.018260931146968713,
            0.043338900952119994,
            -0.01365462183901099,
            0.19587111159195938,
            0.13391382865422227,
            0.015629931782560055,
            -0.025527590701556604,
            0.010822933033341907,
            0.10305972764323532,
            0.07867135223194711,
            -0.007876491445579602,
            -0.06912876615697956,
            0.00038447454128976273,
            0.027546408629773277,
            0.02383302774957037,
            0.0012363590266191798,
            -0.038184726394341825,
            0.0032656663993261173
        ],
        [
            0.10343454356837288,
            0.052558739014150785,
            0.02860071377407971,
            -0.07056084840873303,
            0.02173779595471978,
            -0.06923070565763989,
            0.015629931782560055,
            0.0317743971820984,
            -0.01857362907717564,
            0.02000987665846761,
            0.048498357869452356,
            0.007749814869238658,
            0.005352640990958322,
            0.0379073930298115,
            0.0003123551200886973,
            -0.0004229100567175674,
            0.0027723761999146534,
            0.0006884433106297806,
            -0.03684534720206971,
            0.0028187302949878694
        ],
        [
            -0.21493138755357513,
            -0.12654735923019678,
            -0.007964273991285768,
            0.03994605459744925,
            -0.007427367742211022,
            -0.01816359812752064,
            -0.025527590701556604,
            -0.01857362907717564,
            0.2152089913400661,
            -0.025950797798364112,
            0.25485255932432216,
            0.06224153870830248,
            0.0028451833513098825,
            -0.0426204370215001,
            0.00411919163864677,
            -0.03229284023589179,
            0.03359914486279507,
            0.0007994250833392423,
            -0.1731745325092798,
            0.011953114000754066
        ],
        [
            0.07579466615733547,
            0.039682666659380576,
            0.017446059762543948,
            -0.04445284425628965,
            0.013355218932328489,
            -0.03979878838243048,
            0.010822933033341907,
            0.02000987665846761,
            -0.025950797798364112,
            0.013595841592123604,
            0.010619994754137545,
            1.827935899269991e-05,
            0.0029692313718724665,
            0.02526325650917911,
            -9.280895695685323e-05,
            0.0016608906632051242,
            -0.0009387339621629757,
            0.0003482344981783502,
            -0.009667431271966427,
            0.0008285620403133397
        ],
        [
            0.029516929027969072,
            0.025848476619588622,
            0.02919758660650562,
            -0.04474667063113661,
            0.020428945801291894,
            -0.0038986886725202547,
            0.10305972764323532,
            0.048498357869452356,
            0.25485255932432216,
            0.010619994754137545,
            0.5562613951820464,
            0.1889522021055197,
            0.007880299378482437,
            -0.014101655646291105,
            0.004740972191634213,
            0.03417068264474674,
            0.11106146878405526,
            0.0035619289594211044,
            -0.33745300023125874,
            0.024414759892259722
        ],
        [
            0.030720890423509645,
            0.02828347140616525,
            -0.01274379605659538,
            0.03577526404622011,
