{
    "opt_E": -2.1980060080278294,
    "HF_E": -2.1692560391442184,
    "B3LYP_E": -2.170973649493032,
    "sto-3G_E": -2.16291087099954,
    "proj": [
        [
            0.5270612365727079,
            0.3296383890654493,
            0.05145850440717921,
            -0.16891993739034464,
            0.014670231146522553,
            0.05710319568314899,
            0.18440779249941508,
            0.08497726306466766,
            -0.24533396575201644,
            0.02150179221871418,
            0.03728062056760117,
            0.029874723732300528,
            -0.0001536901163348701,
            0.022181691439278232,
            -0.001275267892453491,
            0.004541982048567689,
            -0.025463415288362372,
            -0.003097947525037747,
            -0.024797783318731368,
            0.0005420022885751966
        ],
        [
            0.3296383890654493,
            0.21762092963273932,
            0.01880977997562812,
            -0.06328094148505897,
            0.005502581931713342,
            0.10476837399130244,
            0.13709214306441717,
            0.045986583100141684,
            -0.14011717703387283,
            0.012112725887966136,
            0.03479370274047187,
            0.025067992035391954,
            0.0004027675185312263,
            -0.035234131418000074,
            0.0023933172559481414,
            -0.027168519709230045,
            -0.03092372222451926,
            -0.00310334121460705,
            -0.027494627173016564,
            0.0008506844803978808
        ],
        [
            0.05145850440717921,
            0.01880977997562812,
            0.028613875682588656,
            -0.09008975911900809,
            0.007794995997312068,
            -0.10638070667074888,
            -0.010339587182856668,
            0.018585769325589103,
            -0.020561020760289945,
            0.0023332845105681873,
            0.02641994075624935,
            -0.011719704811780174,
            -0.008795716817436478,
            0.04822837159297131,
            -0.004888297955556631,
            -0.009772039931526132,
            -0.006911572812957177,
            -0.004890330524325987,
            -0.031441390467170045,
            0.0008231498148748754
        ],
        [
            -0.16891993739034464,
            -0.06328094148505897,
            -0.09008975911900809,
            0.2840233889010411,
            -0.024572862017385694,
            0.3331902343345422,
            0.03212193671556024,
            -0.05971874056087182,
            0.07385300150914441,
            -0.008078509954029053,
            -0.07113120123136903,
            0.04015683843236544,
            0.026647623125010296,
            -0.15285026655723058,
            0.01523689571688185,
            0.0302658603869918,
            0.023781295132645437,
            0.014293023907310675,
            0.09106745524595931,
            -0.0023359597133673494
        ],
        [
            0.014670231146522553,
            0.005502581931713342,
            0.007794995997312068,
            -0.024572862017385694,
            0.002126138483514325,
            -0.028775500426759595,
            -0.00271504818464765,
            0.005172295566008605,
            -0.006360525700598031,
            0.0006967880407152883,
            0.006317291578113879,
            -0.0033369988762515326,
            -0.002293881187989348,
            0.013327003717044924,
            -0.0013220020343012234,
            -0.0023583005474807897,
            -0.0018789546685445125,
            -0.0012376162756578405,
            -0.007881254547059825,
            0.0002019969117730462
        ],
        [
            0.05710319568314899,
            0.10476837399130244,
            -0.10638070667074888,
            0.3331902343345422,
            -0.028775500426759595,
            0.555573095413902,
            0.1772011136247495,
            -0.04281578694143348,
            0.005000997749081606,
            -0.0025358397922047274,
            -0.007440063945947024,
            0.10428256561965223,
            0.034771870281504524,
            -0.23542843663627905,
            0.022272445637105884,
            0.042640174415194715,
            0.029923210844958907,
            0.01295680672647094,
            0.07282252191305502,
            -0.0015740287142084009
        ],
        [
            0.18440779249941508,
            0.13709214306441717,
            -0.010339587182856668,
            0.03212193671556024,
            -0.00271504818464765,
            0.1772011136247495,
            0.12795990103051583,
            0.013567365716147048,
            -0.030253913737194105,
            0.002544640056131394,
            0.11062844422224608,
            0.07501502852968368,
            0.0032967625787656387,
            -0.061175806468293875,
            0.004686197332920224,
            0.026907762592733465,
            0.02420980796597384,
            -0.005528958932084053,
            -0.04635711766660062,
            0.0016079170816421374
        ],
        [
            0.08497726306466766,
            0.045986583100141684,
            0.018585769325589103,
            -0.05971874056087182,
            0.005172295566008605,
            -0.04281578694143348,
            0.013567365716147048,
            0.01880649849618894,
            -0.04658142096640343,
            0.004238944406468467,
            -0.0002620996635987339,
            -0.005297589259572118,
            -0.0022653785791268686,
            0.029767276839868555,
            -0.002335844355667148,
            0.0027607031967379196,
            -0.004752097237390854,
            -0.0008202193581067077,
            -0.004201219450573242,
            1.4659140135750102e-05
        ],
        [
            -0.24533396575201644,
            -0.14011717703387283,
            -0.020561020760289945,
            0.07385300150914441,
            -0.006360525700598031,
            0.005000997749081606,
            -0.030253913737194105,
            -0.04658142096640343,
            0.24072916541668513,
            -0.019901950151425495,
            0.239886676852211,
            0.06470396403365655,
            -0.019917531981542006,
            -0.05841407212252709,
            -0.00048679968678447125,
            -0.028141778542677066,
            0.037177310609497256,
            -0.02188354223106305,
            -0.15909477992774643,
            0.005275680204776181
        ],
        [
            0.02150179221871418,
            0.012112725887966136,
            0.0023332845105681873,
            -0.008078509954029053,
            0.0006967880407152883,
            -0.0025358397922047274,
            0.002544640056131394,
            0.004238944406468467,
            -0.019901950151425495,
            0.0016613372472518203,
            -0.018249280535640067,
            -0.00527290802274088,
            0.0013834801338856576,
            0.005685462238343042,
            -6.861297435030077e-05,
            0.002047492247595189,
            -0.0031088944531744308,
            0.0016141503414409618,
            0.011818389787424341,
            -0.00039716095728679635
        ],
        [
            0.03728062056760117,
            0.03479370274047187,
            0.02641994075624935,
            -0.07113120123136903,
            0.006317291578113879,
            -0.007440063945947024,
            0.11062844422224608,
            -0.0002620996635987339,
            0.239886676852211,
            -0.018249280535640067,
            0.5560331789841415,
            0.18696813069534854,
            -0.03932665811732808,
            -0.013192005093804372,
            -0.007162699342245356,
            0.04320799663831214,
            0.11052859761074219,
            -0.04712513753953608,
            -0.33932279216011674,
            0.010784172945171786
        ],
        [
            0.029874723732300528,
            0.025067992035391954,
            -0.011719704811780174,
