{
    "opt_E": -2.2056669888818954,
    "HF_E": -2.173749943455812,
    "B3LYP_E": -2.176210163651449,
    "sto-3G_E": -2.1579476564805766,
    "proj": [
        [
            0.5573322107233557,
            0.34521368945088104,
            0.02110585324423638,
            -0.18111949488197215,
            -0.0020106587905408227,
            0.02037827649424927,
            0.17191754650102958,
            0.03059052479402144,
            -0.23993437123481431,
            -0.022773554290551,
            0.042739992358471195,
            0.024150825945945024,
            0.001028980766471668,
            0.038196579243949515,
            -0.0015574541229157405,
            -0.003686736074793932,
            -0.029561396619640568,
            -0.005674230548485098,
            -0.019268491465797025,
            -0.011381927039836327
        ],
        [
            0.34521368945088104,
            0.23136092831972133,
            0.006355674884870646,
            -0.05488238915027769,
            0.0010088382465591916,
            0.10867521515768966,
            0.13681597228435877,
            0.016159354723836915,
            -0.1455951094749432,
            -0.007233179493167126,
            0.0192207145237858,
            0.022154472097910966,
            0.0029030645760293274,
            -0.028088414827640223,
            0.012049435250799535,
            -0.02473880819490903,
            -0.032373996528366006,
            -0.001662779319569443,
            -0.009531137943191445,
            -0.003201977615717785
        ],
        [
            0.02110585324423638,
            0.006355674884870646,
            0.0035615249369238765,
            -0.030319521004665322,
            -0.0010208528018033141,
            -0.03804182494349188,
            -0.005517327997107796,
            0.0020539879416354347,
            -0.007819623913086235,
            -0.004561567160076035,
            0.009112527848705664,
            -0.0031094340630401806,
            -0.001960450911371884,
            0.01931975102980538,
            -0.00742085503292373,
            -0.0010654922158418673,
            -0.0009759064068982863,
            -0.0018697488036823853,
            -0.005982417226109402,
            -0.0035544030375402585
        ],
        [
            -0.18111949488197215,
            -0.05488238915027769,
            -0.030319521004665322,
            0.25871772926712794,
            0.00868139080645271,
            0.32633952707520153,
            0.050498665064955,
            -0.018079334247627404,
            0.07499626896153132,
            0.03611283112837409,
            -0.05899425123760124,
            0.03438391975392511,
            0.01586920317216167,
            -0.16398801285422956,
            0.06142060108690299,
            0.010544259520538493,
            0.012802483318079934,
            0.014202634620859597,
            0.04328936675130407,
            0.027186422839406723
        ],
        [
            -0.0020106587905408227,
            0.0010088382465591916,
            -0.0010208528018033141,
            0.00868139080645271,
            0.00033222732172200086,
            0.01321303378721554,
            0.0035514411951849036,
            -0.0004044915678260202,
            0.00037101080539658657,
            0.0013686931850650696,
            -0.00271690986493888,
            0.0015914590722964383,
            0.0007678551392972139,
            -0.005904756721325032,
            0.0026850705164277967,
            0.0013810661992901675,
            0.0007283749977596737,
            0.0006344361966601576,
            0.002107526848560856,
            0.001189296284507295
        ],
        [
            0.02037827649424927,
            0.10867521515768966,
            -0.03804182494349188,
            0.32633952707520153,
            0.01321303378721554,
            0.5644180174156587,
            0.19831782429913775,
            -0.01449507015048602,
            0.01701181012596841,
            0.03598854537967703,
            -0.0007859030352852281,
            0.1002576336833433,
            0.023263871152656105,
            -0.25064665711400946,
            0.09342692125785666,
            0.014531532494593056,
            0.01721869943764276,
            0.013326055910924247,
            0.029479534536879497,
            0.026092464647347584
        ],
        [
            0.17191754650102958,
            0.13681597228435877,
            -0.005517327997107796,
            0.050498665064955,
            0.0035514411951849036,
            0.19831782429913775,
            0.13537615188866403,
            0.0020468283706242883,
            -0.026728953761490027,
            -0.009278575653571274,
            0.10861237663429145,
            0.08518734642686533,
            0.00498280757161979,
            -0.0592228865748999,
            0.022897257478283833,
            0.029085598736877515,
            0.03092724548348722,
            -0.005532212366587469,
            -0.03178654284815445,
            -0.009690096328918233
        ],
        [
            0.03059052479402144,
            0.016159354723836915,
            0.0020539879416354347,
            -0.018079334247627404,
            -0.0004044915678260202,
            -0.01449507015048602,
            0.0020468283706242883,
            0.002578493502500258,
            -0.02066178999833432,
            0.00029957889346314494,
            -0.01279304391424618,
            -0.004999561776600259,
            0.0009036079717794467,
            0.010663209452618087,
            0.00045169678957589,
            0.007173992421218827,
            3.622247254498286e-05,
            0.0011742558063965044,
            0.006513671859128081,
            0.0019346305634464394
        ],
        [
            -0.23993437123481431,
            -0.1455951094749432,
            -0.007819623913086235,
            0.07499626896153132,
            0.00037101080539658657,
            0.01701181012596841,
            -0.026728953761490027,
            -0.02066178999833432,
            0.21207718963225827,
            -0.029525179292398628,
            0.23362873226398953,
            0.07659470679434847,
            -0.017350696921722926,
            -0.027109363662527013,
            -0.034558696251043144,
            -0.04556485705248801,
            0.02947792318845503,
            -0.024102743655708338,
            -0.11111234257655282,
            -0.042360446358786434
        ],
        [
            -0.022773554290551,
            -0.007233179493167126,
            -0.004561567160076035,
            0.03611283112837409,
            0.0013686931850650696,
            0.03598854537967703,
            -0.009278575653571274,
            0.00029957889346314494,
            -0.029525179292398628,
            0.01897318914079114,
            -0.09823947857608913,
            -0.026487596529417942,
            0.008198925662022932,
            -0.01892894520789737,
            0.021004361192663624,
            0.017665201026380882,
            -0.004772487226774697,
            0.01141738842246469,
            0.04851783987310246,
            0.020588115427675673
        ],
        [
            0.042739992358471195,
            0.0192207145237858,
            0.009112527848705664,
            -0.05899425123760124,
            -0.00271690986493888,
            -0.0007859030352852281,
            0.10861237663429145,
            -0.01279304391424618,
            0.23362873226398953,
            -0.09823947857608913,
            0.6055914169155023,
            0.2221152383883603,
            -0.03604405974933649,
            0.03381330190860762,
            -0.08225333610803758,
            -0.031493157332600975,
            0.08868267952114466,
            -0.061608177657437216,
            -0.27108330007422937,
            -0.11048889971371173
        ],
        [
            0.024150825945945024,
            0.022154472097910966,
            -0.0031094340630401806,
