{
    "opt_E": -2.1915195882564382,
    "HF_E": -2.161415950951394,
    "B3LYP_E": -2.162971980298207,
    "sto-3G_E": -2.145396630222291,
    "proj": [
        [
            0.5467259503717616,
            0.34970270156133965,
            0.03011183236846951,
            -0.18005255183504734,
            -0.015693724715601796,
            0.02587803867214959,
            0.1775153674581914,
            0.05390205533693481,
            -0.22554724647212757,
            -0.03859424510962764,
            0.03234685172898161,
            0.029315096731371997,
            0.0007746076831802106,
            0.034528721408542115,
            0.0006543996152967056,
            -0.0011575111909390015,
            -0.029927932221957363,
            0.003433874114871158,
            -0.02078258136996451,
            -0.008074665339063394
        ],
        [
            0.34970270156133965,
            0.23740778918944153,
            0.01033353724963072,
            -0.06819849523718147,
            -0.0045529002314092185,
            0.09567018886411786,
            0.13888610773370713,
            0.029301702609584798,
            -0.1371993622512135,
            -0.020601614573240196,
            0.03071072882274312,
            0.026061059866887053,
            -0.0021384898265555986,
            -0.030129348147928513,
            0.00450054004774969,
            -0.03144459786400213,
            -0.03441400962791433,
            0.0029731296869500265,
            -0.025273312022632995,
            -0.007098486999764736
        ],
        [
            0.03011183236846951,
            0.01033353724963072,
            0.009350921656781575,
            -0.04972543718083215,
            -0.005594851481546214,
            -0.06279716380790629,
            -0.008892798443703165,
            0.008505936150744391,
            -0.006401078999937287,
            -0.008308399100800718,
            0.01228475904636653,
            -0.007539607855378846,
            0.00500341172155994,
            0.031110923593398107,
            -0.010552487130899256,
            -0.0026315293865148246,
            -0.0039745018457879085,
            0.002120345628723587,
            -0.013082752065807949,
            -0.005542613036868388
        ],
        [
            -0.18005255183504734,
            -0.06819849523718147,
            -0.04972543718083215,
            0.26568143387566107,
            0.029661478976504722,
            0.32645349803078516,
            0.04109699498284296,
            -0.04559634519762672,
            0.05006723082879602,
            0.04304413994944399,
            -0.05118863422323835,
            0.04159987615205835,
            -0.025275622862376612,
            -0.1648337852321956,
            0.052792671823581466,
            0.01216972848577433,
            0.022757955731209558,
            -0.010003183084935245,
            0.05979436088944415,
            0.02616576316287896
        ],
        [
            -0.015693724715601796,
            -0.0045529002314092185,
            -0.005594851481546214,
            0.029661478976504722,
            0.003360461459229485,
            0.03885379437898454,
            0.006526086750177132,
            -0.00491768362347191,
            0.0030116416377674,
            0.004847847470752435,
            -0.006811404084431531,
            0.005113525862469844,
            -0.0030813051156631877,
            -0.018798711775689574,
            0.006509596476458606,
            0.0020862569651341496,
            0.002657675736812462,
            -0.0012602499205854943,
            0.0077695366289605525,
            0.003302261841131485
        ],
        [
            0.02587803867214959,
            0.09567018886411786,
            -0.06279716380790629,
            0.32645349803078516,
            0.03885379437898454,
            0.5562113076791007,
            0.18605470699418603,
            -0.03778738717143474,
            -0.01199987294388421,
            0.03795695568873543,
            0.013869814503093424,
            0.11037672355268494,
            -0.037634868050265086,
            -0.25206238932172603,
            0.07798656602744702,
            0.025164204498168093,
            0.033318008996851084,
            -0.008408948775940065,
            0.04021603829459108,
            0.0228774911582704
        ],
        [
            0.1775153674581914,
            0.13888610773370713,
            -0.008892798443703165,
            0.04109699498284296,
            0.006526086750177132,
            0.18605470699418603,
            0.12937112490502814,
            0.011019944959096825,
            -0.03270149801295785,
            -0.011083135698982706,
            0.10245452890821065,
            0.0776542497239265,
            -0.009062296908602566,
            -0.05946755121975607,
            0.017938202934950236,
            0.03546316091892834,
            0.029487834204826605,
            0.004316824337329975,
            -0.03705354789361999,
            -0.01031276376950479
        ],
        [
            0.05390205533693481,
            0.029301702609584798,
            0.008505936150744391,
            -0.04559634519762672,
            -0.00491768362347191,
            -0.03778738717143474,
            0.011019944959096825,
            0.011159912477960223,
            -0.0027515056154321926,
            -0.011944442917328019,
            0.042254296456925945,
            0.007433909754352425,
            0.004635999667090803,
            0.02267346948526337,
            -0.010357594493281965,
            0.0021000424558616027,
            0.0019758191154967374,
            0.00399565242642685,
            -0.027988650536541815,
            -0.010248366587160697
        ],
        [
            -0.22554724647212757,
            -0.1371993622512135,
            -0.006401078999937287,
            0.05006723082879602,
            0.0030116416377674,
            -0.01199987294388421,
            -0.03270149801295785,
            -0.0027515056154321926,
            0.22711590365023634,
            -0.019904817681243716,
            0.2531063768186046,
            0.054895847005995424,
            0.015384074416225656,
            -0.03193967695882594,
            -0.041056715461423685,
            -0.02422017156299318,
            0.02997314423240574,
            0.02085116977976017,
            -0.16379264974454794,
            -0.05383723261934213
        ],
        [
            -0.03859424510962764,
            -0.020601614573240196,
            -0.008308399100800718,
            0.04304413994944399,
            0.004847847470752435,
            0.03795695568873543,
            -0.011083135698982706,
            -0.011944442917328019,
            -0.019904817681243716,
            0.015158207712784057,
            -0.07346243922345891,
            -0.014183238587234833,
            -0.006597352071873805,
            -0.018287522152892508,
            0.015547224179439397,
            0.002891855001533439,
            -0.003692552381242814,
            -0.006652201473337365,
            0.0488944578333279,
            0.017095049256572407
        ],
        [
            0.03234685172898161,
            0.03071072882274312,
            0.01228475904636653,
            -0.05118863422323835,
            -0.006811404084431531,
            0.013869814503093424,
            0.10245452890821065,
            0.042254296456925945,
            0.2531063768186046,
            -0.07346243922345891,
            0.5503389108770872,
            0.17340089555442065,
            0.024574296562626805,
            0.0051638967940052715,
            -0.06444071786881403,
            0.05033724675763481,
            0.09769497339465916,
            0.041851900798034455,
            -0.31716225817653976,
            -0.10701392131853989
        ],
        [
            0.029315096731371997,
            0.026061059866887053,
            -0.007539607855378846,
            0.04159987615205835,
