{
    "opt_E": -2.2182548706959935,
    "HF_E": -2.186368545732427,
    "B3LYP_E": -2.1888503734990685,
    "sto-3G_E": -2.1773584762684166,
    "proj": [
        [
            0.5903370786406701,
            0.36665769636613693,
            0.033191353023361916,
            -0.15464867224369713,
            0.03835077442113882,
            -0.031319832559456494,
            0.1607556874040524,
            0.06527894461342636,
            -0.2023854316833436,
            0.06724443034353497,
            0.024702247555141443,
            0.02204685981271601,
            0.010128927397971704,
            0.04736208289475282,
            0.0046634808493495866,
            -0.001607471038071742,
            -0.022849893426310004,
            -0.0005739075917611341,
            -0.018906543711238816,
            -0.00028777339812682064
        ],
        [
            0.36665769636613693,
            0.2508357756046511,
            0.008339952287833028,
            -0.045054591947901776,
            0.010190585235037216,
            0.09346618921651655,
            0.14431366274631713,
            0.030508614585022863,
            -0.12586236571208495,
            0.03372542364665041,
            0.0175903043995455,
            0.026246284571849937,
            -0.00506317541292931,
            -0.029080864195114155,
            -0.00166672377534371,
            -0.027584954461606036,
            -0.03139366804941634,
            -0.0006091024419417685,
            -0.013594777501486589,
            -0.00022252049729742183
        ],
        [
            0.033191353023361916,
            0.008339952287833028,
            0.010171749569254863,
            -0.04128038226505469,
            0.011223327042086045,
            -0.07097705195381944,
            -0.014891329428821558,
            0.012040864621969781,
            -0.0004988544088169634,
            0.009618628795388152,
            0.01982589785782753,
            -0.006704739222919194,
            0.006115091767035279,
            0.024596627095810113,
            0.001824165170326128,
            -0.009848400731983871,
            -0.002791561824457805,
            -0.0021661028764813368,
            -0.019351465288213417,
            -0.0014483330352935394
        ],
        [
            -0.15464867224369713,
            -0.045054591947901776,
            -0.04128038226505469,
            0.17043632782657317,
            -0.045779971704325184,
            0.2883360295922911,
            0.06022856979890064,
            -0.04747129128555241,
            0.024237704400184534,
            -0.03968754263257714,
            -0.04906128826207504,
            0.03365418137932366,
            -0.025931979907867116,
            -0.11064362658694486,
            -0.008541651994157072,
            0.02513102902162425,
            0.00908958078611813,
            0.006156025857215217,
            0.05624861940055366,
            0.004183100188078649
        ],
        [
            0.03835077442113882,
            0.010190585235037216,
            0.011223327042086045,
            -0.045779971704325184,
            0.012402265097195721,
            -0.07824833989558645,
            -0.016310781086955346,
            0.013197575844761866,
            -0.0023151001828603064,
            0.010682272318820607,
            0.01953721955443761,
            -0.007784876298956243,
            0.006838911465036239,
            0.028044327023150146,
            0.0021055668471949827,
            -0.00951201004612513,
            -0.0027751211285847494,
            -0.0021827918431664914,
            -0.019608001168737888,
            -0.0014647962466815905
        ],
        [
            -0.031319832559456494,
            0.09346618921651655,
            -0.07097705195381944,
            0.2883360295922911,
            -0.07824833989558645,
            0.6148741469914364,
            0.22813187624982278,
            -0.062028602766110816,
            -0.01964707603260926,
            -0.04825352624229627,
            -0.021530201224913885,
            0.10934920343676041,
            -0.05195726227387322,
            -0.22620280780163085,
            -0.017557204820936295,
            0.047579964431122196,
            0.0175252789974048,
            0.00824091014987892,
            0.07009727772403167,
            0.00582223473521221
        ],
        [
            0.1607556874040524,
            0.14431366274631713,
            -0.014891329428821558,
            0.06022856979890064,
            -0.016310781086955346,
            0.22813187624982278,
            0.1525077199312676,
            0.005998094091073395,
            -0.02316930124693991,
            0.006089682460513497,
            0.09912622851105334,
            0.08574993161851209,
            -0.01699006613402252,
            -0.07873110121403136,
            -0.006672796922102972,
            0.02261471905134483,
            0.02144553102158494,
            -0.0032232654529855877,
            -0.03339050723457511,
            -0.0018707533608513713
        ],
        [
            0.06527894461342636,
            0.030508614585022863,
            0.012040864621969781,
            -0.04747129128555241,
            0.013197575844761866,
            -0.062028602766110816,
            0.005998094091073395,
            0.019563716694216807,
            0.007969819553916343,
            0.014823840060273303,
            0.06708420138125232,
            0.014128129912893361,
            0.005928182061926093,
            0.021837308165865658,
            0.0012705641562341724,
            -0.004838414897032521,
            0.007379552001964255,
            -0.004852083178704358,
            -0.043867803798836466,
            -0.0031742449834950624
        ],
        [
            -0.2023854316833436,
            -0.12586236571208495,
            -0.0004988544088169634,
            0.024237704400184534,
            -0.0023151001828603064,
            -0.01964707603260926,
            -0.02316930124693991,
            0.007969819553916343,
            0.18503474262258687,
            -0.008323708849783075,
            0.24526956337910896,
            0.06638147702307548,
            -0.003353764479864721,
            -0.042524406473623974,
            -0.0057623706356303185,
            -0.040211932499875445,
            0.030581588092259453,
            -0.01790622738261419,
            -0.15140417370116538,
            -0.011595715063697774
        ],
        [
            0.06724443034353497,
            0.03372542364665041,
            0.009618628795388152,
            -0.03968754263257714,
            0.010682272318820607,
            -0.04825352624229627,
            0.006089682460513497,
            0.014823840060273303,
            -0.008323708849783075,
            0.01236910915202556,
            0.03320084272499404,
            0.005461875649814403,
            0.004985559687387233,
            0.02067784532981609,
            0.0014674995443514848,
            -0.001210266042078409,
            0.0030213911071894977,
            -0.0024210991383745374,
            -0.02269237494778302,
            -0.001593563620860749
        ],
        [
            0.024702247555141443,
            0.0175903043995455,
            0.01982589785782753,
            -0.04906128826207504,
            0.01953721955443761,
            -0.021530201224913885,
            0.09912622851105334,
            0.06708420138125232,
            0.24526956337910896,
            0.03320084272499404,
            0.5791914975611742,
            0.20729953323583025,
            0.0019658757962992134,
            -0.02755134755994635,
            -0.006996557301431827,
            0.012224593038097477,
            0.11362057066776306,
            -0.03675488966208068,
            -0.32375558627774376,
            -0.023776840978979148
        ],
        [
            0.02204685981271601,
            0.026246284571849937,
            -0.006704739222919194,
