{
    "opt_E": -2.2035606918788524,
    "HF_E": -2.172537889247673,
    "B3LYP_E": -2.1745646185610132,
    "sto-3G_E": -2.1556909883683044,
    "proj": [
        [
            0.5865108150257559,
            0.36029341091455,
            0.0291685892026987,
            -0.17730809444310774,
            0.01160693599733048,
            -0.02221696408398093,
            0.15988225364997613,
            0.06164891656759339,
            -0.21018442172794993,
            0.021625197701604416,
            0.03669718624621053,
            0.02426406582448672,
            0.00813154088198577,
            0.04848028608523202,
            0.0032053217450521746,
            -0.0023094045835550065,
            -0.0256088198765325,
            0.015718742599075276,
            -0.022541736306710976,
            -0.0008215636988024321
        ],
        [
            0.36029341091455,
            0.2472702669419041,
            0.006159007250230723,
            -0.04756768244844791,
            0.002704838565910526,
            0.10409024872479293,
            0.14160141002998797,
            0.026915717644613417,
            -0.1344947308955385,
            0.00924396917109465,
            0.015605308668743543,
            0.025353756478199693,
            -0.006863848756924861,
            -0.03370637812761896,
            -0.001702241544499482,
            -0.029895503811688744,
            -0.03198074595599058,
            0.005198410973895998,
            -0.014410445950436102,
            -0.0005149693561565562
        ],
        [
            0.0291685892026987,
            0.006159007250230723,
            0.007317836660905658,
            -0.039089760617347064,
            0.0027924973165597,
            -0.058519735512330695,
            -0.0131377362953597,
            0.00960399264426157,
            -0.0038745965552231007,
            0.0032338685455437785,
            0.011113480955422684,
            -0.006847247698099188,
            0.0109606450487785,
            0.026190994169877864,
            0.001580455776636384,
            -0.0024572374985163954,
            -0.002298815454819746,
            0.006797730008294336,
            -0.009387658399479531,
            -0.0004648100098112455
        ],
        [
            -0.17730809444310774,
            -0.04756768244844791,
            -0.039089760617347064,
            0.21008833293348905,
            -0.014920875787242025,
            0.30491632847079037,
            0.062363469673311626,
            -0.0508797162544452,
            0.0348964481515191,
            -0.017383759162473717,
            -0.04850316535827498,
            0.03587536894201973,
            -0.053898776019213945,
            -0.14135862909862096,
            -0.008532158288747508,
            0.0062368683636892215,
            0.010650657816753808,
            -0.032151887935121866,
            0.04168745846716233,
            0.0020508807612475565
        ],
        [
            0.01160693599733048,
            0.002704838565910526,
            0.0027924973165597,
            -0.014920875787242025,
            0.001067923739126044,
            -0.02194581210051621,
            -0.004589351200648307,
            0.00381449598582582,
            -0.001233404155470043,
            0.0012714853530865402,
            0.00522908985316026,
            -0.002171393947767562,
            0.004249791396653258,
            0.009908989350683507,
            0.0005955373238720921,
            -0.0007510529142312595,
            -0.0006362071598012365,
            0.002817457885372858,
            -0.004042023842271232,
            -0.00019943494462602274
        ],
        [
            -0.02221696408398093,
            0.10409024872479293,
            -0.058519735512330695,
            0.30491632847079037,
            -0.02194581210051621,
            0.5796196074607111,
            0.21972061865996206,
            -0.05378488772541008,
            -0.01225475747874066,
            -0.0192115284803295,
            0.0037620200277327805,
            0.10958022879860845,
            -0.08903389225538093,
            -0.2461790124458923,
            -0.014895645802439312,
            0.020123384797112114,
            0.023668212768745214,
            -0.03403786134515338,
            0.02935396216300489,
            0.0016146771738928382
        ],
        [
            0.15988225364997613,
            0.14160141002998797,
            -0.0131377362953597,
            0.062363469673311626,
            -0.004589351200648307,
            0.21972061865996206,
            0.14354330680584995,
            0.007489708921873744,
            -0.03118379152854448,
            0.0014071253543446877,
            0.09009532538526448,
            0.0824583196365996,
            -0.02596360452485726,
            -0.0717307963250457,
            -0.004548918327094555,
            0.03689834026879273,
            0.03132970205394744,
            0.008238135668009032,
            -0.027673922835268747,
            -0.001187741883501304
        ],
        [
            0.06164891656759339,
            0.026915717644613417,
            0.00960399264426157,
            -0.0508797162544452,
            0.00381449598582582,
            -0.05378488772541008,
            0.007489708921873744,
            0.023052863951135403,
            0.01798928231723785,
            0.006684614878754439,
            0.08496695004668182,
            0.016058529106950527,
            0.02403369052155359,
            0.021720805969022632,
            0.0012160738942981492,
            -0.007937879995665023,
            0.0037078470844670447,
            0.027496081731704144,
            -0.05115136306999289,
            -0.0024979619482928795
        ],
        [
            -0.21018442172794993,
            -0.1344947308955385,
            -0.0038745965552231007,
            0.0348964481515191,
            -0.001233404155470043,
            -0.01225475747874066,
            -0.03118379152854448,
            0.01798928231723785,
            0.1982241360143842,
            0.0017239975277115638,
            0.246221925695832,
            0.06022954559181308,
            0.04999236743061023,
            -0.027185405413838033,
            -0.0021199496080261675,
            -0.02363832356792772,
            0.03217617731690442,
            0.06899662326699844,
            -0.1417085420433025,
            -0.0070696628291299825
        ],
        [
            0.021625197701604416,
            0.00924396917109465,
            0.0032338685455437785,
            -0.017383759162473717,
            0.0012714853530865402,
            -0.0192115284803295,
            0.0014071253543446877,
            0.006684614878754439,
            0.0017239975277115638,
            0.0020418097975172652,
            0.02050302976574439,
            0.003825811959447897,
            0.006015817976715035,
            0.009691371613438943,
            0.0005516163947987952,
            0.000999708532707441,
            0.002216098221631019,
            0.0066257380724196405,
            -0.011661583432730074,
            -0.0005660341415906075
        ],
        [
            0.03669718624621053,
            0.015605308668743543,
            0.011113480955422684,
            -0.04850316535827498,
            0.00522908985316026,
            0.0037620200277327805,
            0.09009532538526448,
            0.08496695004668182,
            0.246221925695832,
            0.02050302976574439,
            0.5678364714428836,
            0.1872962428910385,
            0.08755650974312701,
            -0.0006969456388421405,
            -0.0012660379537772662,
            0.03737961681863453,
            0.10435067842893908,
            0.1484055507959536,
            -0.29604106506265043,
            -0.014468828708790439
        ],
        [
            0.02426406582448672,
            0.025353756478199693,
            -0.006847247698099188,
            0.03587536894201973,
