{
    "opt_E": -2.205518511247983,
    "HF_E": -2.174383562027098,
    "B3LYP_E": -2.176849765753595,
    "sto-3G_E": -2.1631565180620442,
    "proj": [
        [
            0.5852002555854656,
            0.36811784552394017,
            0.012220450400718723,
            -0.17151705662635924,
            7.130201522861466e-05,
            -0.026850813156610413,
            0.16297268892114003,
            0.03033209084049192,
            -0.20517787134287616,
            -0.0057392856058430105,
            0.04221333771349229,
            0.021145702122263552,
            0.007154343170147188,
            0.05764556582258359,
            -0.0034957825553356544,
            0.0005230107630190144,
            -0.02714455316597564,
            -0.001196820809664805,
            -0.030817363383668757,
            -0.005192299319562945
        ],
        [
            0.36811784552394017,
            0.25377680270573394,
            0.0032631334077828696,
            -0.053582522641356885,
            0.00033360987114297276,
            0.08946953628519277,
            0.14207043587909216,
            0.012768883956522283,
            -0.13358746698874813,
            -0.0018314394493850722,
            0.02529676215939802,
            0.022777644873651432,
            -0.00381017891853811,
            -0.028839310512701274,
            0.0010608484260081097,
            -0.03130286380487441,
            -0.03707086060706393,
            -0.0009714355091614946,
            -0.020302406951623945,
            -0.002716780437964289
        ],
        [
            0.012220450400718723,
            0.0032631334077828696,
            0.0014438767928640235,
            -0.017143056868396227,
            -0.00010086947687791092,
            -0.02580907414561271,
            -0.005005369812044061,
            0.0027846729522957338,
            0.0013812802215277691,
            -0.0008488132219767159,
            0.007858455383465445,
            -0.0029252824496895395,
            0.001760005866596848,
            0.01089907852079118,
            -0.001963688371030907,
            -0.004187072416957178,
            -0.0018947784309638858,
            -0.000622936250963673,
            -0.008221094861338091,
            -0.0011012353435177857
        ],
        [
            -0.17151705662635924,
            -0.053582522641356885,
            -0.017143056868396227,
            0.20829776408680306,
            0.0010965296077496186,
            0.30838422737956617,
            0.058240425380437895,
            -0.031150816036844265,
            0.014276799305255267,
            0.008783021613061463,
            -0.05796892448321788,
            0.039712070932192804,
            -0.021792622381392925,
            -0.14427600095697526,
            0.02001902161516231,
            0.02690809721555594,
            0.01586852765595491,
            0.005049163470038355,
            0.06965684793629595,
            0.00996471047727564
        ],
        [
            7.130201522861466e-05,
            0.00033360987114297276,
            -0.00010086947687791092,
            0.0010965296077496186,
            1.0468949658862411e-05,
            0.0020347523870886293,
            0.0006795938406957933,
            -0.00019156349651607552,
            -0.0006633204848978493,
            6.821956165485871e-05,
            -0.0007306289275672272,
            0.0004838773759257058,
            -9.73047995509148e-05,
            -0.0003236187369897793,
            0.00022214851533329836,
            0.0012794490878911661,
            0.0006515097578417825,
            8.320131029084264e-05,
            0.001020460113504772,
            0.0001236108367828052
        ],
        [
            -0.026850813156610413,
            0.08946953628519277,
            -0.02580907414561271,
            0.30838422737956617,
            0.0020347523870886293,
            0.5876956857897776,
            0.21445950730104432,
            -0.03699155827046599,
            -0.031999546651209736,
            0.010420043391632407,
            0.001106018763385786,
            0.1173257228499773,
            -0.038271466741222,
            -0.2565918269095759,
            0.031870823562296306,
            0.04720302098377857,
            0.028337830844708166,
            0.004733608235348555,
            0.0638413203078016,
            0.010157295218206307
        ],
        [
            0.16297268892114003,
            0.14207043587909216,
            -0.005005369812044061,
            0.058240425380437895,
            0.0006795938406957933,
            0.21445950730104432,
            0.1445124013985608,
            0.0026719002165437877,
            -0.026390700967287076,
            -0.0013886675017393958,
            0.10450061577180741,
            0.0833813010341636,
            -0.011357949325165569,
            -0.07840459260699817,
            0.00664013697782009,
            0.02714614168599782,
            0.02328120449411739,
            -0.0026109867829762533,
            -0.03571873576861022,
            -0.0037167397067724766
        ],
        [
            0.03033209084049192,
            0.012768883956522283,
            0.0027846729522957338,
            -0.031150816036844265,
            -0.00019156349651607552,
            -0.03699155827046599,
            0.0026719002165437877,
            0.007732871167051236,
            0.016367552375195715,
            -0.002801512794569605,
            0.04898997377432675,
            0.00874697153829216,
            0.0029481853394222467,
            0.01596408642642167,
            -0.004801369607669708,
            -0.005064780053876836,
            0.0032803140494073214,
            -0.002620783246769996,
            -0.0337126336786526,
            -0.00419796907090135
        ],
        [
            -0.20517787134287616,
            -0.13358746698874813,
            0.0013812802215277691,
            0.014276799305255267,
            -0.0006633204848978493,
            -0.031999546651209736,
            -0.026390700967287076,
            0.016367552375195715,
            0.22630790350220786,
            -0.010257521220315488,
            0.270134687104136,
            0.06602851954134861,
            0.0008128573506871457,
            -0.03086324330633885,
            -0.019239164868606166,
            -0.04603055463922844,
            0.02826811645051151,
            -0.0145471141519662,
            -0.17510429342704653,
            -0.020061070069440395
        ],
        [
            -0.0057392856058430105,
            -0.0018314394493850722,
            -0.0008488132219767159,
            0.008783021613061463,
            6.821956165485871e-05,
            0.010420043391632407,
            -0.0013886675017393958,
            -0.002801512794569605,
            -0.010257521220315488,
            0.0011229239834397665,
            -0.022541055183316526,
            -0.0051803379860374515,
            -0.000859219174350216,
            -0.0038462758644791967,
            0.0018511058293559147,
            0.0017910293632912818,
            -0.002297624758749707,
            0.0011644760436292224,
            0.014730548056677202,
            0.0017906023304333583
        ],
        [
            0.04221333771349229,
            0.02529676215939802,
            0.007858455383465445,
            -0.05796892448321788,
            -0.0007306289275672272,
            0.001106018763385786,
            0.10450061577180741,
            0.04898997377432675,
            0.270134687104136,
            -0.022541055183316526,
            0.5592638053471928,
            0.19143169786971337,
            0.005270645353189633,
            -0.003007430871581293,
            -0.028871374715628333,
            0.022400529405019205,
            0.10280613766819001,
            -0.02560020024268865,
            -0.3211705597902766,
            -0.03804597436018059
        ],
        [
            0.021145702122263552,
