{
    "opt_E": -2.1699288670577945,
    "HF_E": -2.1374960057009664,
    "B3LYP_E": -2.1405631888894483,
    "sto-3G_E": -2.1152183810046745,
    "proj": [
        [
            0.5769202207117814,
            0.3800248311160213,
            -0.02212903467848903,
            -0.1681006065438945,
            -0.039758540523456495,
            -0.007755030710228196,
            0.1601274980592073,
            -0.01226816543372172,
            -0.17647677208695006,
            -0.0429347784214982,
            0.047304821528643126,
            0.024314483049047427,
            0.009834004196625994,
            0.07363923487553452,
            0.01335136322078495,
            0.0005283273785183726,
            -0.03449122934608732,
            0.006292687672305315,
            -0.027219229763017466,
            -0.0004419736940525213
        ],
        [
            0.3800248311160213,
            0.2659325227378601,
            -0.009320123407897372,
            -0.06709752146582133,
            -0.015850200083546217,
            0.0761890629841046,
            0.13324117153097365,
            -0.011090753098722629,
            -0.1260904129362622,
            -0.029482511212363137,
            0.03377431546507889,
            0.020865462405445536,
            -0.0030960657091644367,
            -0.013296577684457734,
            -0.0028645256247434455,
            -0.034444770621635167,
            -0.04594524392981184,
            0.003305226960257089,
            -0.020600275174200666,
            -0.00100435949507519
        ],
        [
            -0.02212903467848903,
            -0.009320123407897372,
            0.003014779652120561,
            0.024576418660318677,
            0.005824434518399999,
            0.033079460145966494,
            0.0047915822874965595,
            -0.0016523297615687142,
            -0.0015271671285161934,
            0.00021061523716111775,
            -0.005023953654615869,
            0.003940358981880197,
            -0.005901513307458596,
            -0.022682020242069913,
            -0.005428958391896362,
            0.0017774084807062216,
            0.0016345040984033078,
            -0.0013105476493560956,
            0.006464019441870502,
            0.00012982568138857262
        ],
        [
            -0.1681006065438945,
            -0.06709752146582133,
            0.024576418660318677,
            0.20094862477378592,
            0.047603462585299,
            0.27870260475459485,
            0.047063155918079025,
            -0.013279067021675665,
            -0.014050600458717716,
            0.0013472727956980299,
            -0.03237279816772326,
            0.038989994975185197,
            -0.04907593008973896,
            -0.18465595317854616,
            -0.04466598748757884,
            0.02261633165699662,
            0.0190591511478266,
            -0.01039367067883854,
            0.05117913541619322,
            0.0010123365522995325
        ],
        [
            -0.039758540523456495,
            -0.015850200083546217,
            0.005824434518399999,
            0.047603462585299,
            0.011279868655267871,
            0.06581017940707007,
            0.010897780903042236,
            -0.003303839718838087,
            -0.00404450291016129,
            0.00016344960226610466,
            -0.008878087131357142,
            0.008733320684462042,
            -0.011712048688707174,
            -0.04389305666628419,
            -0.0106419019046879,
            0.0051489855929727985,
            0.004177059847971181,
            -0.002544297196184694,
            0.012688173500128975,
            0.00026597534833465496
        ],
        [
            -0.007755030710228196,
            0.0761890629841046,
            0.033079460145966494,
            0.27870260475459485,
            0.06581017940707007,
            0.5247362132224397,
            0.1924120955566988,
            -0.016433718127054436,
            -0.05368896244943083,
            -0.005999011563695829,
            0.07211019490947203,
            0.12184770439807963,
            -0.07523122594484064,
            -0.29469355989916013,
            -0.0694992385017477,
            0.03597556131158396,
            0.030565127416935987,
            -0.00786048062377231,
            0.023225208080355077,
            -0.0011290264519634328
        ],
        [
            0.1601274980592073,
            0.13324117153097365,
            0.0047915822874965595,
            0.047063155918079025,
            0.010897780903042236,
            0.1924120955566988,
            0.12945067069292884,
            0.0015031501309732045,
            -0.021082190995122436,
            -0.00395332663370845,
            0.12024175490868089,
            0.0827878885963591,
            -0.017125753279073494,
            -0.07001098558906375,
            -0.015901010296488625,
            0.02611580257516879,
            0.023030540937659282,
            0.0046869085213156435,
            -0.038190159889910966,
            -0.002294315126599001
        ],
        [
            -0.01226816543372172,
            -0.011090753098722629,
            -0.0016523297615687142,
            -0.013279067021675665,
            -0.003303839718838087,
            -0.016433718127054436,
            0.0015031501309732045,
            0.01133250845365172,
            0.05242503411839358,
            0.011181549953008683,
            0.06961369575488605,
            0.016791643221381523,
            0.01129008859856397,
            0.015518183922832428,
            0.007298401925396892,
            -0.014268178933277849,
            0.0031582775134826567,
            0.006039474470138654,
            -0.042322861341118456,
            -0.0020061954836320577
        ],
        [
            -0.17647677208695006,
            -0.1260904129362622,
            -0.0015271671285161934,
            -0.014050600458717716,
            -0.00404450291016129,
            -0.05368896244943083,
            -0.021082190995122436,
            0.05242503411839358,
            0.2687333490667926,
            0.05863590211586658,
            0.30053771900811155,
            0.0701773193760482,
            0.04623117666058965,
            0.03928983443915695,
            0.027104677757414958,
            -0.07314902509919827,
            0.015022341011879535,
            0.02542506871225916,
            -0.1837807826714208,
            -0.009030653325350963
        ],
        [
            -0.0429347784214982,
            -0.029482511212363137,
            0.00021061523716111775,
            0.0013472727956980299,
            0.00016344960226610466,
            -0.005999011563695829,
            -0.00395332663370845,
            0.011181549953008683,
            0.05863590211586658,
            0.012893111593559227,
            0.06468479525849889,
            0.01581719654427161,
            0.009104653986541651,
            0.004375961438320348,
            0.004961430209584553,
            -0.016227477820795963,
            0.003224966250039251,
            0.0053314329732907974,
            -0.03912297946416418,
            -0.0019588862697324
        ],
        [
            0.047304821528643126,
            0.03377431546507889,
            -0.005023953654615869,
            -0.03237279816772326,
            -0.008878087131357142,
            0.07211019490947203,
            0.12024175490868089,
            0.06961369575488605,
            0.30053771900811155,
            0.06468479525849889,
            0.5287836225174471,
            0.190228352778838,
            0.048870359380145646,
            0.04928529528860728,
            0.030052676892708803,
            -0.008555131041359448,
            0.07700285300383597,
            0.03926896322923963,
            -0.2756873739890511,
            -0.013205035324042953
        ],
        [
            0.024314483049047427,
            0.020865462405445536,
            0.003940358981880197,
