{
    "opt_E": -2.149762101211233,
    "HF_E": -2.119729325621936,
    "B3LYP_E": -2.1211930383487934,
    "sto-3G_E": -2.093588531051237,
    "proj": [
        [
            0.5337466997458812,
            0.3560565829179893,
            -0.06437384404013888,
            -0.16227138971820643,
            0.018226576525075446,
            0.042785821392024456,
            0.1804377662227861,
            -0.11333429153417021,
            -0.1972997230322914,
            0.030412841747994072,
            0.021822859151878322,
            0.03798386338736038,
            -0.0036300949896031585,
            0.033527277083971824,
            0.0010390992668595136,
            0.004193351842787637,
            -0.03216083880612069,
            -0.0004153870765252146,
            -0.009056730923937672,
            0.0001468597298499617
        ],
        [
            0.3560565829179893,
            0.24712295879229715,
            -0.03279296483983856,
            -0.08582743612229488,
            0.009371839075306011,
            0.07261272188710115,
            0.1368022246709312,
            -0.07182319487481237,
            -0.11334403693101336,
            0.019028800097613575,
            0.045114495012410674,
            0.027769122097700532,
            -0.0020490584835470226,
            -0.02229696678947815,
            0.0008775571258092722,
            -0.038056920243618786,
            -0.0445403443156638,
            -0.003758230671044677,
            -0.04045458960586525,
            0.000961730436917256
        ],
        [
            -0.06437384404013888,
            -0.03279296483983856,
            0.052384386207228274,
            0.1074405737033751,
            -0.014366042573937908,
            0.14169689561800367,
            0.012875911633193408,
            0.03689809083290811,
            -0.01174904454016721,
            -0.008786302347760667,
            -0.020090516317821296,
            0.019228527747622935,
            0.019103086315747028,
            -0.08791914491808228,
            -0.0026452234731272565,
            0.013603109086533158,
            0.015448086715289104,
            0.0023816502214573706,
            0.03931670284663616,
            -0.0005428423024366924
        ],
        [
            -0.16227138971820643,
            -0.08582743612229488,
            0.1074405737033751,
            0.2238609585863341,
            -0.029514860846751253,
            0.2830555851095596,
            0.019921197083920844,
            0.07821024081521256,
            0.00617496195277124,
            -0.019138633027014587,
            -0.014763390878779405,
            0.04244081192949979,
            0.03697280764291057,
            -0.17873528350894755,
            -0.005160488918363811,
            0.024696645684747973,
            0.03379006771180036,
            0.002706385510675272,
            0.05896790916436765,
            -0.0006024005703159361
        ],
        [
            0.018226576525075446,
            0.009371839075306011,
            -0.014366042573937908,
            -0.029514860846751253,
            0.003940601579152875,
            -0.038641500885489934,
            -0.003337170275827918,
            -0.010188352667085536,
            0.002825226367738123,
            0.0024327115732200606,
            0.005293506011483116,
            -0.005255268451992695,
            -0.005207160770890112,
            0.024041090892810292,
            0.0007217962353873513,
            -0.0036965464061989185,
            -0.004267666230751386,
            -0.0006339311756599813,
            -0.010581587804266919,
            0.00014441815536900035
        ],
        [
            0.042785821392024456,
            0.07261272188710115,
            0.14169689561800367,
            0.2830555851095596,
            -0.038641500885489934,
            0.5185087548748347,
            0.15911073423252212,
            0.05789725679936343,
            -0.05814661207876852,
            -0.01347892996045205,
            0.06673400672786166,
            0.11660189821603448,
            0.05745544810380011,
            -0.285528211048128,
            -0.007762293779541846,
            0.04532167244659191,
            0.045827502076316404,
            -0.0015114703419934904,
            0.0392129526723813,
            0.00044541165081124446
        ],
        [
            0.1804377662227861,
            0.1368022246709312,
            0.012875911633193408,
            0.019921197083920844,
            -0.003337170275827918,
            0.15911073423252212,
            0.11829727409178027,
            -0.030215635542175483,
            -0.0227979485953971,
            0.007396180215140837,
            0.11517186072972073,
            0.07226788301451226,
            0.010941371712213394,
            -0.05541796103461271,
            -0.00145747703856707,
            0.03144592731367296,
            0.021797654302031864,
            -0.006728010856020384,
            -0.049607668001974,
            0.0016090520165472281
        ],
        [
            -0.11333429153417021,
            -0.07182319487481237,
            0.03689809083290811,
            0.07821024081521256,
            -0.010188352667085536,
            0.05789725679936343,
            -0.030215635542175483,
            0.03974478679120519,
            0.0016847051365209372,
            -0.009583802718218761,
            -0.053261277911423946,
            -0.012879684099209757,
            0.01039480847567548,
            -0.05688823887727843,
            -0.0013913451407548366,
            -0.012842756734630882,
            -0.0034462989065676066,
            0.0036094149295835187,
            0.04099490481778121,
            -0.0008335458811564185
        ],
        [
            -0.1972997230322914,
            -0.11334403693101336,
            -0.01174904454016721,
            0.00617496195277124,
            0.002825226367738123,
            -0.05814661207876852,
            -0.0227979485953971,
            0.0016847051365209372,
            0.27731380157439756,
            -0.005119447330737685,
            0.2916295288261031,
            0.044712376411733694,
            -0.023100250083423285,
            0.018452241285501998,
            0.002885228710365212,
            -0.03112701027121797,
            0.016971837709905794,
            -0.023554537190888528,
            -0.23398931823874228,
            0.0055380744130979305
        ],
        [
            0.030412841747994072,
            0.019028800097613575,
            -0.008786302347760667,
            -0.019138633027014587,
            0.0024327115732200606,
            -0.01347892996045205,
            0.007396180215140837,
            -0.009583802718218761,
            -0.005119447330737685,
            0.0023918822391092703,
            0.007555891590085757,
            0.0020887875217381964,
            -0.002166570396387352,
            0.013534942125520987,
            0.0002947464987347935,
            0.0033607104881920747,
            0.00034618446721589464,
            -0.00045621149783391573,
            -0.005849294784547174,
            0.00010370165195065372
        ],
        [
            0.021822859151878322,
            0.045114495012410674,
            -0.020090516317821296,
            -0.014763390878779405,
            0.005293506011483116,
            0.06673400672786166,
            0.11517186072972073,
            -0.053261277911423946,
            0.2916295288261031,
            0.007555891590085757,
            0.49197837713191794,
            0.15445954115462487,
            -0.016970859017568247,
            0.025629591413599107,
            0.0016739429816467618,
            0.0668154850599144,
            0.08609500928022612,
            -0.034570726707293595,
            -0.3212041459673485,
            0.008095205367805709
        ],
        [
            0.03798386338736038,
            0.027769122097700532,
            0.019228527747622935,
