{
    "opt_E": -2.225846742688816,
    "HF_E": -2.1949770605116288,
    "B3LYP_E": -2.1968656267822158,
    "sto-3G_E": -2.1879678624594496,
    "proj": [
        [
            0.565599701093762,
            0.3411050828213083,
            -0.02402974400144927,
            -0.17124363090025296,
            -0.022691228127392334,
            0.013563645571301967,
            0.1712196795857176,
            -0.04853263990575686,
            -0.2491687359693237,
            -0.04504949496043305,
            0.019615348422961563,
            0.029475462403774765,
            -0.006829203998167568,
            0.026480991856703027,
            -0.007574920454521127,
            -0.0033171877999966857,
            -0.026692274533061503,
            -0.005138653496886783,
            -0.012148786458210131,
            -0.0009542946847199906
        ],
        [
            0.3411050828213083,
            0.22574304914483104,
            -0.005319373170782458,
            -0.04625821717778862,
            -0.005147809127955981,
            0.11303379046567612,
            0.14148406047182818,
            -0.020985865563311903,
            -0.13695204754394436,
            -0.019363309874506476,
            0.01712159236135332,
            0.02983778346131455,
            0.008306537486652166,
            -0.031951453916686634,
            0.006754365091533435,
            -0.02549878334942179,
            -0.027516240453658712,
            -0.0022730967238832845,
            -0.011779558414637962,
            0.00017371756892043454
        ],
        [
            -0.02402974400144927,
            -0.005319373170782458,
            0.006354087050199879,
            0.037954793171933454,
            0.005881278738729053,
            0.053940329439242804,
            0.010059970332445578,
            0.009255262053089092,
            0.00966822227063685,
            0.008282855351736146,
            -0.017392131825035587,
            0.0033827034412283784,
            0.009949292822784365,
            -0.015976654509608005,
            0.006285145892984308,
            0.005129187363587176,
            0.00247860333678563,
            0.003263131948588168,
            0.014945096358795656,
            -0.00044768495593394784
        ],
        [
            -0.17124363090025296,
            -0.04625821717778862,
            0.037954793171933454,
            0.23334807682425598,
            0.0352278680795986,
            0.3233263333593062,
            0.06010998955620451,
            0.050362747785272735,
            0.08938653634654824,
            0.045800938522975274,
            -0.05291890599445264,
            0.03192890082470446,
            0.053822620915335816,
            -0.111090085429769,
            0.03733761973276654,
            0.013004566547168559,
            0.013915057081572056,
            0.014094422089188789,
            0.054404248896860644,
            -0.0008353463257251615
        ],
        [
            -0.022691228127392334,
            -0.005147809127955981,
            0.005881278738729053,
            0.0352278680795986,
            0.005445669450562996,
            0.049897744419238804,
            0.00922789016797259,
            0.00852101144361127,
            0.009380658317507755,
            0.007635439387521625,
            -0.015584412716147657,
            0.003053962359676445,
            0.009097042107701417,
            -0.015228556825052034,
            0.0058257955985874296,
            0.003957826229545624,
            0.001920017512219816,
            0.0029371841041143172,
            0.013276171406907126,
            -0.0003831516196696549
        ],
        [
            0.013563645571301967,
            0.11303379046567612,
            0.053940329439242804,
            0.3233263333593062,
            0.049897744419238804,
            0.5962900826201868,
            0.2168815150464173,
            0.05590957944755289,
            0.03896181795464181,
            0.05107221481513895,
            -0.028931015519734718,
            0.0947899288986676,
            0.08899397076330406,
            -0.19266355249605407,
            0.06239409487686129,
            0.022083131367153428,
            0.01947626865084986,
            0.01747238132803705,
            0.06009659150767367,
            -0.0005272687956749093
        ],
        [
            0.1712196795857176,
            0.14148406047182818,
            0.010059970332445578,
            0.06010998955620451,
            0.00922789016797259,
            0.2168815150464173,
            0.1438826540118977,
            -0.007497957292227896,
            -0.027329397386020835,
            -0.005789249198750552,
            0.09129811812732218,
            0.0824526335696304,
            0.022922174837425403,
            -0.0609135351828502,
            0.017571984722680636,
            0.028422138538632444,
            0.02810358533683543,
            -0.003213125172357125,
            -0.02972013033638019,
            0.0017450722721632599
        ],
        [
            -0.04853263990575686,
            -0.020985865563311903,
            0.009255262053089092,
            0.050362747785272735,
            0.00852101144361127,
            0.05590957944755289,
            -0.007497957292227896,
            0.021237374205152367,
            -0.003360943841319198,
            0.01829650923886586,
            -0.08722631565181471,
            -0.02160107551163247,
            0.016843569156981514,
            -0.010809527748027823,
            0.008358609863744173,
            0.005304400373530256,
            -0.00773471873167109,
            0.009990550517448408,
            0.05503761704690201,
            -0.0023074534412150863
        ],
        [
            -0.2491687359693237,
            -0.13695204754394436,
            0.00966822227063685,
            0.08938653634654824,
            0.009380658317507755,
            0.03896181795464181,
            -0.027329397386020835,
            -0.003360943841319198,
            0.18661770159950417,
            0.00021085312068543422,
            0.19456015073543168,
            0.05763532717599513,
            -0.011198177133160271,
            -0.06076407013147263,
            0.0042034121505170885,
            -0.024907221449923175,
            0.030251652579554287,
            -0.016920932633410633,
            -0.1167326916581737,
            0.006613189830185665
        ],
        [
            -0.04504949496043305,
            -0.019363309874506476,
            0.008282855351736146,
            0.045800938522975274,
            0.007635439387521625,
            0.05107221481513895,
            -0.005789249198750552,
            0.01829650923886586,
            0.00021085312068543422,
            0.015826331214112088,
            -0.07148405398215504,
            -0.017337020144335545,
            0.014527840451194709,
            -0.011472213305647285,
            0.007500071187649644,
            0.0033494875261082325,
            -0.006582444193730314,
            0.008294423115662957,
            0.04509888429592097,
            -0.001849664024687029
        ],
        [
            0.019615348422961563,
            0.01712159236135332,
            -0.017392131825035587,
            -0.05291890599445264,
            -0.015584412716147657,
            -0.028931015519734718,
            0.09129811812732218,
            -0.08722631565181471,
            0.19456015073543168,
            -0.07148405398215504,
            0.594998305511853,
            0.21027741821219145,
            -0.05636290061525786,
            -0.04113344595861898,
            -0.01648101831286437,
            0.02053117684176782,
            0.10962967026675736,
            -0.0554028769149348,
            -0.3347943632479419,
            0.01591685183993593
        ],
        [
            0.029475462403774765,
            0.02983778346131455,
            0.0033827034412283784,
            0.03192890082470446,
