{
    "opt_E": -2.185207514653303,
    "HF_E": -2.1543328778046176,
    "B3LYP_E": -2.156768899692395,
    "sto-3G_E": -2.139372711469292,
    "proj": [
        [
            0.5817730232544386,
            0.36880854643939415,
            -0.004411686040355868,
            -0.1676376244136201,
            0.04677494495302179,
            -0.016933534349239596,
            0.1640092216290715,
            -0.01410214941204474,
            -0.1884618048887313,
            0.0813692084224916,
            0.03882904364322094,
            0.02505475640000777,
            -0.0060746852409898485,
            0.060341007966242644,
            0.0011344099074444506,
            -0.0036219450453741807,
            -0.025646743696377056,
            0.0068743303896454345,
            -0.030015085311424095,
            -0.0051536509946224374
        ],
        [
            0.36880854643939415,
            0.2533057208257869,
            -0.0011216609609585937,
            -0.05733628067849988,
            0.014503353151374916,
            0.08569092744933672,
            0.13916737291750814,
            -0.005202184649495169,
            -0.12667724280599993,
            0.04241760719239566,
            0.027445550960171806,
            0.024131791751709195,
            0.002826181065449153,
            -0.027542227969774544,
            -0.003965290703325347,
            -0.03272349915106361,
            -0.036271285952226444,
            0.004600701818381865,
            -0.022455747202756133,
            -0.003074755790194663
        ],
        [
            -0.004411686040355868,
            -0.0011216609609585937,
            0.00023591826088657398,
            0.006637258226741542,
            -0.002078079028510884,
            0.009982089329880789,
            0.001828394243579682,
            0.0007222822501962104,
            -0.0019261492871542687,
            -0.001721619553444243,
            -0.0036319132928012295,
            0.0007202231325434573,
            5.3767826814156774e-05,
            -0.005192136155951733,
            0.0001426073948851464,
            0.001291487824506948,
            0.00021214035381781704,
            -0.0008552057844141205,
            0.003593044740775571,
            0.000737383679611334
        ],
        [
            -0.1676376244136201,
            -0.05733628067849988,
            0.006637258226741542,
            0.19783040839503424,
            -0.060752029652430255,
            0.29050610452437764,
            0.05203982101186764,
            0.01809290967883843,
            -0.0034170249621089323,
            -0.051665222267744906,
            -0.041713310948701225,
            0.038416278616319265,
            0.005808460157840019,
            -0.15630502587380155,
            -0.0003600873440546044,
            0.031767479927689586,
            0.015203879541090032,
            -0.01567071169769303,
            0.06400316435654252,
            0.013976490614446077
        ],
        [
            0.04677494495302179,
            0.014503353151374916,
            -0.002078079028510884,
            -0.060752029652430255,
            0.018783397107273888,
            -0.0905989957327922,
            -0.016921687487151255,
            -0.005870773265473031,
            0.006624614464821713,
            0.015688490311702684,
            0.018658497536715248,
            -0.010896461630746965,
            -0.0012442023884509147,
            0.047429062645161044,
            -0.00043603136424554093,
            -0.011860707527447004,
            -0.004714046207818732,
            0.005805846476336043,
            -0.02402854908009466,
            -0.005109295686816478
        ],
        [
            -0.016933534349239596,
            0.08569092744933672,
            0.009982089329880789,
            0.29050610452437764,
            -0.0905989957327922,
            0.5620355465360961,
            0.20475422857944503,
            0.02271781917791726,
            -0.053431486498140515,
            -0.05251475454724212,
            0.031042717330914762,
            0.11696853240273344,
            0.013006015207842881,
            -0.27521458334154536,
            -0.005839293531135385,
            0.05652106210764571,
            0.028857695131847157,
            -0.014083118593644927,
            0.052427128994426656,
            0.014185702594734423
        ],
        [
            0.1640092216290715,
            0.13916737291750814,
            0.001828394243579682,
            0.05203982101186764,
            -0.016921687487151255,
            0.20475422857944503,
            0.13722000054701697,
            -0.0002459038386495545,
            -0.02823553485416316,
            0.00908624582254733,
            0.10466907578209375,
            0.07946895004075477,
            0.005847120366757443,
            -0.07909334351076298,
            -0.0056600200174295985,
            0.02980857918178977,
            0.022657844370160368,
            0.00731420220107858,
            -0.03537793603867763,
            -0.004707850283765574
        ],
        [
            -0.01410214941204474,
            -0.005202184649495169,
            0.0007222822501962104,
            0.01809290967883843,
            -0.005870773265473031,
            0.02271781917791726,
            -0.0002459038386495545,
            0.00292463843775402,
            -0.015339265921895287,
            -0.0056745183218728035,
            -0.029283090182154924,
            -0.004835419742199817,
            -0.0009373984684291187,
            -0.012069486968356517,
            0.0016162095934588812,
            0.003920257063734433,
            -0.0021694821475757827,
            -0.004928424483098775,
            0.021285637631421855,
            0.0040829761504677245
        ],
        [
            -0.1884618048887313,
            -0.12667724280599993,
            -0.0019261492871542687,
            -0.0034170249621089323,
            0.006624614464821713,
            -0.053431486498140515,
            -0.02823553485416316,
            -0.015339265921895287,
            0.2504186931699664,
            -0.0038218726553098693,
            0.28786811847507093,
            0.06345994009116322,
            0.0200412377989602,
            -0.006005154313064749,
            -0.02154516042245649,
            -0.04779313856362773,
            0.029190335167618337,
            0.044413924625312344,
            -0.19481987364604708,
            -0.036360564502041816
        ],
        [
            0.0813692084224916,
            0.04241760719239566,
            -0.001721619553444243,
            -0.051665222267744906,
            0.015688490311702684,
            -0.05251475454724212,
            0.00908624582254733,
            -0.0056745183218728035,
            -0.0038218726553098693,
            0.017725192637020628,
            0.033362877181231675,
            0.004711490103084721,
            -0.001355250028139291,
            0.036749892431536355,
            -0.00042193703806630623,
            0.0016733759048219912,
            0.003363045824703983,
            0.005916678506783423,
            -0.02497494925088443,
            -0.004953801949526336
        ],
        [
            0.03882904364322094,
            0.027445550960171806,
            -0.0036319132928012295,
            -0.041713310948701225,
            0.018658497536715248,
            0.031042717330914762,
            0.10466907578209375,
            -0.029283090182154924,
            0.28786811847507093,
            0.033362877181231675,
            0.5278699451283004,
            0.18212022908819125,
            0.021726301198921414,
            0.011501995165623054,
            -0.027719967499017752,
            0.03393617033304369,
            0.10488047984517533,
            0.0696506152242652,
            -0.3056668936564725,
            -0.055924440424772064
        ],
        [
            0.02505475640000777,
            0.024131791751709195,
