{
    "opt_E": -2.1696849984354216,
    "HF_E": -2.140320545712808,
    "B3LYP_E": -2.1417239552793004,
    "sto-3G_E": -2.1166821448769535,
    "proj": [
        [
            0.5161544970806236,
            0.321321338789952,
            -0.004913580151843983,
            -0.17925322272812963,
            -0.022451293442810796,
            0.08421567857555488,
            0.180783299384497,
            -0.020908002905951267,
            -0.25701591069741375,
            -0.057591635208175174,
            0.035292769884799215,
            0.03875431744988914,
            0.0022215003454389864,
            0.010078299574479593,
            0.0014349118937947902,
            0.00042289039718746443,
            -0.03382246757288315,
            -0.003605099913394955,
            -0.0142332356151284,
            -0.0054720876720131114
        ],
        [
            0.321321338789952,
            0.20792523325149045,
            -0.0007670685417264739,
            -0.07209432176304613,
            -0.006844592906307184,
            0.10856667714298368,
            0.1273426004434387,
            -0.011152313312420946,
            -0.14767269647624504,
            -0.031011934194602523,
            0.03369086324985518,
            0.028578639896800012,
            0.005685383117215802,
            -0.03228925313723756,
            0.0078066823995958465,
            -0.025761620785424873,
            -0.03388972625126836,
            -0.002852244329544313,
            -0.01941908223909033,
            -0.004314129067441533
        ],
        [
            -0.004913580151843983,
            -0.0007670685417264739,
            0.0010699100911082822,
            0.01765361476183471,
            0.0033009303744449678,
            0.02073810518319673,
            0.002896078024273336,
            0.002377911920718984,
            0.0016728452832107821,
            0.004674566179882227,
            -0.006376716559814869,
            0.001163803090734595,
            0.003537839374935972,
            -0.01134577634381081,
            0.005453072744549985,
            0.0009948813580559458,
            0.0010010047715538787,
            0.0013532119171158503,
            0.005656914883280284,
            0.0019766572048725
        ],
        [
            -0.17925322272812963,
            -0.07209432176304613,
            0.01765361476183471,
            0.32039467190604687,
            0.05645789310155392,
            0.3273327329125564,
            0.025434245871378647,
            0.03380674878945817,
            0.1110114816254593,
            0.07318090368822523,
            -0.0361655495954722,
            0.03509343895410834,
            0.05040746880712238,
            -0.18617130451562636,
            0.07857179697683056,
            0.010938033414658477,
            0.03020465214615635,
            0.015239025976422167,
            0.0512345913467298,
            0.022250848125894257
        ],
        [
            -0.022451293442810796,
            -0.006844592906307184,
            0.0033009303744449678,
            0.05645789310155392,
            0.010322541956543849,
            0.06250931210345895,
            0.00698225990973199,
            0.007064288165846292,
            0.010759034654988611,
            0.014325947331383948,
            -0.0157954406910306,
            0.004311755512615389,
            0.010394314297593353,
            -0.034824786178493126,
            0.016078242928312638,
            0.002674004402923331,
            0.003920668594041787,
            0.003762319698920475,
            0.015011391326304115,
            0.005495904396296744
        ],
        [
            0.08421567857555488,
            0.10856667714298368,
            0.02073810518319673,
            0.3273327329125564,
            0.06250931210345895,
            0.5126616732881248,
            0.16256316653051847,
            0.02634669472955717,
            0.015173370475649149,
            0.05324563561733485,
            0.0320668633892893,
            0.09447065972079231,
            0.06644811659115696,
            -0.24847202522549128,
            0.1027077788543695,
            0.018072942932533708,
            0.030350642013632193,
            0.013128094539743737,
            0.02922026675998673,
            0.018991483361759782
        ],
        [
            0.180783299384497,
            0.1273426004434387,
            0.002896078024273336,
            0.025434245871378647,
            0.00698225990973199,
            0.16256316653051847,
            0.1147106706782414,
            -0.009926706091609306,
            -0.037266581957356194,
            -0.020420956745839134,
            0.10800072591916808,
            0.07564620324014147,
            0.01258084809752213,
            -0.043627268531942334,
            0.019217552869560412,
            0.037598184804840354,
            0.031298706523381896,
            -0.0049682406641808,
            -0.03643706721364864,
            -0.0074300657714153106
        ],
        [
            -0.020908002905951267,
            -0.011152313312420946,
            0.002377911920718984,
            0.03380674878945817,
            0.007064288165846292,
            0.02634669472955717,
            -0.009926706091609306,
            0.011234407234468382,
            -0.017467325185612538,
            0.019740862558994175,
            -0.06848857630786773,
            -0.01674736243738269,
            0.010960335836596296,
            -0.017914630494930445,
            0.016552230204324617,
            0.007558043503354469,
            -0.0019773148567039196,
            0.008113082457996553,
            0.043660237330243684,
            0.011893447869045025
        ],
        [
            -0.25701591069741375,
            -0.14767269647624504,
            0.0016728452832107821,
            0.1110114816254593,
            0.010759034654988611,
            0.015173370475649149,
            -0.037266581957356194,
            -0.017467325185612538,
            0.24835005465106288,
            -0.013756534645559395,
            0.23354323444738256,
            0.06156611681541209,
            -0.02009687771710565,
            -0.02842223332902134,
            -0.0281984399825127,
            -0.032116061084762844,
            0.034029863937266175,
            -0.02295601267787576,
            -0.14165868350469502,
            -0.03360200853737779
        ],
        [
            -0.057591635208175174,
            -0.031011934194602523,
            0.004674566179882227,
            0.07318090368822523,
            0.014325947331383948,
            0.05324563561733485,
            -0.020420956745839134,
            0.019740862558994175,
            -0.013756534645559395,
            0.03601050750793257,
            -0.10992276974553283,
            -0.026710493878837543,
            0.01911848919067244,
            -0.03786339479672561,
            0.029054275554919216,
            0.009493153488287743,
            -0.0024438701790604755,
            0.013368995478410669,
            0.07016279995972789,
            0.01960146025362351
        ],
        [
            0.035292769884799215,
            0.03369086324985518,
            -0.006376716559814869,
            -0.0361655495954722,
            -0.0157954406910306,
            0.0320668633892893,
            0.10800072591916808,
            -0.06848857630786773,
            0.23354323444738256,
            -0.10992276974553283,
            0.557805822861331,
            0.19105266804974816,
            -0.04856697587166307,
            0.033412971365373474,
            -0.07161971132860398,
            0.011848731364053122,
            0.08476446808432489,
            -0.054350305177413225,
            -0.3113247751731335,
            -0.07976830599822354
        ],
        [
            0.03875431744988914,
            0.028578639896800012,
            0.001163803090734595,
            0.03509343895410834,
            0.004311755512615389,
