{
    "opt_E": -2.1718748275863007,
    "HF_E": -2.1399750536105246,
    "B3LYP_E": -2.142363103095538,
    "sto-3G_E": -2.1163624502883183,
    "proj": [
        [
            0.5539583989033433,
            0.36095597712116406,
            -0.050886396048036096,
            -0.16066366412255687,
            -0.03142083543103097,
            0.022990434941542515,
            0.17432867804195637,
            -0.09514365009021485,
            -0.19481564045616195,
            -0.062257823177635126,
            0.027665227940123088,
            0.032625318074827894,
            -0.0037960917825911183,
            0.04824234175934724,
            -0.007584519152725079,
            0.0016264545087284407,
            -0.034785909991972605,
            -0.0009794411397717325,
            -0.012879821474948247,
            0.0008031512047210418
        ],
        [
            0.36095597712116406,
            0.2461415068371652,
            -0.02022947988437971,
            -0.07078711734800386,
            -0.012309211817715233,
            0.0802203526008425,
            0.1348000659192765,
            -0.05564388024175401,
            -0.1227357647725736,
            -0.03576846794299618,
            0.03413273277853628,
            0.026884630819386305,
            0.00016434057181894903,
            -0.019521286686146264,
            0.0004903460888504502,
            -0.03302765171023717,
            -0.043189174210346,
            -0.001780246309615661,
            -0.02047662471888887,
            0.00112303375253056
        ],
        [
            -0.050886396048036096,
            -0.02022947988437971,
            0.028971049628948056,
            0.07578302601535468,
            0.018419895083041378,
            0.1081587591818362,
            0.013594461512923423,
            0.021726318330743667,
            -0.006292928955863495,
            0.01688476219523681,
            -0.015728122181449766,
            0.012184533430802284,
            0.009598677681676611,
            -0.07009230592638234,
            0.008859825312477271,
            0.013406141288338242,
            0.00874841669367473,
            0.001233591994633851,
            0.02506341412308408,
            -0.002345316927758217
        ],
        [
            -0.16066366412255687,
            -0.07078711734800386,
            0.07578302601535468,
            0.2009218048787802,
            0.04804486057327385,
            0.2757199679536315,
            0.0295065482357806,
            0.05905584620668182,
            0.009178213035267443,
            0.044692328949763174,
            -0.01838281893895336,
            0.03580082335958015,
            0.02359324788338801,
            -0.18072582763448203,
            0.02289911161758245,
            0.02794268287053678,
            0.024023348714472485,
            0.00205706418042016,
            0.049666539934186224,
            -0.004947798734942501
        ],
        [
            -0.03142083543103097,
            -0.012309211817715233,
            0.018419895083041378,
            0.04804486057327385,
            0.011719905169251211,
            0.06876341190793264,
            0.008579511284266964,
            0.013795964362006268,
            -0.005478693003438616,
            0.010785204017052262,
            -0.011836381028254371,
            0.007225464948269902,
            0.0061802295267341266,
            -0.04464829718286414,
            0.005638268156921317,
            0.00882865409753577,
            0.005392398265088731,
            0.0008718445383031465,
            0.017072223910536064,
            -0.0015732222893993413
        ],
        [
            0.022990434941542515,
            0.0802203526008425,
            0.1081587591818362,
            0.2757199679536315,
            0.06876341190793264,
            0.5297000068655202,
            0.17187087523260122,
            0.048648461370941094,
            -0.04819927151103045,
            0.04053838413676743,
            0.061586162524926255,
            0.11163013152425147,
            0.0384925103141952,
            -0.30022582445009033,
            0.03743473650448981,
            0.04533091863198549,
            0.032599127806194485,
            -0.0004195325131641848,
            0.03760242639385061,
            -0.005346483912842581
        ],
        [
            0.17432867804195637,
            0.1348000659192765,
            0.013594461512923423,
            0.0295065482357806,
            0.008579511284266964,
            0.17187087523260122,
            0.12428786063753164,
            -0.021466675845687563,
            -0.016802297100483428,
            -0.014445611727138543,
            0.12430755558447128,
            0.08049300018162132,
            0.007447633797182958,
            -0.06005472276850614,
            0.007738236986371969,
            0.022842059806454474,
            0.021067488135014214,
            -0.004590395138503452,
            -0.044864077418976835,
            0.0023484706539237104
        ],
        [
            -0.09514365009021485,
            -0.05564388024175401,
            0.021726318330743667,
            0.05905584620668182,
            0.013795964362006268,
            0.048648461370941094,
            -0.021466675845687563,
            0.025033299503052393,
            0.005231569989057882,
            0.018574815089617988,
            -0.04050378082285168,
            -0.011104483705641181,
            0.00579984112681542,
            -0.04784186110986415,
            0.005841671647379186,
            -0.0028837774761209206,
            -0.002221912327626063,
            0.001863909150694295,
            0.02767880010454615,
            -0.0022188560923364032
        ],
        [
            -0.19481564045616195,
            -0.1227357647725736,
            -0.006292928955863495,
            0.009178213035267443,
            -0.005478693003438616,
            -0.04819927151103045,
            -0.016802297100483428,
            0.005231569989057882,
            0.2645245400612574,
            -0.007613069548087547,
            0.2980077676425289,
            0.07106984491704972,
            -0.016613422601962646,
            0.032677251583572486,
            -0.003404994453227576,
            -0.06738480675745291,
            0.01945627096589594,
            -0.014674777805358778,
            -0.19527864234095632,
            0.014356997757211196
        ],
        [
            -0.062257823177635126,
            -0.03576846794299618,
            0.01688476219523681,
            0.044692328949763174,
            0.010785204017052262,
            0.04053838413676743,
            -0.014445611727138543,
            0.018574815089617988,
            -0.007613069548087547,
            0.014293005185455227,
            -0.04245441433378998,
            -0.010641767404069831,
            0.005203957135224139,
            -0.03808551247462685,
            0.004639362068203657,
            0.0013630302299339188,
            -0.002041070873446932,
            0.0020131611366508524,
            0.029144372172264385,
            -0.002291221467219051
        ],
        [
            0.027665227940123088,
            0.03413273277853628,
            -0.015728122181449766,
            -0.01838281893895336,
            -0.011836381028254371,
            0.061586162524926255,
            0.12430755558447128,
            -0.04050378082285168,
            0.2980077676425289,
            -0.04245441433378998,
            0.5292459027144746,
            0.19218419538843037,
            -0.016519916461773206,
            0.048526323254425074,
            -0.003579609048022815,
            -0.00542675757209178,
            0.0811560132463887,
            -0.023491576620179148,
            -0.29632559257870705,
            0.02098405997478852
        ],
        [
            0.032625318074827894,
            0.026884630819386305,
            0.012184533430802284,
            0.03580082335958015,
