{
    "opt_E": -2.173035008299655,
    "HF_E": -2.1430902815056854,
    "B3LYP_E": -2.1447352911080992,
    "sto-3G_E": -2.1160669112257118,
    "proj": [
        [
            0.5628120422118493,
            0.36603284451762075,
            0.048050867835010475,
            -0.17478363704858324,
            0.020143160825328084,
            0.001272330919038702,
            0.16588840635973495,
            0.08541689020362524,
            -0.19815768330133043,
            0.009810531238380462,
            0.02496214692390154,
            0.03069487938733233,
            0.005353053749065542,
            0.043611056904403776,
            -0.00642323213733181,
            0.003108078632651272,
            -0.026996487697105297,
            0.00617279723137772,
            -0.016848354437203058,
            -0.005809253786301386
        ],
        [
            0.36603284451762075,
            0.2547755051271274,
            0.01643350460332035,
            -0.06687349037134403,
            0.008609285547532349,
            0.08715562556047192,
            0.13769354863223532,
            0.04695442430653864,
            -0.1287586475641877,
            0.008343483523429509,
            0.027537748233584604,
            0.027223211428790473,
            -0.001673080827167862,
            -0.029952691518603664,
            0.006087758681831821,
            -0.0335340514510513,
            -0.03604817265345723,
            0.005876425001547042,
            -0.027386035667720517,
            -0.0038649227652841575
        ],
        [
            0.048050867835010475,
            0.01643350460332035,
            0.021751371583715665,
            -0.06920696687131922,
            0.006912038978200102,
            -0.09572451823039693,
            -0.017290745918210063,
            0.021563769075950777,
            -0.0001950135278718469,
            -0.00818184890149191,
            0.01673788044497438,
            -0.011370539838174772,
            0.01588511287805148,
            0.0480790054989538,
            -0.02119452368293887,
            -0.002313020116090521,
            -0.00517545216443104,
            0.007615576107716767,
            -0.017330957998811097,
            -0.007397100118438451
        ],
        [
            -0.17478363704858324,
            -0.06687349037134403,
            -0.06920696687131922,
            0.22202807442066372,
            -0.02230599354280351,
            0.2989183647081014,
            0.049309709325406806,
            -0.06794148935925484,
            0.01981845535329673,
            0.02114026721051816,
            -0.0330166582695032,
            0.03877127641409392,
            -0.047097462128840674,
            -0.1533039342088885,
            0.06326877066441391,
            0.005280551828471842,
            0.018306083459704258,
            -0.020020112490219674,
            0.04119216220663112,
            0.02016400433211705
        ],
        [
            0.020143160825328084,
            0.008609285547532349,
            0.006912038978200102,
            -0.02230599354280351,
            0.0022567172928454077,
            -0.02861187862882502,
            -0.003727261660205097,
            0.007002519854856279,
            -0.0031661879941088395,
            -0.0019375745089016353,
            0.0031926629710192565,
            -0.003524472675555495,
            0.004511140366413258,
            0.014993958737274816,
            -0.006065774880540975,
            -0.0003815772008422543,
            -0.0018629662502445143,
            0.0019214644587752434,
            -0.0039276452218892696,
            -0.0019404579681098772
        ],
        [
            0.001272330919038702,
            0.08715562556047192,
            -0.09572451823039693,
            0.2989183647081014,
            -0.02861187862882502,
            0.5476055017360343,
            0.19660682055443376,
            -0.06255437715045127,
            -0.033981349560240855,
            0.028275336548056043,
            0.03939213601033379,
            0.11368408560752706,
            -0.07449123281171875,
            -0.2516107987492389,
            0.10101986718313792,
            0.023156224328443664,
            0.034137248686923104,
            -0.01797881034216964,
            0.01600905710318192,
            0.02148512779582967
        ],
        [
            0.16588840635973495,
            0.13769354863223532,
            -0.017290745918210063,
            0.049309709325406806,
            -0.003727261660205097,
            0.19660682055443376,
            0.13016022259576654,
            0.01337496923330049,
            -0.03595947241691315,
            0.0003978528885121725,
            0.09355958555232516,
            0.07786846249073263,
            -0.0212708764153697,
            -0.06337484817763585,
            0.027796810809626368,
            0.04152653274647608,
            0.0317856413511024,
            0.005986372333694544,
            -0.03214593713135399,
            -0.0026501522745960167
        ],
        [
            0.08541689020362524,
            0.04695442430653864,
            0.021563769075950777,
            -0.06794148935925484,
            0.007002519854856279,
            -0.06255437715045127,
            0.01337496923330049,
            0.03250033519644422,
            0.014579328381116263,
            -0.017101100674061096,
            0.07970312294614948,
            0.012872315685926288,
            0.018700032552386572,
            0.03533599855281549,
            -0.023982074995550863,
            0.0006508173173805154,
            0.001970169139545246,
            0.01799675943717625,
            -0.05443327350493775,
            -0.015276143461172651
        ],
        [
            -0.19815768330133043,
            -0.1287586475641877,
            -0.0001950135278718469,
            0.01981845535329673,
            -0.0031661879941088395,
            -0.033981349560240855,
            -0.03595947241691315,
            0.014579328381116263,
            0.20714204571908976,
            -0.056263557361991796,
            0.2533699259585455,
            0.04755162738953999,
            0.03570462845961897,
            -0.007389965492954058,
            -0.043393148645847465,
            -0.00807677862210768,
            0.03099976082852508,
            0.04968435598451314,
            -0.16562440637777617,
            -0.0395486357706493
        ],
        [
            0.009810531238380462,
            0.008343483523429509,
            -0.00818184890149191,
            0.02114026721051816,
            -0.0019375745089016353,
            0.028275336548056043,
            0.0003978528885121725,
            -0.017101100674061096,
            -0.056263557361991796,
            0.02098005498561837,
            -0.09654984090265657,
            -0.016189821885127336,
            -0.017039735703234044,
            -0.006554415738093985,
            0.020636189886634296,
            0.009429979818499119,
            -0.0037380307646100353,
            -0.02039633787826098,
            0.06681569306472243,
            0.016502835640601555
        ],
        [
            0.02496214692390154,
            0.027537748233584604,
            0.01673788044497438,
            -0.0330166582695032,
            0.0031926629710192565,
            0.03939213601033379,
            0.09355958555232516,
            0.07970312294614948,
            0.2533699259585455,
            -0.09654984090265657,
            0.5314910619660737,
            0.1622249172578825,
            0.049515822208459966,
            0.0038674631505861055,
            -0.062484765516224575,
            0.06442973770332669,
            0.09418793155607165,
            0.09317668481479228,
            -0.31017916161386866,
            -0.07393851322789026
        ],
        [
            0.03069487938733233,
            0.027223211428790473,
            -0.011370539838174772,
            0.03877127641409392,
