{
    "opt_E": -2.1548900100463437,
    "HF_E": -2.1254183604428607,
    "B3LYP_E": -2.1275452813142466,
    "sto-3G_E": -2.105316543892775,
    "proj": [
        [
            0.5188672973999197,
            0.3290761628125178,
            0.0036039161717472236,
            -0.1780891107608866,
            0.0024108502470658088,
            0.08225657368868676,
            0.17904782405108144,
            -0.003895892419835411,
            -0.24960936071455886,
            0.007513696763398023,
            0.05790456213308287,
            0.03732439646153943,
            -0.004753720722450663,
            0.03460609356750707,
            0.002532754586412259,
            0.0013704206885306817,
            -0.040030010200544947,
            0.002391880362491381,
            -0.028766846920264776,
            -0.002731838409125955
        ],
        [
            0.3290761628125178,
            0.21547806417570287,
            0.0019061217665339168,
            -0.08101002791704058,
            0.0009295607706875585,
            0.09731673135071613,
            0.12547769777232484,
            -0.0014585247132923311,
            -0.14807257433634494,
            0.003997236906392745,
            0.0473968480364688,
            0.024469235466434626,
            0.0025153821979854753,
            -0.019738672072937894,
            -0.0008387004264721908,
            -0.031817811953918675,
            -0.04435282402405868,
            0.002672984076642948,
            -0.02820183352192115,
            -0.0025197115649407405
        ],
        [
            0.0036039161717472236,
            0.0019061217665339168,
            7.028755471096075e-05,
            -0.0025977820810339854,
            3.1862760579553325e-05,
            -0.00195385673674116,
            -5.300349191860461e-05,
            0.00026125107942423726,
            -0.004288350277266254,
            -1.1609006301548059e-05,
            -0.003679879498114972,
            -0.0011363983819254017,
            -0.0002105093072320454,
            0.0016909110618962733,
            0.00015896688710231898,
            0.0013412810399512129,
            -8.975894682229478e-05,
            -0.00025536569880453596,
            0.002226982414226687,
            0.00019870039450436825
        ],
        [
            -0.1780891107608866,
            -0.08101002791704058,
            -0.0025977820810339854,
            0.32011008822403936,
            -0.006050373490271422,
            0.31541883056419384,
            0.018821320732632953,
            0.022964037231322516,
            0.06912525530096195,
            -0.01242828754524675,
            -0.045969090293493484,
            0.03752299724580656,
            0.03606595557136061,
            -0.2433485836550912,
            -0.00787075173702754,
            0.037731442339179785,
            0.04166137449558527,
            -0.00874074195514125,
            0.08129967721230494,
            0.008171873876748583
        ],
        [
            0.0024108502470658088,
            0.0009295607706875585,
            3.1862760579553325e-05,
            -0.006050373490271422,
            0.00012086175816003693,
            -0.006297728269749592,
            -0.0004631065648662909,
            -0.0005926021335970923,
            6.301029861434473e-05,
            0.00027373610333629336,
            0.0022976936250233295,
            -0.00030727310157584783,
            -0.0007364029835842173,
            0.0049235983501945855,
            0.0001335470382636199,
            -0.000843680446137589,
            -0.000561459747865689,
            0.0002666474353648272,
            -0.002434455838169146,
            -0.0002375674591273358
        ],
        [
            0.08225657368868676,
            0.09731673135071613,
            -0.00195385673674116,
            0.31541883056419384,
            -0.006297728269749592,
            0.4835336070243489,
            0.15352725636506803,
            0.020060514299399528,
            -0.009867489787706607,
            -0.009551280256971786,
            0.061307623327776714,
            0.10274063482763986,
            0.043906193461770986,
            -0.29729621014618124,
            -0.010121346640341387,
            0.04339916325980894,
            0.03962227393801152,
            -0.004497953004009546,
            0.03967811969550245,
            0.004530086603824114
        ],
        [
            0.17904782405108144,
            0.12547769777232484,
            -5.300349191860461e-05,
            0.018821320732632953,
            -0.0004631065648662909,
            0.15352725636506803,
            0.11161640981650572,
            -0.004860895782909993,
            -0.02649880283639823,
            0.0025278469462455934,
            0.12513225439823744,
            0.07449564880261793,
            0.006720598193974969,
            -0.04489117269864358,
            -0.00198254023879394,
            0.02663389237583066,
            0.022366792640282424,
            0.004901370193198413,
            -0.046641553861639644,
            -0.004127414037160296
        ],
        [
            -0.003895892419835411,
            -0.0014585247132923311,
            0.00026125107942423726,
            0.022964037231322516,
            -0.0005926021335970923,
            0.020060514299399528,
            -0.004860895782909993,
            0.00627741685633733,
            -0.02821175254883934,
            -0.0021661141132192064,
            -0.05045839723660924,
            -0.012096533441018343,
            0.003402887230706873,
            -0.021255723041997528,
            0.00014986999231630254,
            0.009250637171748574,
            -0.0010152781034259465,
            -0.003850849868287067,
            0.034621265249435804,
            0.003231353441465711
        ],
        [
            -0.24960936071455886,
            -0.14807257433634494,
            -0.004288350277266254,
            0.06912525530096195,
            6.301029861434473e-05,
            -0.009867489787706607,
            -0.02649880283639823,
            -0.02821175254883934,
            0.307744675107968,
            0.0053087742231293245,
            0.2801607562279007,
            0.07421430546734058,
            -0.002042539366965653,
            -0.0009208812146843487,
            -0.006569658752610972,
            -0.0674289240802718,
            0.024063578876051272,
            0.020528520868637993,
            -0.18033835763362233,
            -0.01649797282175912
        ],
        [
            0.007513696763398023,
            0.003997236906392745,
            -1.1609006301548059e-05,
            -0.01242828754524675,
            0.00027373610333629336,
            -0.009551280256971786,
            0.0025278469462455934,
            -0.0021661141132192064,
            0.0053087742231293245,
            0.0008568706384532621,
            0.015753294163225157,
            0.003437418305833826,
            -0.0015427017998246816,
            0.009991741524956032,
            0.00010393678650319313,
            -0.0026696076208574527,
            -0.00023117802503509364,
            0.0012407016521086029,
            -0.011252710003401058,
            -0.0010595044678881073
        ],
        [
            0.05790456213308287,
            0.0473968480364688,
            -0.003679879498114972,
            -0.045969090293493484,
            0.0022976936250233295,
            0.061307623327776714,
            0.12513225439823744,
            -0.05045839723660924,
            0.2801607562279007,
            0.015753294163225157,
            0.5313726745201437,
            0.1918089981257582,
            -0.011897935860235366,
            0.06954408185867944,
            -0.004820722554584575,
            -0.00676459906202468,
            0.07415726565662553,
            0.03353675105276466,
            -0.30223491750544246,
            -0.027853476739262636
        ],
        [
            0.03732439646153943,
