{
    "opt_E": -2.1960696527936503,
    "HF_E": -2.1657389703795613,
    "B3LYP_E": -2.167535374989179,
    "sto-3G_E": -2.146743988231673,
    "proj": [
        [
            0.5678109026228657,
            0.36151940215486317,
            0.016549012440705498,
            -0.17382459966345024,
            0.04183352205813273,
            -0.003370572995546491,
            0.1670678619268906,
            0.02106972463111983,
            -0.20961434079179544,
            0.07910732983555291,
            0.023009173498059653,
            0.029897399111025975,
            0.00033924105633132047,
            0.03798603829058043,
            0.008397000336550895,
            -0.000511672584752489,
            -0.026202485251099982,
            -0.0024002678700304754,
            -0.015011963186549761,
            0.006971353264105996
        ],
        [
            0.36151940215486317,
            0.2484866855053036,
            0.005738687896486968,
            -0.06010316521231847,
            0.012488765143529281,
            0.09334251323150862,
            0.14045147893261145,
            0.011841261124185013,
            -0.13059953983950565,
            0.04039758930106047,
            0.023569447279147997,
            0.028375286602418507,
            0.0017147959786097905,
            -0.03183113851176523,
            -0.00493652645788728,
            -0.03187359193043221,
            -0.032570993917270925,
            -0.0018857864259731278,
            -0.021575422618987233,
            0.0053442998196849955
        ],
        [
            0.016549012440705498,
            0.005738687896486968,
            0.002054707472207682,
            -0.021296375927033352,
            0.00588819993431248,
            -0.029620448819613777,
            -0.0049391220985272885,
            0.0006839325810804161,
            -0.002467665346757774,
            0.007041713499833807,
            0.005867182483924811,
            -0.0029614427578818843,
            -0.0015695745240299208,
            0.013027166185703636,
            0.006470614929554377,
            -0.0008583682069589591,
            -0.001279672993116816,
            -0.0009947461441396665,
            -0.005493125163886703,
            0.0026069588325921917
        ],
        [
            -0.17382459966345024,
            -0.06010316521231847,
            -0.021296375927033352,
            0.2213827230159344,
            -0.06094531237775237,
            0.30948156132826654,
            0.05404530239016808,
            -0.00786566840939363,
            0.03503689644510504,
            -0.07015370274505116,
            -0.042364928805211935,
            0.03597598070957407,
            0.015304260524796045,
            -0.13778616753653172,
            -0.06461190366668444,
            0.007817819015927817,
            0.01519385582307459,
            0.008898035814992572,
            0.04551977063417225,
            -0.02324299911186989
        ],
        [
            0.04183352205813273,
            0.012488765143529281,
            0.00588819993431248,
            -0.06094531237775237,
            0.016950516103883432,
            -0.08759821045016612,
            -0.016494193673827335,
            0.0016993987973193789,
            -0.003911190142485341,
            0.020139868974942073,
            0.018650413761217875,
            -0.008773803024497007,
            -0.004752054865903113,
            0.03784202508253194,
            0.01932445566577144,
            -0.002823942857482096,
            -0.0034277943979592394,
            -0.0030457357886837506,
            -0.017127824161032756,
            0.007978745366445725
        ],
        [
            -0.003370572995546491,
            0.09334251323150862,
            -0.029620448819613777,
            0.30948156132826654,
            -0.08759821045016612,
            0.5761403942446516,
            0.20686201818264843,
            -0.0053936187912950375,
            -0.01807815156438758,
            -0.07214950690162104,
            0.010401552143325199,
            0.10796784739566156,
            0.025081940165496194,
            -0.2372274580856239,
            -0.10575277738948598,
            0.020705780114891405,
            0.027473132395105945,
            0.009660505716370357,
            0.032678889739877745,
            -0.024409783806785535
        ],
        [
            0.1670678619268906,
            0.14045147893261145,
            -0.0049391220985272885,
            0.05404530239016808,
            -0.016494193673827335,
            0.20686201818264843,
            0.13733138490742106,
            0.0017475611514726436,
            -0.03248020724520302,
            0.01229667440338047,
            0.0931939817403075,
            0.08031810647157808,
            0.006600468307019634,
            -0.06545363926182057,
            -0.02859051799945467,
            0.03639795089993841,
            0.030717228467606578,
            -0.0023823321627361406,
            -0.03171494630186868,
            0.007318948478679587
        ],
        [
            0.02106972463111983,
            0.011841261124185013,
            0.0006839325810804161,
            -0.00786566840939363,
            0.0016993987973193789,
            -0.0053936187912950375,
            0.0017475611514726436,
            0.001564404278993886,
            -0.01680647312215011,
            -1.477296691666326e-05,
            -0.018188569653730006,
            -0.0037743792542969663,
            0.0011282060763014416,
            0.007003218664677626,
            -0.002410253694165723,
            0.004824537091858235,
            -0.0006301784020005332,
            0.0014758161953946963,
            0.01247752786925301,
            -0.0039043028198889095
        ],
        [
            -0.20961434079179544,
            -0.13059953983950565,
            -0.002467665346757774,
            0.03503689644510504,
            -0.003911190142485341,
            -0.01807815156438758,
            -0.03248020724520302,
            -0.01680647312215011,
            0.19747030619258304,
            0.02067981385960381,
            0.24492097714983513,
            0.052548088953920775,
            -0.015767307500863092,
            -0.028879752315018707,
            0.04111542887581831,
            -0.018453570109951117,
            0.03102605342462325,
            -0.01958969717263987,
            -0.15563043778113267,
            0.05207737724687604
        ],
        [
            0.07910732983555291,
            0.04039758930106047,
            0.007041713499833807,
            -0.07015370274505116,
            0.020139868974942073,
            -0.07214950690162104,
            0.01229667440338047,
            -1.477296691666326e-05,
            0.02067981385960381,
            0.038927321866285725,
            0.10407813194251112,
            0.020175589683724005,
            -0.00852021247787475,
            0.02928227628166196,
            0.029303313106871502,
            -0.0019779272087575807,
            0.006738434197537027,
            -0.009331529278562206,
            -0.06765092140860023,
            0.024895962465360875
        ],
        [
            0.023009173498059653,
            0.023569447279147997,
            0.005867182483924811,
            -0.042364928805211935,
            0.018650413761217875,
            0.010401552143325199,
            0.0931939817403075,
            -0.018188569653730006,
            0.24492097714983513,
            0.10407813194251112,
            0.5552573295498323,
            0.177445585728531,
            -0.025972290066848158,
            -0.010404934055800931,
            0.07125354465871989,
            0.05155337314855277,
            0.10324746925164466,
            -0.04028944120643309,
            -0.3157540699801801,
            0.10841343314146737
        ],
        [
            0.029897399111025975,
            0.028375286602418507,
            -0.0029614427578818843,
