{
    "opt_E": -2.180025272685006,
    "HF_E": -2.150131501232052,
    "B3LYP_E": -2.1522314293092326,
    "sto-3G_E": -2.135701343914628,
    "proj": [
        [
            0.5309269751741224,
            0.32391203222818093,
            -0.0037736292768514755,
            -0.18015631808625515,
            0.01226387651484546,
            0.06700196809005284,
            0.17916401510968694,
            0.004826833562529825,
            -0.2578358953954085,
            0.020971324813129282,
            0.057103161245930595,
            0.03350537251141884,
            0.00271216947525278,
            0.036243138372166514,
            0.0007696759824035853,
            -0.000550131829130976,
            -0.03626308816986008,
            0.0003041862789997379,
            -0.030694314497872816,
            -0.003111571700053918
        ],
        [
            0.32391203222818093,
            0.2092389092062489,
            -0.001984300561440666,
            -0.06144085134698879,
            0.003967744431672778,
            0.11103455283035932,
            0.12800716873628015,
            0.00040456900571785064,
            -0.1504131959409396,
            0.010970976334770071,
            0.03507096558077409,
            0.024007532971859463,
            -0.004831612750945629,
            -0.030885239749275026,
            0.0007786761242792712,
            -0.026408626986704906,
            -0.03808150217759885,
            -1.6230863216548943e-05,
            -0.01872646238600334,
            -0.0016376675866398675
        ],
        [
            -0.0037736292768514755,
            -0.001984300561440666,
            4.0056731428122615e-05,
            0.0024234956518806037,
            -0.00016829914144989174,
            0.0014150146329506444,
            -0.0004983667749916575,
            3.384000112722356e-05,
            0.0028546834873082274,
            -0.0002077106570857354,
            0.0011770728867591125,
            0.0003399466764625975,
            -0.00013397261537277072,
            -0.0015940581094922844,
            -5.649363669594554e-05,
            -0.0009613109786078101,
            -7.201024496862119e-05,
            -3.675391964068784e-05,
            -0.0007313480632716826,
            -5.3395301347794143e-05
        ],
        [
            -0.18015631808625515,
            -0.06144085134698879,
            0.0024234956518806037,
            0.3068690578205454,
            -0.021873823360558868,
            0.32448271847292787,
            0.02823102017215596,
            -0.019125409200550236,
            0.08335717490304834,
            -0.015348542810819824,
            -0.0623682403546774,
            0.03846682449143887,
            -0.033863011597290084,
            -0.21549281905834203,
            0.009325591245397263,
            0.03665440316053276,
            0.032748024747309534,
            0.001564242914063522,
            0.08259524219107336,
            0.008264577773176773
        ],
        [
            0.01226387651484546,
            0.003967744431672778,
            -0.00016829914144989174,
            -0.021873823360558868,
            0.001561430071842156,
            -0.023379704454332986,
            -0.002110820885689122,
            0.0014256833419679302,
            -0.005332938259113994,
            0.0010732010456817494,
            0.005134838926466722,
            -0.002393435324787223,
            0.0024589493873938676,
            0.01572064305293318,
            -0.0006716818475148688,
            -0.002103021505767137,
            -0.0018392369692142372,
            -0.00011857588994338584,
            -0.006143028928298378,
            -0.0006127772815982638
        ],
        [
            0.06700196809005284,
            0.11103455283035932,
            0.0014150146329506444,
            0.32448271847292787,
            -0.023379704454332986,
            0.511156134593001,
            0.16585444104854435,
            -0.01756201005490553,
            0.004995322958014103,
            -0.009756406429498375,
            0.027807630343642437,
            0.10302853050072068,
            -0.04416675555716168,
            -0.2829792500114897,
            0.011043341505857398,
            0.04352640065138111,
            0.03326074014655934,
            0.0009743946411853756,
            0.05205852937743395,
            0.0058117728466650425
        ],
        [
            0.17916401510968694,
            0.12800716873628015,
            -0.0004983667749916575,
            0.02823102017215596,
            -0.002110820885689122,
            0.16585444104854435,
            0.11878082487646154,
            0.0047249221470720155,
            -0.027097094500717473,
            0.0030465430708203497,
            0.12284052792532622,
            0.07737805176692014,
            -0.00789134159324527,
            -0.05312248719308458,
            0.0008282121574038602,
            0.023862273042346133,
            0.022790745598501517,
            -0.0011109100194162417,
            -0.045219391466880525,
            -0.0037606344175988697
        ],
        [
            0.004826833562529825,
            0.00040456900571785064,
            3.384000112722356e-05,
            -0.019125409200550236,
            0.0014256833419679302,
            -0.01756201005490553,
            0.0047249221470720155,
            0.00482277645260056,
            0.021402432892596118,
            0.00035953528327001163,
            0.04754546131268363,
            0.012069137924426961,
            0.003469698317545534,
            0.014506628137667897,
            -0.002084435421736673,
            -0.006991653099963984,
            0.0029862724161444413,
            -0.0008846345819560952,
            -0.030337893357855472,
            -0.002695457984179188
        ],
        [
            -0.2578358953954085,
            -0.1504131959409396,
            0.0028546834873082274,
            0.08335717490304834,
            -0.005332938259113994,
            0.004995322958014103,
            -0.027097094500717473,
            0.021402432892596118,
            0.2824283359102387,
            -0.012897087098722419,
            0.2623587509080957,
            0.07516272795135912,
            0.006292434434464019,
            -0.02779963725074904,
            -0.011000048941118884,
            -0.05885445279247701,
            0.0295327804488368,
            -0.0055809777606062785,
            -0.15883070947151234,
            -0.013458858853154254
        ],
        [
            0.020971324813129282,
            0.010970976334770071,
            -0.0002077106570857354,
            -0.015348542810819824,
            0.0010732010456817494,
            -0.009756406429498375,
            0.0030465430708203497,
            0.00035953528327001163,
            -0.012897087098722419,
            0.001158001745181657,
            -0.001360215567374247,
            -0.0016377542792174076,
            0.0010945904203113134,
            0.008920225116499939,
            -6.299664118115952e-05,
            0.0008959404242269384,
            -0.0016096542941410868,
            6.364423114735942e-05,
            -0.00029543319361041416,
            -7.963731315438823e-05
        ],
        [
            0.057103161245930595,
            0.03507096558077409,
            0.0011770728867591125,
            -0.0623682403546774,
            0.005134838926466722,
            0.027807630343642437,
            0.12284052792532622,
            0.04754546131268363,
            0.2623587509080957,
            -0.001360215567374247,
            0.5642773846505407,
            0.19982096064104968,
            0.020132973654402968,
            0.05415008838028292,
            -0.017394586519729763,
            -0.015477575944393727,
            0.08196917694921138,
            -0.00934944236916866,
            -0.3148492826570716,
            -0.027531599886999332
        ],
        [
            0.03350537251141884,
