{
    "opt_E": -2.175689156926367,
    "HF_E": -2.145803886870013,
    "B3LYP_E": -2.147960222218356,
    "sto-3G_E": -2.1294061078357043,
    "proj": [
        [
            0.5902443523124155,
            0.37948459335717627,
            -0.018359762659742086,
            -0.17047028408240328,
            0.036645452856045625,
            -0.04070601344466063,
            0.158557494668475,
            -0.023451102367819103,
            -0.173223670597944,
            0.036779606451035264,
            0.04052960141726514,
            0.021184771290143036,
            0.005143295192353887,
            0.06206658732519106,
            -0.014443794925084604,
            0.0020022461499117207,
            -0.02443425429022407,
            0.005611755754524376,
            -0.039661407439828066,
            -0.004046995235609398
        ],
        [
            0.37948459335717627,
            0.267862241327248,
            -0.0060324555403637,
            -0.057039691508619775,
            0.012312822978181322,
            0.08045861103487287,
            0.14365609810749194,
            -0.013596565255421068,
            -0.12180927688548997,
            0.025074492857870615,
            0.02732756390297761,
            0.022791674631955354,
            0.0014297544642629723,
            -0.03174995717850866,
            0.003016182669756339,
            -0.03506689118673133,
            -0.036075822221282666,
            0.0032541169969602262,
            -0.032725299459893574,
            -0.0014417739407029196
        ],
        [
            -0.018359762659742086,
            -0.0060324555403637,
            0.002353735724135334,
            0.02143463123238169,
            -0.004572645891538346,
            0.03245142206654224,
            0.0065660259330989545,
            0.0008692959971134043,
            -0.0027201667577209025,
            0.0004008081675819916,
            -0.006336394830451012,
            0.004294709964140449,
            -0.0019687014994719224,
            -0.014479262380123635,
            0.005123000688434097,
            0.0021390986792292044,
            0.0016889348715184939,
            -0.0012670694951268425,
            0.009038876366112671,
            0.0008655814905856167
        ],
        [
            -0.17047028408240328,
            -0.057039691508619775,
            0.02143463123238169,
            0.1953920971223492,
            -0.04167192914952816,
            0.2961778209552599,
            0.06041431935215139,
            0.008279898828539663,
            -0.018412034327320474,
            0.0022695929228605345,
            -0.04854391442851135,
            0.041985006050287356,
            -0.01749685751232539,
            -0.1325971085148166,
            0.046060179678932396,
            0.021264059164080886,
            0.017671445262327615,
            -0.01092434547300031,
            0.07648979496853747,
            0.007555784734557849
        ],
        [
            0.036645452856045625,
            0.012312822978181322,
            -0.004572645891538346,
            -0.04167192914952816,
            0.008890400917134144,
            -0.06290825567284304,
            -0.012597894967310046,
            -0.0017691102057334877,
            0.004063662737128648,
            -0.0005142731806905274,
            0.011046039550334038,
            -0.008415130283036523,
            0.0036897997849197725,
            0.028729812117213614,
            -0.009801625449456492,
            -0.0034618137055488158,
            -0.003071224946395069,
            0.00233270792849295,
            -0.016307672398505633,
            -0.0016213095392638224
        ],
        [
            -0.04070601344466063,
            0.08045861103487287,
            0.03245142206654224,
            0.2961778209552599,
            -0.06290825567284304,
            0.5774122347830207,
            0.21824462408790796,
            0.007361365292161009,
            -0.06405959049644133,
            0.009946191381575709,
            0.026274137380204503,
            0.12363756298209123,
            -0.026380622247060306,
            -0.2469515405681636,
            0.07687529875523655,
            0.048980802735352796,
            0.03818404471052709,
            -0.011322233161738356,
            0.06019031617845594,
            0.009048361651548322
        ],
        [
            0.158557494668475,
            0.14365609810749194,
            0.0065660259330989545,
            0.06041431935215139,
            -0.012597894967310046,
            0.21824462408790796,
            0.14403798885018715,
            -0.002307804043102847,
            -0.03601728953522222,
            0.005989328049363524,
            0.09312484953855713,
            0.07815488979385321,
            -0.005554419488986192,
            -0.08027633362880854,
            0.02099155264279751,
            0.0358344265175484,
            0.025479911676055098,
            0.00197124599254955,
            -0.03254439932501077,
            -0.0002397563031201946
        ],
        [
            -0.023451102367819103,
            -0.013596565255421068,
            0.0008692959971134043,
            0.008279898828539663,
            -0.0017691102057334877,
            0.007361365292161009,
            -0.002307804043102847,
            0.0013532562618231271,
            0.013999141328330748,
            -0.00306017854841959,
            0.010871487293079001,
            0.002557102988263007,
            0.0005627180497247695,
            -0.008574632177678352,
            0.00011448048467797245,
            -0.0029928384279254068,
            0.0007686166980130956,
            0.0007690469868434363,
            -0.008396293875360304,
            -0.00029425580509940516
        ],
        [
            -0.173223670597944,
            -0.12180927688548997,
            -0.0027201667577209025,
            -0.018412034327320474,
            0.004063662737128648,
            -0.06405959049644133,
            -0.03601728953522222,
            0.013999141328330748,
            0.23907201907949507,
            -0.051310641127019566,
            0.27441251236264624,
            0.04789043027727161,
            0.021542355694926196,
            -0.032902813573895205,
            -0.03157266565978494,
            -0.01974523994981032,
            0.02892446917939851,
            0.023008105759311222,
            -0.21550538419303275,
            -0.011934584872075564
        ],
        [
            0.036779606451035264,
            0.025074492857870615,
            0.0004008081675819916,
            0.0022695929228605345,
            -0.0005142731806905274,
            0.009946191381575709,
            0.005989328049363524,
            -0.00306017854841959,
            -0.051310641127019566,
            0.011042457670803894,
            -0.05990842813959026,
            -0.011030502968276552,
            -0.004578607657804509,
            0.009369591055063077,
            0.006398086570596085,
            0.0049549808007806236,
            -0.0059142984630124774,
            -0.004976754105059002,
            0.04696100954549647,
            0.002552490375937518
        ],
        [
            0.04052960141726514,
            0.02732756390297761,
            -0.006336394830451012,
            -0.04854391442851135,
            0.011046039550334038,
            0.026274137380204503,
            0.09312484953855713,
            0.010871487293079001,
            0.27441251236264624,
            -0.05990842813959026,
            0.5020943506835936,
            0.1617647362535786,
            0.0245650906508211,
            -0.01975073522197123,
            -0.035989574779211386,
            0.09556447853392537,
            0.11299863153044121,
            0.034616106747433525,
            -0.3237397966120528,
            -0.01875855409311341
        ],
        [
            0.021184771290143036,
            0.022791674631955354,
            0.004294709964140449,
