{
    "opt_E": -2.1836653625475053,
    "HF_E": -2.152195868124551,
    "B3LYP_E": -2.154911896683189,
    "sto-3G_E": -2.1350325018201413,
    "proj": [
        [
            0.5987148694179293,
            0.3837645270957947,
            0.0436833387278732,
            -0.15359592937842484,
            -0.03308424679326764,
            -0.043357669072654766,
            0.15379224396632282,
            0.07403679270083263,
            -0.1564849374645347,
            -0.05019365552330329,
            0.0345838768497593,
            0.01953074048749336,
            0.0011198719837265498,
            0.07202864793048899,
            0.0017259126105659678,
            -0.0023955256589092266,
            -0.02547122023096253,
            -0.0007079771734963591,
            -0.030582084062255942,
            0.002276858136078093
        ],
        [
            0.3837645270957947,
            0.26975353662454776,
            0.0128831556879515,
            -0.05049616713650077,
            -0.01010072606982081,
            0.07949719898751861,
            0.14136815147381668,
            0.03982100409114128,
            -0.11522914524491924,
            -0.02830947947891228,
            0.023839204943778045,
            0.023168832250225715,
            -0.0019978850088321377,
            -0.026194381659655583,
            -0.00013548009913099662,
            -0.0341926953060248,
            -0.0381817337180538,
            -5.4095000342599345e-05,
            -0.02236464807792194,
            0.001188761488256109
        ],
        [
            0.0436833387278732,
            0.0128831556879515,
            0.0152077759802347,
            -0.04856422098786138,
            -0.011176731450733545,
            -0.08341102210165985,
            -0.018825242211324002,
            0.011174693654075042,
            0.012327855432028054,
            -0.005953701045144422,
            0.015485634084246018,
            -0.011917226847659293,
            0.0012239743133312699,
            0.042365498610696224,
            0.0034559589874354965,
            -0.009956260479689283,
            -0.004413648905949813,
            -0.0013041202695021575,
            -0.021905073641627464,
            0.002135265195460268
        ],
        [
            -0.15359592937842484,
            -0.05049616713650077,
            -0.04856422098786138,
            0.1558588732163012,
            0.035739335742604426,
            0.26368763861366556,
            0.05693977420381673,
            -0.036764132181642074,
            -0.026385788995158487,
            0.020301836394199267,
            -0.037199115105080685,
            0.03915583110305596,
            -0.004191909071983964,
            -0.1380299605801495,
            -0.010068804588235516,
            0.025970310893941563,
            0.013103917817315095,
            0.003720931143268319,
            0.05977314184047748,
            -0.005935026125562242
        ],
        [
            -0.03308424679326764,
            -0.01010072606982081,
            -0.011176731450733545,
            0.035739335742604426,
            0.008217747523656347,
            0.06102263401932727,
            0.013508496570693957,
            -0.008304566385663289,
            -0.008365680000707976,
            0.0044624496241314334,
            -0.010980905417381023,
            0.00856390868026187,
            -0.0009182069449191228,
            -0.03148780322717363,
            -0.0024691542972044866,
            0.006483258306029177,
            0.002845308077284542,
            0.000930259594414737,
            0.015513039546804698,
            -0.001519485936095957
        ],
        [
            -0.043357669072654766,
            0.07949719898751861,
            -0.08341102210165985,
            0.26368763861366556,
            0.06102263401932727,
            0.5698382350666876,
            0.22010629929002185,
            -0.04142676915171392,
            -0.07659476723051319,
            0.0214783219737535,
            0.03461211918639353,
            0.12708580392967028,
            -0.010532504891764329,
            -0.274767795082847,
            -0.016976447051127122,
            0.05549497729277411,
            0.03067661310448847,
            0.00548836587304204,
            0.053670974157782485,
            -0.006545456589371762
        ],
        [
            0.15379224396632282,
            0.14136815147381668,
            -0.018825242211324002,
            0.05693977420381673,
            0.013508496570693957,
            0.22010629929002185,
            0.14544255295215622,
            0.007369678784010901,
            -0.029838592656106878,
            -0.004818734707673017,
            0.10167767001883632,
            0.0827606876727174,
            -0.005101065019889735,
            -0.08784499154799388,
            -0.003249940869318409,
            0.030138662606036707,
            0.021863808298864106,
            0.0002710548152930319,
            -0.03356622743492557,
            0.002051436661106377
        ],
        [
            0.07403679270083263,
            0.03982100409114128,
            0.011174693654075042,
            -0.036764132181642074,
            -0.008304566385663289,
            -0.04142676915171392,
            0.007369678784010901,
            0.012351850643066308,
            -0.0024184820578046677,
            -0.007221663037622919,
            0.022285892250011284,
            0.0028062152064342763,
            0.0006404192533061908,
            0.030425590641815946,
            0.0017704365779571893,
            0.005210622651651994,
            0.003611459060102145,
            -0.0007753307709799332,
            -0.01676815863209612,
            0.0015585377305170995
        ],
        [
            -0.1564849374645347,
            -0.11522914524491924,
            0.012327855432028054,
            -0.026385788995158487,
            -0.008365680000707976,
            -0.07659476723051319,
            -0.029838592656106878,
            -0.0024184820578046677,
            0.24873224534964092,
            0.014450077964559811,
            0.2974450158570144,
            0.056655890599948536,
            -0.004561243698165221,
            0.0021892029483960708,
            0.01861077684221012,
            -0.04667589188179208,
            0.02508357584531574,
            -0.0090230986115224,
            -0.21426807591028613,
            0.01881128243647368
        ],
        [
            -0.05019365552330329,
            -0.02830947947891228,
            -0.005953701045144422,
            0.020301836394199267,
            0.0044624496241314334,
            0.0214783219737535,
            -0.004818734707673017,
            -0.007221663037622919,
            0.014450077964559811,
            0.004915035969494015,
            0.0038006737917934954,
            0.0022531714128058568,
            -0.0006367172843892983,
            -0.017725895854462798,
            -9.270130721197661e-05,
            -0.004460758649293515,
            -6.574401830391664e-05,
            -1.8561608349960177e-05,
            -0.0017240950570197046,
            9.806899010443985e-05
        ],
        [
            0.0345838768497593,
            0.023839204943778045,
            0.015485634084246018,
            -0.037199115105080685,
            -0.010980905417381023,
            0.03461211918639353,
            0.10167767001883632,
            0.022285892250011284,
            0.2974450158570144,
            0.0038006737917934954,
            0.5256707379791961,
            0.17491142197813225,
            -0.00847400787864488,
            0.0029745917380387186,
            0.021185706827354343,
            0.04224612424018254,
            0.1022026202062426,
            -0.011822835528064974,
            -0.31790244956568425,
            0.027498300569411487
        ],
        [
            0.01953074048749336,
            0.023168832250225715,
            -0.011917226847659293,
