{
    "opt_E": -2.1515544533596995,
    "HF_E": -2.1215817497255207,
    "B3LYP_E": -2.123321329435673,
    "sto-3G_E": -2.101974449699859,
    "proj": [
        [
            0.5618973859920062,
            0.36886453562031746,
            -0.03481006114658691,
            -0.17805420742082084,
            0.0009352018955820683,
            0.007131646319420115,
            0.16931720544508502,
            -0.06267705388881606,
            -0.19040832607408667,
            0.00597976221747387,
            0.04061232377175852,
            0.027405698679383764,
            -0.002780532704858637,
            0.0605198579034341,
            0.003256576630736677,
            0.0013693618448076446,
            -0.03207442745348701,
            -0.0018007913392222672,
            -0.03364546591114539,
            -0.0023973362110952944
        ],
        [
            0.36886453562031746,
            0.257005776827597,
            -0.014218615213918179,
            -0.07635207365291082,
            0.00023368308311268432,
            0.07683776338807506,
            0.13661322198871045,
            -0.035693723386597674,
            -0.12219541987598882,
            0.0028122787228594213,
            0.04076836474535918,
            0.02244545177540057,
            0.0010238291574676728,
            -0.025407639158886376,
            -0.0017203429569541302,
            -0.03925220353316144,
            -0.04393309371211044,
            -0.001184707089579833,
            -0.042231539936724384,
            -0.002973355032097591
        ],
        [
            -0.03481006114658691,
            -0.014218615213918179,
            0.011531705002629738,
            0.05230969439403087,
            -0.0005343545550393744,
            0.06707165622593485,
            0.010645323731647243,
            0.01045039985800316,
            -0.008734867414358796,
            -0.002456169085889262,
            -0.012213989968890445,
            0.011004593205457035,
            0.003842487296763993,
            -0.03916991424316439,
            -0.0014666515614696442,
            0.008531093124891226,
            0.007721670777738302,
            0.00016640177221797692,
            0.022083905793652416,
            0.001772938691623171
        ],
        [
            -0.17805420742082084,
            -0.07635207365291082,
            0.05230969439403087,
            0.23941506624128311,
            -0.0023581991829497253,
            0.3014254805511656,
            0.04421970708965624,
            0.04799124161577273,
            -0.015964881987225673,
            -0.010460906345489717,
            -0.03594122890024217,
            0.04982034184705528,
            0.016852854432726865,
            -0.18471169100063634,
            -0.007487039141152267,
            0.027268739566336346,
            0.030744566574197135,
            0.000717713938162491,
            0.07985501915879807,
            0.006484107393188407
        ],
        [
            0.0009352018955820683,
            0.00023368308311268432,
            -0.0005343545550393744,
            -0.0023581991829497253,
            2.691676538444557e-05,
            -0.0032087537019153756,
            -0.0006225272774872361,
            -0.0004688682898736099,
            0.0011894710609198572,
            0.00013738194571331412,
            0.0012632722878624918,
            -0.0004247467304153142,
            -0.00019538135474718422,
            0.0017296356995338416,
            5.1339565706417024e-05,
            -0.0005106617419055319,
            -0.00032883435829211426,
            -9.630045729358279e-06,
            -0.0016152228851701587,
            -0.00012782028803846258
        ],
        [
            0.007131646319420115,
            0.07683776338807506,
            0.06707165622593485,
            0.3014254805511656,
            -0.0032087537019153756,
            0.5248125400784275,
            0.18581555881827908,
            0.040697083351949034,
            -0.06531476278380344,
            -0.010975950862820816,
            0.061364244446979806,
            0.1266750027544074,
            0.025675026928827015,
            -0.2813672042610311,
            -0.012112444906368484,
            0.05614216245887616,
            0.04891514526101302,
            -0.0003559204735226148,
            0.04630940408467486,
            0.00426352686257289
        ],
        [
            0.16931720544508502,
            0.13661322198871045,
            0.010645323731647243,
            0.04421970708965624,
            -0.0006225272774872361,
            0.18581555881827908,
            0.12543679593917922,
            -0.009271549813999332,
            -0.03413417335807986,
            0.00045045224841573905,
            0.10249365976837208,
            0.07346836326975253,
            0.007019431683371923,
            -0.07099425707221886,
            -0.0034072136841886954,
            0.03820803416707593,
            0.024891196772932916,
            -0.0010810897041934411,
            -0.037842079672791455,
            -0.0026196255166703437
        ],
        [
            -0.06267705388881606,
            -0.035693723386597674,
            0.01045039985800316,
            0.04799124161577273,
            -0.0004688682898736099,
            0.040697083351949034,
            -0.009271549813999332,
            0.012656074372301379,
            -0.0059978106583518055,
            -0.0027719072926803753,
            -0.03327374012369037,
            -0.0028237846963473077,
            0.0029174190735279364,
            -0.03284610073028323,
            -0.001190846570802506,
            -0.0030014870596511514,
            3.66048468142798e-05,
            0.0003773683454261152,
            0.029606734677911927,
            0.0023149616871121314
        ],
        [
            -0.19040832607408667,
            -0.12219541987598882,
            -0.008734867414358796,
            -0.015964881987225673,
            0.0011894710609198572,
            -0.06531476278380344,
            -0.03413417335807986,
            -0.0059978106583518055,
            0.29676556681515903,
            0.011303960133291071,
            0.29633481798523414,
            0.04089816110988356,
            -0.008657762363247633,
            -0.0007523650243687008,
            -0.004908071562957023,
            -0.029027869875810006,
            0.01818160261022859,
            -0.0011243844705648273,
            -0.24588480321012843,
            -0.018995415602456597
        ],
        [
            0.00597976221747387,
            0.0028122787228594213,
            -0.002456169085889262,
            -0.010460906345489717,
            0.00013738194571331412,
            -0.010975950862820816,
            0.00045045224841573905,
            -0.0027719072926803753,
            0.011303960133291071,
            0.0009475193470245328,
            0.016599879014187326,
            0.0018868201990487683,
            -0.0009026692197721297,
            0.007042491177330406,
            9.995260514665481e-05,
            -0.0001309334433277997,
            0.0007558132822460377,
            -0.00011325855784762598,
            -0.014141720241963756,
            -0.0010993001884398435
        ],
        [
            0.04061232377175852,
            0.04076836474535918,
            -0.012213989968890445,
            -0.03594122890024217,
            0.0012632722878624918,
            0.061364244446979806,
            0.10249365976837208,
            -0.03327374012369037,
            0.29633481798523414,
            0.016599879014187326,
            0.4832982824812085,
            0.14782855074164772,
            -0.005577582038703634,
            0.013181871934317113,
            -0.004008501003872097,
            0.08778803491649965,
            0.09475833817648702,
            -0.0029955522168142895,
            -0.31957711098333097,
            -0.024513983531766134
        ],
        [
            0.027405698679383764,
