{
    "opt_E": -2.17591126897997,
    "HF_E": -2.145542171360463,
    "B3LYP_E": -2.147273211330728,
    "sto-3G_E": -2.1307585663050737,
    "proj": [
        [
            0.5369854887242139,
            0.3407166065697313,
            0.027026092985090858,
            -0.18077645232343992,
            -0.0007419041729693395,
            0.0481294124009121,
            0.17879035454385095,
            0.04603341805768309,
            -0.23396074131534303,
            -0.013907464064983022,
            0.05226629921175644,
            0.03137699440397883,
            -0.003152894752557525,
            0.042091640071288725,
            -0.0012922344346817788,
            -0.0005741002182728213,
            -0.03599690826864627,
            0.0047480799743348755,
            -0.030784168393360897,
            -0.005891866607194794
        ],
        [
            0.3407166065697313,
            0.22719908769029523,
            0.010183154917819653,
            -0.07197298141546911,
            0.00034080110249828927,
            0.09652138952652656,
            0.13248802466459714,
            0.026082927920367694,
            -0.14259798917163766,
            -0.006653377606663279,
            0.039641989952226744,
            0.023740855016653153,
            0.0005622842985476997,
            -0.026263912007335452,
            0.002668547643744795,
            -0.03185673017993078,
            -0.040709654412277266,
            0.0037433775251441985,
            -0.027294322202013263,
            -0.004029757449040554
        ],
        [
            0.027026092985090858,
            0.010183154917819653,
            0.007547177771398834,
            -0.046494643448260764,
            -0.000887982995243728,
            -0.053037721015203945,
            -0.0056774717897125826,
            0.004590158093305698,
            -0.0059102476147957755,
            -0.00386609968440847,
            0.009795238818889804,
            -0.007336898954528596,
            -0.00016840330210014836,
            0.03351281688825894,
            -0.006260857416965309,
            -0.005738778105238633,
            -0.005566500370925773,
            0.001777038630359031,
            -0.013914762469313191,
            -0.002140080882388513
        ],
        [
            -0.18077645232343992,
            -0.07197298141546911,
            -0.046494643448260764,
            0.287075704935551,
            0.005359976574913432,
            0.3205930028101435,
            0.030168826140317153,
            -0.0293771794201263,
            0.04838274073083164,
            0.023162978209276677,
            -0.05299106337620025,
            0.04442150027676016,
            0.0016029687333909126,
            -0.20657380300595574,
            0.03704231673305568,
            0.02940425134213167,
            0.03256116691860618,
            -0.010131412133158043,
            0.07856804987955117,
            0.012364439324368433
        ],
        [
            -0.0007419041729693395,
            0.00034080110249828927,
            -0.000887982995243728,
            0.005359976574913432,
            0.00012479897843647108,
            0.0073584440754919465,
            0.0016057952775958397,
            -0.00034898433477561954,
            -0.0011660175539452418,
            0.0005347214135624865,
            -0.0019393533838925894,
            0.001369341045873468,
            -0.00011067706951568979,
            -0.003599903809165133,
            0.0010203870487327212,
            0.0024356579538786696,
            0.0014918567074821017,
            -0.00034294244876838286,
            0.0028346401782473997,
            0.0003828687815066379
        ],
        [
            0.0481294124009121,
            0.09652138952652656,
            -0.053037721015203945,
            0.3205930028101435,
            0.0073584440754919465,
            0.5191640558866263,
            0.16858004654850253,
            -0.017305744883695524,
            -0.018652932037021074,
            0.01958479763111789,
            0.03601365448623453,
            0.11255775997793409,
            0.0022681927147954555,
            -0.2837545762083972,
            0.04916796123152335,
            0.04411092391575001,
            0.03956117790367501,
            -0.006278271724689486,
            0.048686718505991246,
            0.008745512268159871
        ],
        [
            0.17879035454385095,
            0.13248802466459714,
            -0.0056774717897125826,
            0.030168826140317153,
            0.0016057952775958397,
            0.16858004654850253,
            0.12040331831390219,
            0.008927841822782596,
            -0.02769826863773005,
            -0.0061575149514530815,
            0.11689880271473914,
            0.07530988795733722,
            0.0004862171504896722,
            -0.056466269820431125,
            0.008375540005955874,
            0.03002726503984876,
            0.024133306368250496,
            0.005620412699567467,
            -0.044675800029855293,
            -0.005565029746481993
        ],
        [
            0.04603341805768309,
            0.026082927920367694,
            0.004590158093305698,
            -0.0293771794201263,
            -0.00034898433477561954,
            -0.017305744883695524,
            0.008927841822782596,
            0.004895364389538298,
            -0.02137581227968399,
            -0.0019237202459512813,
            0.0020925811526393496,
            -0.0006050183996301108,
            -0.0007169689495217065,
            0.01787105113122599,
            -0.001693522005126611,
            0.003531709286891573,
            -0.0015609965627128523,
            0.00040057871372286934,
            -0.002240200886918782,
            -0.0006194716985980839
        ],
        [
            -0.23396074131534303,
            -0.14259798917163766,
            -0.0059102476147957755,
            0.04838274073083164,
            -0.0011660175539452418,
            -0.018652932037021074,
            -0.02769826863773005,
            -0.02137581227968399,
            0.27849725102769224,
            -0.020275858791587352,
            0.2775203716797476,
            0.06316644085441049,
            0.01021041138203081,
            -0.01714952103360416,
            -0.026013162366950254,
            -0.04837382739239151,
            0.02637107072297991,
            0.02195955584060068,
            -0.18817909829137663,
            -0.022197306390281935
        ],
        [
            -0.013907464064983022,
            -0.006653377606663279,
            -0.00386609968440847,
            0.023162978209276677,
            0.0005347214135624865,
            0.01958479763111789,
            -0.0061575149514530815,
            -0.0019237202459512813,
            -0.020275858791587352,
            0.005205686789555765,
            -0.045990095481954006,
            -0.009562142164039122,
            -0.0008631678659922011,
            -0.01535433619713848,
            0.005762287973115045,
            0.0041438834240893705,
            -0.0022099202332874638,
            -0.003879466484860315,
            0.03197424966471477,
            0.004143603174492396
        ],
        [
            0.05226629921175644,
            0.039641989952226744,
            0.009795238818889804,
            -0.05299106337620025,
            -0.0019393533838925894,
            0.03601365448623453,
            0.11689880271473914,
            0.0020925811526393496,
            0.2775203716797476,
            -0.045990095481954006,
            0.5376913114088374,
            0.17649677535898323,
            0.009120618120892852,
            0.038232863305816975,
            -0.03687622760908933,
            0.023866992721801098,
            0.08625523994314532,
            0.03851684749400752,
            -0.31954538065751575,
            -0.040133654253018486
        ],
        [
            0.03137699440397883,
            0.023740855016653153,
