{
    "opt_E": -2.1764716433038354,
    "HF_E": -2.1448835884022674,
    "B3LYP_E": -2.147918729333422,
    "sto-3G_E": -2.1254963351944216,
    "proj": [
        [
            0.5877192715069396,
            0.38008347863926306,
            -0.03916398487442255,
            -0.16026869084686388,
            0.026372635849102852,
            -0.02291358925502029,
            0.15908425374875623,
            -0.06982983500758375,
            -0.16918793731614926,
            0.03731747262101941,
            0.03799167969407187,
            0.023907222153969912,
            -0.0031187233438281794,
            0.07443856125178863,
            -0.0031409232094576794,
            -0.0022568573742406096,
            -0.028479035316889882,
            0.004747123057574053,
            -0.02792853855786346,
            -0.002449514881628808
        ],
        [
            0.38008347863926306,
            0.2647225378850211,
            -0.012721930325117757,
            -0.058566894891790615,
            0.009112251594805115,
            0.0775971776005243,
            0.13727040131320614,
            -0.03798585820649877,
            -0.12056026726109818,
            0.02231754037615293,
            0.02906006302413382,
            0.022715944692689935,
            0.0025165857386230447,
            -0.02010438546060036,
            0.0007167841298417525,
            -0.034806832466448445,
            -0.04124778065070863,
            0.0029986899127650082,
            -0.021688030364909586,
            -0.0014316580069585862
        ],
        [
            -0.03916398487442255,
            -0.012721930325117757,
            0.013381229459251564,
            0.04848697942052974,
            -0.008449438126202762,
            0.07568030439854068,
            0.015255486300841739,
            0.010670787917446703,
            -0.010554383859645907,
            -0.0029985416226836147,
            -0.01310244653992423,
            0.009276696345429833,
            0.0002621406896085362,
            -0.04636307559621354,
            0.004993556169894703,
            0.009587544489854945,
            0.004192090002897044,
            -0.0036866827081152697,
            0.018186442131781066,
            0.001879681011146061
        ],
        [
            -0.16026869084686388,
            -0.058566894891790615,
            0.04848697942052974,
            0.17688244954433724,
            -0.030721384047517404,
            0.27048851672280844,
            0.05110928049824897,
            0.03978848564592668,
            -0.02132146458075882,
            -0.012601886421886829,
            -0.032343356828694166,
            0.03634155625719291,
            0.0020595739176872403,
            -0.16777880081203447,
            0.016849919358586502,
            0.03007543030043313,
            0.01590715862322358,
            -0.011492243645244102,
            0.05552289963404133,
            0.005853972667631947
        ],
        [
            0.026372635849102852,
            0.009112251594805115,
            -0.008449438126202762,
            -0.030721384047517404,
            0.005345126938339979,
            -0.04741979701285815,
            -0.009211354090662762,
            -0.0068513201362526074,
            0.005205897341330173,
            0.0020483230609204643,
            0.007112832888967414,
            -0.005884076212097187,
            -0.0003007309845123636,
            0.02948348183455127,
            -0.0030232432904696792,
            -0.005091714435337069,
            -0.0023340875414529652,
            0.002151656578114406,
            -0.010495551294936921,
            -0.0010984806730784133
        ],
        [
            -0.02291358925502029,
            0.0775971776005243,
            0.07568030439854068,
            0.27048851672280844,
            -0.04741979701285815,
            0.5449790708991159,
            0.20401685639599346,
            0.04065250346161394,
            -0.0667722572656112,
            -0.010151415087569225,
            0.056038645118038265,
            0.11964156769864696,
            0.007664471238165804,
            -0.2981509642760402,
            0.02711784685092922,
            0.052916115753773196,
            0.03001350872817483,
            -0.010313750288340301,
            0.03843298743303801,
            0.005129166672108224
        ],
        [
            0.15908425374875623,
            0.13727040131320614,
            0.015255486300841739,
            0.05110928049824897,
            -0.009211354090662762,
            0.20401685639599346,
            0.13652741078131145,
            -0.008093281664300647,
            -0.02503781470447503,
            0.004049781326481682,
            0.1118296176083584,
            0.08162453160717771,
            0.004869318164323091,
            -0.0818928270670102,
            0.005670438926424229,
            0.027145590674313082,
            0.02132574725315799,
            0.005067710906740579,
            -0.036326162644356695,
            -0.0027632575130405873
        ],
        [
            -0.06982983500758375,
            -0.03798585820649877,
            0.010670787917446703,
            0.03978848564592668,
            -0.0068513201362526074,
            0.04065250346161394,
            -0.008093281664300647,
            0.012182306704904644,
            0.00023900970288017744,
            -0.004259310895013547,
            -0.025090304975618163,
            -0.004455559746058936,
            0.00038288600024738857,
            -0.034938038611293354,
            0.0032509370627440463,
            -0.0026334716349128433,
            -0.0028734387916573346,
            -0.003433030228109761,
            0.017987543272385557,
            0.0017956752213063652
        ],
        [
            -0.16918793731614926,
            -0.12056026726109818,
            -0.010554383859645907,
            -0.02132146458075882,
            0.005205897341330173,
            -0.0667722572656112,
            -0.02503781470447503,
            0.00023900970288017744,
            0.2696934858587614,
            -0.021710758040911986,
            0.3064210167321489,
            0.06967500476556912,
            0.018723547030822348,
            0.030639684543737018,
            -0.02325589374978098,
            -0.06602825294960292,
            0.02062547483696763,
            0.03617582704053877,
            -0.20156849947664693,
            -0.01863590033682416
        ],
        [
            0.03731747262101941,
            0.02231754037615293,
            -0.0029985416226836147,
            -0.012601886421886829,
            0.0020483230609204643,
            -0.010151415087569225,
            0.004049781326481682,
            -0.004259310895013547,
            -0.021710758040911986,
            0.0032282913864701834,
            -0.01660711601290628,
            -0.004617141612627683,
            -0.001658966080944382,
            0.010228675032576476,
            0.0006891876201070184,
            0.00587210188926222,
            -0.0009295983326825083,
            -0.0017338604650593177,
            0.010107174686036523,
            0.0008853261752567326
        ],
        [
            0.03799167969407187,
            0.02906006302413382,
            -0.01310244653992423,
            -0.032343356828694166,
            0.007112832888967414,
            0.056038645118038265,
            0.1118296176083584,
            -0.025090304975618163,
            0.3064210167321489,
            -0.01660711601290628,
            0.5258736991255352,
            0.18863359693993587,
            0.0224875522818271,
            0.03379706186348369,
            -0.025065334938967863,
            0.009114381157699488,
            0.08967114042467379,
            0.051715744305111756,
            -0.2931564740239421,
            -0.027035661742791272
        ],
        [
            0.023907222153969912,
            0.022715944692689935,
            0.009276696345429833,
