{
    "opt_E": -2.191168856598771,
    "HF_E": -2.1606805379115324,
    "B3LYP_E": -2.1623040030791527,
    "sto-3G_E": -2.147656130083151,
    "proj": [
        [
            0.5455536869782547,
            0.33781842085446273,
            0.04619656638159704,
            -0.17349282767819493,
            0.006059605075446713,
            0.04021287311201677,
            0.17623319637488657,
            0.0835251601499992,
            -0.23750930424816835,
            0.028177959625622778,
            0.034527055793591825,
            0.03415111533941577,
            0.006919715555461236,
            0.030158008689376337,
            0.005975715661477043,
            -0.003769400228154085,
            -0.029895143808875802,
            -0.00205635107937449,
            -0.020129009408136528,
            0.0027914635532733357
        ],
        [
            0.33781842085446273,
            0.2224125508435722,
            0.01495128068947536,
            -0.06112200448390907,
            0.000699108558634119,
            0.1028398195931192,
            0.13406619765125685,
            0.04254142038939248,
            -0.13868860350335688,
            0.012159568557716995,
            0.03008197764980944,
            0.02833460981676492,
            -0.00265002284517692,
            -0.03196797474925241,
            -0.0077710533125640215,
            -0.02860632535226246,
            -0.033073503109991485,
            -0.0021291996060580484,
            -0.0201571866817782,
            0.0013786085165905138
        ],
        [
            0.04619656638159704,
            0.01495128068947536,
            0.022782104953933735,
            -0.0759752845673427,
            0.005209343807118929,
            -0.09534743707648484,
            -0.012654750673936004,
            0.021348279840094863,
            -0.011427312125307768,
            0.014881760422529644,
            0.023368949503596997,
            -0.008871603779818209,
            0.005324569208325924,
            0.04628451662696611,
            0.019290239340233984,
            -0.010466561061721101,
            -0.006170695894929977,
            -0.004528546408712592,
            -0.026611490290231278,
            0.001766538794688542
        ],
        [
            -0.17349282767819493,
            -0.06112200448390907,
            -0.0759752845673427,
            0.25629250752654215,
            -0.01689305580213335,
            0.3154457879434648,
            0.04095606919495239,
            -0.07100592527823983,
            0.06360579753390774,
            -0.0448232232545359,
            -0.04515655035902386,
            0.037130341608512425,
            -0.019287843576452055,
            -0.1582497438541608,
            -0.061189709246613225,
            0.02833764830482826,
            0.022784095417191747,
            0.011523114220290918,
            0.06615033371359402,
            -0.005052519117207855
        ],
        [
            0.006059605075446713,
            0.000699108558634119,
            0.005209343807118929,
            -0.01689305580213335,
            0.001279034509652303,
            -0.023131258790959477,
            -0.003990914445606783,
            0.004709583684733131,
            0.0017175650058328775,
            0.004033495666321806,
            0.009532932209979623,
            -0.0017460445500144227,
            0.0009265506747236665,
            0.00965998029931622,
            0.005001755856839604,
            -0.004797711777485525,
            -0.001984743205688577,
            -0.0016015839433029728,
            -0.009611717993944419,
            0.0005219261547194059
        ],
        [
            0.04021287311201677,
            0.1028398195931192,
            -0.09534743707648484,
            0.3154457879434648,
            -0.023131258790959477,
            0.5470454638852074,
            0.18485191083399513,
            -0.06139508960279744,
            -0.004125327723750293,
            -0.04606752085930108,
            0.01413987610305628,
            0.10337712155571101,
            -0.029657957637217933,
            -0.24556680244802284,
            -0.09188576326585486,
            0.0428043399935465,
            0.02928400173544696,
            0.011220341107762764,
            0.0550492702653401,
            -0.004906691329609731
        ],
        [
            0.17623319637488657,
            0.13406619765125685,
            -0.012654750673936004,
            0.04095606919495239,
            -0.003990914445606783,
            0.18485191083399513,
            0.1263735768882691,
            0.013814099069018967,
            -0.030633187898031388,
            0.008546716203664246,
            0.10499867729593514,
            0.07707690525172295,
            -0.008187292456470428,
            -0.060782831152242506,
            -0.02009443870706689,
            0.03041821714498674,
            0.025588138457683894,
            -0.0047066952688923185,
            -0.037549890137158023,
            0.0015278121083092465
        ],
        [
            0.0835251601499992,
            0.04254142038939248,
            0.021348279840094863,
            -0.07100592527823983,
            0.004709583684733131,
            -0.06139508960279744,
            0.013814099069018967,
            0.025630541799772734,
            -0.014575359338802498,
            0.018394973357035625,
            0.05327161332136403,
            0.009871802650872463,
            0.003913271464081657,
            0.03713676242241992,
            0.01647955181100617,
            -0.0013983269399859988,
            0.002051106510176251,
            -0.006209514378303033,
            -0.03879634262821624,
            0.0023231003605478384
        ],
        [
            -0.23750930424816835,
            -0.13868860350335688,
            -0.011427312125307768,
            0.06360579753390774,
            0.0017175650058328775,
            -0.004125327723750293,
            -0.030633187898031388,
            -0.014575359338802498,
            0.23450630616460347,
            0.030541303509876945,
            0.24828159591706064,
            0.06037074403149237,
            -0.013263019810038466,
            -0.03938171035127398,
            0.019197103105529464,
            -0.03659159212603999,
            0.030454955756303217,
            -0.026218155623226307,
            -0.1649767175328001,
            0.005758057924115333
        ],
        [
            0.028177959625622778,
            0.012159568557716995,
            0.014881760422529644,
            -0.0448232232545359,
            0.004033495666321806,
            -0.04606752085930108,
            0.008546716203664246,
            0.018394973357035625,
            0.030541303509876945,
            0.020699051322007687,
            0.09117801525153023,
            0.020845292513713743,
            0.0005252055385720695,
            0.021304321497409087,
            0.016391740047521072,
            -0.0073063240207975185,
            0.0077457659771916695,
            -0.009959783521113662,
            -0.06263594897943593,
            0.0029744444735323393
        ],
        [
            0.034527055793591825,
            0.03008197764980944,
            0.023368949503596997,
            -0.04515655035902386,
            0.009532932209979623,
            0.01413987610305628,
            0.10499867729593514,
            0.05327161332136403,
            0.24828159591706064,
            0.09117801525153023,
            0.5518407317474299,
            0.18777002658018876,
            -0.0120014023868299,
            0.004465193234902081,
            0.04489131804389094,
            0.02593731052138737,
            0.10032459546956478,
            -0.051117278208318254,
            -0.32791680682952234,
            0.014238352689741135
        ],
        [
            0.03415111533941577,
            0.02833460981676492,
            -0.008871603779818209,
            0.037130341608512425,
