{
    "opt_E": -2.137566784428092,
    "HF_E": -2.106370845472387,
    "B3LYP_E": -2.108816700609997,
    "sto-3G_E": -2.07996520022729,
    "proj": [
        [
            0.5673986414340438,
            0.38557654225614574,
            0.017445262231981166,
            -0.1662447110969441,
            0.04268865834229118,
            -0.00038767315442006685,
            0.1648032623443706,
            0.025838969200686044,
            -0.16128845888743198,
            0.061352985465768166,
            0.03365702379897321,
            0.028607823002632097,
            -0.008719807384036165,
            0.07434404219760737,
            -0.002912985513380618,
            0.003071966775787096,
            -0.032881027218650744,
            0.007424580473053293,
            -0.02656885362839072,
            -0.0019312104239170764
        ],
        [
            0.38557654225614574,
            0.27588534313150387,
            0.007853095587252376,
            -0.07898311634155979,
            0.019551604431540026,
            0.06513736510781704,
            0.13577768846472793,
            0.016909456022279546,
            -0.10803947404291749,
            0.0378211240726061,
            0.04138631085023118,
            0.022563273524057938,
            0.001838771420553702,
            -0.011638301113473196,
            -0.001360872013301564,
            -0.04311649096530853,
            -0.04962632547672935,
            0.009825708759702305,
            -0.03960298007050822,
            -0.002091369525803633
        ],
        [
            0.017445262231981166,
            0.007853095587252376,
            0.0027188360988391405,
            -0.023567426094778604,
            0.006550409611444702,
            -0.03237457628314419,
            -0.0056220965220189325,
            0.0005368317888903379,
            0.005364750174644593,
            0.002738045485798027,
            0.0011326854737316878,
            -0.005669398245864804,
            7.130022724945382e-05,
            0.022717103160236576,
            -0.0021301356699819033,
            -0.0038346641704217993,
            -0.0036306887976035587,
            0.0018389149118305166,
            -0.006707191558227152,
            -0.0007270167190917526
        ],
        [
            -0.1662447110969441,
            -0.07898311634155979,
            -0.023567426094778604,
            0.2049978199535732,
            -0.056912957401092534,
            0.27200936780354157,
            0.04012114166965828,
            -0.00523162845711954,
            -0.04555414591684353,
            -0.02491611005701979,
            -0.019647553062890257,
            0.04272961453008129,
            -3.9406610869815515e-05,
            -0.1973326229386687,
            0.018311366197074616,
            0.02641109674241256,
            0.027071071465190003,
            -0.016793397961611847,
            0.06115084269716555,
            0.0065002455742608845
        ],
        [
            0.04268865834229118,
            0.019551604431540026,
            0.006550409611444702,
            -0.056912957401092534,
            0.015847668200992385,
            -0.07652815444060322,
            -0.012037491103927201,
            0.0012001681556698292,
            0.01632711648565801,
            0.006438288427668901,
            0.00825319838687866,
            -0.01156701751440635,
            0.0003001681386181667,
            0.0552697685159059,
            -0.005333698426057846,
            -0.007820228331060705,
            -0.00732578650921462,
            0.0052309201462276715,
            -0.01917652683778134,
            -0.0019728599562859935
        ],
        [
            -0.00038767315442006685,
            0.06513736510781704,
            -0.03237457628314419,
            0.27200936780354157,
            -0.07652815444060322,
            0.5028701676224695,
            0.18111213234346984,
            0.0010785305216213013,
            -0.07988866327162647,
            -0.017661133405782518,
            0.10082977125414296,
            0.12570944017379607,
            0.0019678449242474475,
            -0.30586126496315597,
            0.024898380996907363,
            0.05251534445098852,
            0.045270468235194455,
            -0.006098113365886493,
            0.01854704937570759,
            0.005020739799208998
        ],
        [
            0.1648032623443706,
            0.13577768846472793,
            -0.0056220965220189325,
            0.04012114166965828,
            -0.012037491103927201,
            0.18111213234346984,
            0.12334581000980495,
            0.006221472591126523,
            -0.0255965839968319,
            0.009079202809337553,
            0.11347749980709973,
            0.07469572352717627,
            0.00032498141135160025,
            -0.07251802765369207,
            0.004472285748069147,
            0.03309201849703699,
            0.021976756462643795,
            0.010743186183577402,
            -0.04170494700452463,
            -0.0018542543402234784
        ],
        [
            0.025838969200686044,
            0.016909456022279546,
            0.0005368317888903379,
            -0.00523162845711954,
            0.0012001681556698292,
            0.0010785305216213013,
            0.006221472591126523,
            0.0015629958295086772,
            -0.01732666057925799,
            0.0033662761107332234,
            -0.009927054868145102,
            2.8845624140453078e-05,
            -0.0018017896260125797,
            0.003271217640576034,
            0.0008837067347766483,
            0.0054508261645678695,
            0.0008177764696873668,
            -0.0022097752094547484,
            0.008804778403566514,
            0.0006280046154711832
        ],
        [
            -0.16128845888743198,
            -0.10803947404291749,
            0.005364750174644593,
            -0.04555414591684353,
            0.01632711648565801,
            -0.07988866327162647,
            -0.0255965839968319,
            -0.01732666057925799,
            0.3274309645506192,
            -0.029528352509600696,
            0.3142093237905761,
            0.047827655994550036,
            0.027953367089560296,
            0.06052502384876706,
            -0.02630269780351825,
            -0.05035973363469896,
            0.008933742265590992,
            0.0628437467020619,
            -0.2426961173244131,
            -0.01830944613767254
        ],
        [
            0.061352985465768166,
            0.0378211240726061,
            0.002738045485798027,
            -0.02491611005701979,
            0.006438288427668901,
            -0.017661133405782518,
            0.009079202809337553,
            0.0033662761107332234,
            -0.029528352509600696,
            0.0082504025089316,
            -0.01686781001670368,
            -0.002364005225502377,
            -0.0036481543983093783,
            0.02145676363366128,
            0.0003976307106374479,
            0.01030614580858521,
            0.0008406350390590535,
            -0.0030451020454802984,
            0.012634706577851715,
            0.0007348492909255269
        ],
        [
            0.03365702379897321,
            0.04138631085023118,
            0.0011326854737316878,
            -0.019647553062890257,
            0.00825319838687866,
            0.10082977125414296,
            0.11347749980709973,
            -0.009927054868145102,
            0.3142093237905761,
            -0.01686781001670368,
            0.4713467058725294,
            0.15639888470360389,
            0.019649464310985295,
            0.03287671119361823,
            -0.021265609850813435,
            0.05990176678456384,
            0.08315069220002994,
            0.07460161525067531,
            -0.2843393900420263,
            -0.020669347923945088
        ],
        [
            0.028607823002632097,
            0.022563273524057938,
            -0.005669398245864804,
