{
    "opt_E": -2.195572132463521,
    "HF_E": -2.165726056999143,
    "B3LYP_E": -2.167896624906889,
    "sto-3G_E": -2.154636529197283,
    "proj": [
        [
            0.5826386419782409,
            0.367874581448872,
            0.023267412586521145,
            -0.17508314741075262,
            -0.007172869683171812,
            -0.028243955526069134,
            0.16583986404655793,
            0.026653634009525095,
            -0.20069287432224903,
            -0.003207913036211519,
            0.04282582322233487,
            0.020510086076582435,
            -0.006870240410900845,
            0.054255844892677096,
            0.0050002530785082395,
            0.0015038690248126668,
            -0.024246287836560826,
            0.007732836510542208,
            -0.036974384505444116,
            0.0023743848679688468
        ],
        [
            0.367874581448872,
            0.25482921355360744,
            0.007361774288634819,
            -0.05569912319691494,
            -0.0025126112591076933,
            0.08828845296438567,
            0.14394953348254327,
            0.017712992591483144,
            -0.13138864988470203,
            -0.003964942614840615,
            0.02648443787725386,
            0.022559987127363297,
            0.005114915100815477,
            -0.0323567276059513,
            -0.0026675117709461316,
            -0.032331231019991254,
            -0.03481627983976785,
            0.005172580788985067,
            -0.026678100705946905,
            0.0011560572000081535
        ],
        [
            0.023267412586521145,
            0.007361774288634819,
            0.0038562030110946013,
            -0.02892349476855728,
            -0.0010426871263383122,
            -0.04211749959445322,
            -0.00764917460204326,
            3.5630361032894914e-05,
            -0.001224910126249463,
            0.0011102627137845053,
            0.00754513636712783,
            -0.005984826575037838,
            -0.001960035381641338,
            0.018165081196889216,
            0.0031472559348282906,
            -0.0035061322738623303,
            -0.0022318683149649254,
            0.0021778300305855935,
            -0.0106868295028745,
            0.0005393688883114707
        ],
        [
            -0.17508314741075262,
            -0.05569912319691494,
            -0.02892349476855728,
            0.21695524237874522,
            0.007819741508868919,
            0.31516768381250043,
            0.056505738921770646,
            -0.00011511496789906676,
            0.0080799646744522,
            -0.008467127834954732,
            -0.05922476100763293,
            0.043859180845401934,
            0.014619483482764277,
            -0.13591947700458842,
            -0.023654417934692282,
            0.025837119655673098,
            0.016113231125117755,
            -0.016623865862404146,
            0.08168179559769144,
            -0.004106332430561429
        ],
        [
            -0.007172869683171812,
            -0.0025126112591076933,
            -0.0010426871263383122,
            0.007819741508868919,
            0.00028727394847765774,
            0.011042179362296586,
            0.0017513467041326708,
            -0.0001127182695534617,
            0.0010836449226029994,
            -0.00024572140186908197,
            -0.001609383653984058,
            0.001295373520190749,
            0.0006727600518081191,
            -0.00557540697519462,
            -0.0007774321047536794,
            -0.0003222537444842862,
            -3.0480826597692007e-05,
            -0.0004316601636335242,
            0.002057227221581445,
            -0.00012129976858515733
        ],
        [
            -0.028243955526069134,
            0.08828845296438567,
            -0.04211749959445322,
            0.31516768381250043,
            0.011042179362296586,
            0.5905017940188086,
            0.2116484793835704,
            0.00673645430882699,
            -0.03888314413557197,
            -0.012035084389834081,
            0.0034606944997555107,
            0.12199080364828592,
            0.02797549304623783,
            -0.24320627232557998,
            -0.03894244090099864,
            0.049969619988571204,
            0.031763975323918926,
            -0.015671308246199316,
            0.07336397092010245,
            -0.004150848109510478
        ],
        [
            0.16583986404655793,
            0.14394953348254327,
            -0.00764917460204326,
            0.056505738921770646,
            0.0017513467041326708,
            0.2116484793835704,
            0.14312194291614572,
            0.0043098167237727286,
            -0.029811128053060174,
            -0.00018913400569310675,
            0.10003135586450741,
            0.0796715526612471,
            0.010206171672891461,
            -0.07710897676605119,
            -0.009871647039789053,
            0.031204360439600665,
            0.024211826449761414,
            0.006575943037812983,
            -0.036752830391535964,
            0.0012958594350034728
        ],
        [
            0.026653634009525095,
            0.017712992591483144,
            3.5630361032894914e-05,
            -0.00011511496789906676,
            -0.0001127182695534617,
            0.00673645430882699,
            0.0043098167237727286,
            0.004285599450325941,
            -0.03127303520409265,
            -0.002753061258819322,
            -0.03649674353994679,
            -0.007455098347200871,
            -0.0017048914911200336,
            0.005317370853781685,
            -0.0019570158939823602,
            0.00403318796602304,
            -0.004431088364203609,
            -0.005051550487323019,
            0.0266177560231948,
            -0.0009884877974841164
        ],
        [
            -0.20069287432224903,
            -0.13138864988470203,
            -0.001224910126249463,
            0.0080799646744522,
            0.0010836449226029994,
            -0.03888314413557197,
            -0.029811128053060174,
            -0.03127303520409265,
            0.22844886855141974,
            0.019795126505241532,
            0.2640150325910507,
            0.055719537005430794,
            0.012906463964124655,
            -0.04321425000190145,
            0.013492263317913951,
            -0.0285628262444234,
            0.03284570948490951,
            0.03626822994840003,
            -0.19130146216765792,
            0.007068247306314462
        ],
        [
            -0.003207913036211519,
            -0.003964942614840615,
            0.0011102627137845053,
            -0.008467127834954732,
            -0.00024572140186908197,
            -0.012035084389834081,
            -0.00018913400569310675,
            -0.002753061258819322,
            0.019795126505241532,
            0.002296604954055523,
            0.032000554217905104,
            0.006552123863614623,
            0.0006667230961109487,
            0.001010781398258139,
            0.0020900958337952457,
            -0.001158263821262311,
            0.004187756868895169,
            0.004434571999831084,
            -0.02314820106484557,
            0.0009188794028100248
        ],
        [
            0.04282582322233487,
            0.02648443787725386,
            0.00754513636712783,
            -0.05922476100763293,
            -0.001609383653984058,
            0.0034606944997555107,
            0.10003135586450741,
            -0.03649674353994679,
            0.2640150325910507,
            0.032000554217905104,
            0.5289559060343004,
            0.17239365094195297,
            0.011762430016250918,
            -0.019026422165558186,
            0.019399840656454646,
            0.06881907605386489,
            0.11576514300456074,
            0.06266389417276017,
            -0.32885446826966136,
            0.013221609209973553
        ],
        [
            0.020510086076582435,
            0.022559987127363297,
