{
    "opt_E": -2.185989661308549,
    "HF_E": -2.1537897734155815,
    "B3LYP_E": -2.156616343311653,
    "sto-3G_E": -2.1285219350152853,
    "proj": [
        [
            0.5546953592101862,
            0.3529127631939617,
            -0.031746439247216734,
            -0.17626704844974198,
            0.02114488356924777,
            0.022419519206883367,
            0.17058043992624983,
            -0.07031347565902778,
            -0.22271967091972317,
            0.019800570212130837,
            0.03718029548532504,
            0.030804088048419526,
            -0.0033277369073412087,
            0.04195280550811179,
            -9.567016450367998e-05,
            -0.0014943856844624622,
            -0.031102611722689757,
            -0.007174073635175955,
            -0.014018842864239477,
            -0.008693433043746073
        ],
        [
            0.3529127631939617,
            0.23876366872415958,
            -0.008872115980024964,
            -0.06297058833720189,
            0.008099714169461796,
            0.0981043277982069,
            0.13319326604317253,
            -0.035863831134514336,
            -0.14311592591059089,
            0.013077318110622006,
            0.0210430620771254,
            0.023969352297922696,
            0.007072414506315523,
            -0.02520885992591304,
            0.007513546672723428,
            -0.025185977792367115,
            -0.03630812609440475,
            -0.002394912615561565,
            -0.008308683864340537,
            -0.0027493932162226445
        ],
        [
            -0.031746439247216734,
            -0.008872115980024964,
            0.0117433935255606,
            0.05303400113776198,
            -0.005890514368409228,
            0.07124366574583556,
            0.011761533759067175,
            0.012720526096795158,
            0.007265180589224053,
            0.0005022907161598105,
            -0.010685675857608172,
            0.005858233690566277,
            0.011361613174422957,
            -0.04141577166537532,
            0.010465475585400433,
            0.002946658844003761,
            0.001934361444741519,
            0.004359871221224411,
            0.008846259858530226,
            0.005542648033306803
        ],
        [
            -0.17626704844974198,
            -0.06297058833720189,
            0.05303400113776198,
            0.24208428200272392,
            -0.026953339686643554,
            0.30874645377925375,
            0.04163446255218105,
            0.058467538692851796,
            0.05290447107946101,
            -0.0005259027390641124,
            -0.036435434622405984,
            0.028165176487276043,
            0.04832598556205211,
            -0.18162373576507762,
            0.043945002068967336,
            0.011470312233986901,
            0.012072806629698719,
            0.017733249722237703,
            0.033979311500262406,
            0.022553654218087978
        ],
        [
            0.02114488356924777,
            0.008099714169461796,
            -0.005890514368409228,
            -0.026953339686643554,
            0.0030140885463018387,
            -0.033221291781350394,
            -0.0034645656390687486,
            -0.006861994865020638,
            -0.005602703876797278,
            -7.842836448854356e-05,
            0.006154146088401319,
            -0.002000065956669744,
            -0.005398044766724192,
            0.020169399313470084,
            -0.004942929964667361,
            -0.0009750786384142569,
            -0.0008371781156959353,
            -0.0022013420560230775,
            -0.004520344207356765,
            -0.0027910308751280207
        ],
        [
            0.022419519206883367,
            0.0981043277982069,
            0.07124366574583556,
            0.30874645377925375,
            -0.033221291781350394,
            0.5470288943325127,
            0.18552135224301086,
            0.04912814239724734,
            -0.004130551955256216,
            0.0027522747834351447,
            0.03498629026880661,
            0.09708450377126163,
            0.07391689454144083,
            -0.27778198084827876,
            0.06684904675825498,
            0.01606521116232405,
            0.015548769540589697,
            0.016237430433090897,
            0.0185876241238061,
            0.021150354618214153
        ],
        [
            0.17058043992624983,
            0.13319326604317253,
            0.011761533759067175,
            0.04163446255218105,
            -0.0034645656390687486,
            0.18552135224301086,
            0.1287052397328578,
            -0.017714728524547287,
            -0.023147599047900893,
            -0.002768556738463447,
            0.11862364826434248,
            0.0864612669302261,
            0.016504869984999896,
            -0.055997445849103954,
            0.01403824154953613,
            0.02868385761056746,
            0.030520485100698914,
            -0.008262827537568306,
            -0.032716025620042895,
            -0.009881759980401252
        ],
        [
            -0.07031347565902778,
            -0.035863831134514336,
            0.012720526096795158,
            0.058467538692851796,
            -0.006861994865020638,
            0.04912814239724734,
            -0.017714728524547287,
            0.02484707712035468,
            -0.009027303354044081,
            0.006215129832679427,
            -0.08087334858558824,
            -0.024325459886336994,
            0.01628496667169046,
            -0.041759941862985206,
            0.01682934287436859,
            0.012126448961010687,
            -0.0031779523369675853,
            0.013499740653349728,
            0.0384015837744255,
            0.01691217950409639
        ],
        [
            -0.22271967091972317,
            -0.14311592591059089,
            0.007265180589224053,
            0.05290447107946101,
            -0.005602703876797278,
            -0.004130551955256216,
            -0.023147599047900893,
            -0.009027303354044081,
            0.21960303836641956,
            -0.0376084465060582,
            0.2568479559767407,
            0.08432708999997511,
            -0.030300421391627565,
            0.008714663909564069,
            -0.0377406323962888,
            -0.05430115345490999,
            0.029669214791562783,
            -0.035681073900473426,
            -0.11729211815543335,
            -0.044718038461260955
        ],
        [
            0.019800570212130837,
            0.013077318110622006,
            0.0005022907161598105,
            -0.0005259027390641124,
            -7.842836448854356e-05,
            0.0027522747834351447,
            -0.002768556738463447,
            0.006215129832679427,
            -0.0376084465060582,
            0.007555152131589272,
            -0.05969373579544933,
            -0.018342054511651412,
            0.008153752941396572,
            -0.003879323240168144,
            0.009774154954865909,
            0.019096625560634666,
            -0.0004794157532072664,
            0.008869558483789296,
            0.028673763557883664,
            0.01111711373482139
        ],
        [
            0.03718029548532504,
            0.0210430620771254,
            -0.010685675857608172,
            -0.036435434622405984,
            0.006154146088401319,
            0.03498629026880661,
            0.11862364826434248,
            -0.08087334858558824,
            0.2568479559767407,
            -0.05969373579544933,
            0.5788159792378508,
            0.22929244105422103,
            -0.05641248145363746,
            0.06507337735980499,
            -0.06782151567479117,
            -0.04632586134616313,
            0.08053091108044402,
            -0.07774478462978704,
            -0.24584101716424375,
            -0.09699417833812268
        ],
        [
            0.030804088048419526,
            0.023969352297922696,
            0.005858233690566277,
