{
    "opt_E": -2.189321278492296,
    "HF_E": -2.1576901737704683,
    "B3LYP_E": -2.160126521907556,
    "sto-3G_E": -2.1334552803536346,
    "proj": [
        [
            0.5785193565644534,
            0.3649827916337244,
            -0.05636370192469328,
            -0.14404446638571525,
            -0.06142221074066537,
            -0.00909451086549673,
            0.16132321910003705,
            -0.10057980708262283,
            -0.17697106790486325,
            -0.10600923381322432,
            0.013490132863522748,
            0.03743336842919633,
            -0.01603800047284532,
            0.03649959940582228,
            -0.013625479594774018,
            -0.0015622227757421134,
            -0.027705710542746485,
            -0.00021002525438590727,
            -0.00373527739645396,
            -0.0007924713783458147
        ],
        [
            0.3649827916337244,
            0.24726505670139415,
            -0.017124765032077428,
            -0.051815542010114374,
            -0.018991547848029776,
            0.0870597564528344,
            0.13526511903523417,
            -0.05300099894187386,
            -0.11412715442694774,
            -0.05692192997314698,
            0.01978774343080344,
            0.0332355455343586,
            -0.0003416893830533988,
            -0.03253708795798674,
            -0.0017663375828803215,
            -0.02756798620544654,
            -0.034874173036349106,
            -0.0005700924457397771,
            -0.009357404996547672,
            -0.0011863703927474573
        ],
        [
            -0.05636370192469328,
            -0.017124765032077428,
            0.031273471493329714,
            0.06455989642256899,
            0.033378177461566676,
            0.11905496726734531,
            0.02173132948271106,
            0.027611222723728034,
            -0.00874066171500792,
            0.026244605493471334,
            -0.02404799579072448,
            0.008085837440954775,
            0.018207296971114926,
            -0.05674072636448301,
            0.015126392162375641,
            0.014049451002795837,
            0.003172306022957272,
            0.0014626139736597546,
            0.026945067337041138,
            0.003194250434218566
        ],
        [
            -0.14404446638571525,
            -0.051815542010114374,
            0.06455989642256899,
            0.13877512254405824,
            0.06919693970420775,
            0.24546914941323092,
            0.04449150530753652,
            0.05587390317430148,
            0.015374513308131586,
            0.05470528105979771,
            -0.003434169786717738,
            0.028990508086598674,
            0.03503275296241741,
            -0.12039425903198218,
            0.028472072413841514,
            0.018550201415734803,
            0.010518055373282341,
            0.0011783598594695545,
            0.026273000896173196,
            0.003134761656838118
        ],
        [
            -0.06142221074066537,
            -0.018991547848029776,
            0.033378177461566676,
            0.06919693970420775,
            0.035640207833325874,
            0.1271734324431047,
            0.023287210973064014,
            0.029378790816200286,
            -0.007571537524607617,
            0.028008065931484742,
            -0.023115059617018954,
            0.009306416647672148,
            0.019295184440076784,
            -0.0608374341987052,
            0.015990953771838942,
            0.014288866839672757,
            0.003506707021837685,
            0.0014582415892800454,
            0.027110324971386556,
            0.003215516274773312
        ],
        [
            -0.00909451086549673,
            0.0870597564528344,
            0.11905496726734531,
            0.24546914941323092,
            0.1271734324431047,
            0.5766070898578256,
            0.20327286868459457,
            0.07082096707017758,
            -0.0497248764825297,
            0.06579689810091809,
            0.030138399888714282,
            0.10187678896857072,
            0.07208893935426446,
            -0.262004263510631,
            0.0580414427703661,
            0.04507695071790634,
            0.01627690875516897,
            0.0015886296651094157,
            0.04366326130126634,
            0.0049772812333906055
        ],
        [
            0.16132321910003705,
            0.13526511903523417,
            0.02173132948271106,
            0.04449150530753652,
            0.023287210973064014,
            0.20327286868459457,
            0.1339888000835267,
            -0.014853550726176928,
            -0.021998384813698126,
            -0.015617896676785604,
            0.10616607457490548,
            0.08327380996280734,
            0.01616615311503602,
            -0.07403503644860834,
            0.012288028307643275,
            0.02639917472111899,
            0.02267845336299201,
            -0.0026788155390769217,
            -0.033398663768307725,
            -0.004292944406201851
        ],
        [
            -0.10057980708262283,
            -0.05300099894187386,
            0.027611222723728034,
            0.05587390317430148,
            0.029378790816200286,
            0.07082096707017758,
            -0.014853550726176928,
            0.03444915434995472,
            -0.010783751242787565,
            0.03281287662758206,
            -0.06757319363805729,
            -0.019514085960559688,
            0.015482845063344575,
            -0.04167443689078076,
            0.013191851702413738,
            0.00478422382162228,
            -0.0073914198865544616,
            0.002721214287241251,
            0.04415176886618798,
            0.00535400118436507
        ],
        [
            -0.17697106790486325,
            -0.11412715442694774,
            -0.00874066171500792,
            0.015374513308131586,
            -0.007571537524607617,
            -0.0497248764825297,
            -0.021998384813698126,
            -0.010783751242787565,
            0.20754419165193866,
            -0.0003748361676075414,
            0.27524099790645573,
            0.06841499899605484,
            -0.020509368788457046,
            0.0069836425810009175,
            -0.020311731411271836,
            -0.053239435177465905,
            0.03143980125665536,
            -0.011022604289437696,
            -0.17602775866543222,
            -0.02079542561809512
        ],
        [
            -0.10600923381322432,
            -0.05692192997314698,
            0.026244605493471334,
            0.05470528105979771,
            0.028008065931484742,
            0.06579689810091809,
            -0.015617896676785604,
            0.03281287662758206,
            -0.0003748361676075414,
            0.03173443843298872,
            -0.05222972533352192,
            -0.01576814189766374,
            0.013948325523664224,
            -0.03997167524114261,
            0.011742129736177031,
            0.0017398114482299084,
            -0.005842530299877949,
            0.0021001650782332282,
            0.034171579978674836,
            0.004172404925502971
        ],
        [
            0.013490132863522748,
            0.01978774343080344,
            -0.02404799579072448,
            -0.003434169786717738,
            -0.023115059617018954,
            0.030138399888714282,
            0.10616607457490548,
            -0.06757319363805729,
            0.27524099790645573,
            -0.05222972533352192,
            0.5509261289882494,
            0.2040124770505175,
            -0.029621308403770974,
            0.01234048957452869,
            -0.02910746405690857,
            -0.005341867146984777,
            0.10337172866538441,
            -0.02000612577562953,
            -0.30739610482892304,
            -0.037046377931017505
        ],
        [
            0.03743336842919633,
            0.0332355455343586,
            0.008085837440954775,
            0.028990508086598674,
