{
    "opt_E": -2.1473337105376746,
    "HF_E": -2.1161311361659276,
    "B3LYP_E": -2.1191385544194627,
    "sto-3G_E": -2.0911128077671286,
    "proj": [
        [
            0.5747698742887352,
            0.38443836298145545,
            0.008998100644532058,
            -0.1695348439027954,
            0.02256184358235506,
            -0.0028392671877394793,
            0.1613131426960246,
            0.017546532925846552,
            -0.16988454255477012,
            0.04066173196275137,
            0.038827200845351434,
            0.027301325048851566,
            -0.001119356522693612,
            0.07882178131351325,
            0.00397635493665512,
            0.000736426465830035,
            -0.0337458445993588,
            0.001811381167693842,
            -0.027747410457441342,
            -0.006096136378902034
        ],
        [
            0.38443836298145545,
            0.27122406251330594,
            0.003524144721896992,
            -0.07529875602436821,
            0.009045248225197556,
            0.06871373556838366,
            0.133174012004251,
            0.010544142592912743,
            -0.11748887278456555,
            0.023639615474183407,
            0.03904973504556447,
            0.022300191005237568,
            -0.0005413484975979355,
            -0.010443488573635966,
            -0.0024072256672234373,
            -0.04068959434710716,
            -0.04862960282607497,
            0.0017385345919700677,
            -0.031301459341504044,
            -0.0057806931331626146
        ],
        [
            0.008998100644532058,
            0.003524144721896992,
            0.0008398338109883754,
            -0.013172432715693464,
            0.0020266491599972756,
            -0.01826136315559497,
            -0.003617570751996552,
            0.0005787092380599319,
            0.0031849878154641097,
            0.001527770758836279,
            0.0014206096045636602,
            -0.0028760818971981287,
            0.00038750064264968004,
            0.01313812720496427,
            -7.233165168641326e-05,
            -0.0023432935676279097,
            -0.0016982448996497464,
            0.0002211164987310694,
            -0.004041077214164896,
            -0.0009671809130912802
        ],
        [
            -0.1695348439027954,
            -0.07529875602436821,
            -0.013172432715693464,
            0.20835106318405588,
            -0.03184491667291548,
            0.27561384512914694,
            0.045258440328102945,
            -0.009760078984419747,
            -0.035911757528791895,
            -0.025442138866976383,
            -0.021805074325719147,
            0.04089094068791103,
            -0.005585862143512315,
            -0.20459117187545436,
            0.0002512892524302644,
            0.029925829139570446,
            0.0243548220518712,
            -0.0032997424087499,
            0.05962373202766219,
            0.014382378527654935
        ],
        [
            0.02256184358235506,
            0.009045248225197556,
            0.0020266491599972756,
            -0.03184491667291548,
            0.004898175679596418,
            -0.043460590068954204,
            -0.008079180144767469,
            0.0014375121314378096,
            0.007998250859785793,
            0.003768663448029593,
            0.004722154799788778,
            -0.006058594598425468,
            0.0009061973977583037,
            0.032192394828288916,
            -0.0001052249225992301,
            -0.0042873763821272125,
            -0.0030990869965058635,
            0.0005545062007909579,
            -0.010028477448097716,
            -0.0023948416975266363
        ],
        [
            -0.0028392671877394793,
            0.06871373556838366,
            -0.01826136315559497,
            0.27561384512914694,
            -0.043460590068954204,
            0.5045637028905962,
            0.18657051024553153,
            -0.006793384196641318,
            -0.07014715430469325,
            -0.021529994448601947,
            0.09765465324072448,
            0.12361520320097359,
            -0.00849704801080534,
            -0.31204404670754465,
            -0.003730545554201442,
            0.05032044341488599,
            0.03911755633421512,
            -0.0010267077252651855,
            0.020518186794051405,
            0.00813870639763074
        ],
        [
            0.1613131426960246,
            0.133174012004251,
            -0.003617570751996552,
            0.045258440328102945,
            -0.008079180144767469,
            0.18657051024553153,
            0.12499824976105484,
            0.003511562142381813,
            -0.025268902666345395,
            0.005633497207773166,
            0.11553775716141106,
            0.07755811999884253,
            -0.0025370602197633844,
            -0.07500772347297457,
            -0.0025130358746023908,
            0.031196496502542803,
            0.022235164798751168,
            0.0022855561133203264,
            -0.03846782748327674,
            -0.006545683658225424
        ],
        [
            0.017546532925846552,
            0.010544142592912743,
            0.0005787092380599319,
            -0.009760078984419747,
            0.0014375121314378096,
            -0.006793384196641318,
            0.003511562142381813,
            0.0007449592964289058,
            0.000543608896858594,
            0.001766238940025874,
            0.00692679837335031,
            0.0021422268370332,
            0.00012296406832326218,
            0.009187265643014315,
            0.0001083893660583197,
            0.002409836343857913,
            0.0013948172245604738,
            0.0002654200490476293,
            -0.0044690875183182365,
            -0.0009947002640760582
        ],
        [
            -0.16988454255477012,
            -0.11748887278456555,
            0.0031849878154641097,
            -0.035911757528791895,
            0.007998250859785793,
            -0.07014715430469325,
            -0.025268902666345395,
            0.000543608896858594,
            0.3220047069659797,
            0.0003208693750713337,
            0.3179249199146763,
            0.06114971018923649,
            0.00984297385565411,
            0.06410812628834084,
            -0.023726818238395387,
            -0.06941783755736215,
            0.01035902351042754,
            0.012209352330871061,
            -0.22788279642211506,
            -0.04624879013273795
        ],
        [
            0.04066173196275137,
            0.023639615474183407,
            0.001527770758836279,
            -0.025442138866976383,
            0.003768663448029593,
            -0.021529994448601947,
            0.005633497207773166,
            0.001766238940025874,
            0.0003208693750713337,
            0.004264353958900832,
            0.012514474880374002,
            0.002755802249584056,
            0.0003432569283484449,
            0.024292272601348888,
            0.00039340192126343293,
            0.004783687411199055,
            0.002313665282997026,
            0.000547521038187667,
            -0.009167835287597284,
            -0.002107892312468452
        ],
        [
            0.038827200845351434,
            0.03904973504556447,
            0.0014206096045636602,
            -0.021805074325719147,
            0.004722154799788778,
            0.09765465324072448,
            0.11553775716141106,
            0.00692679837335031,
            0.3179249199146763,
            0.012514474880374002,
            0.48949745198907396,
            0.17163665503179668,
            0.006636074920701858,
            0.04533162108432159,
            -0.022234812159013684,
            0.02703849542066043,
            0.07969423293545712,
            0.01564770029784665,
            -0.28214138413679724,
            -0.05663787876949281
        ],
        [
            0.027301325048851566,
            0.022300191005237568,
