{
    "opt_E": -2.2005792214034487,
    "HF_E": -2.1687418510739636,
    "B3LYP_E": -2.1711307867478165,
    "sto-3G_E": -2.151994037113662,
    "proj": [
        [
            0.5817553726483358,
            0.37023553512026125,
            0.030627218087803026,
            -0.1679812345487729,
            -0.025123612355240823,
            -0.022233108479914686,
            0.16315956654492125,
            0.050286417499053146,
            -0.19410142999101335,
            -0.0534174787770204,
            0.03405615464269806,
            0.023140844184837285,
            0.0006316783031971784,
            0.056524783443243784,
            -0.004484831959773716,
            -0.001204304971840643,
            -0.02859952069258293,
            0.00148504079472816,
            -0.02220167687902364,
            -0.0075187672697821974
        ],
        [
            0.37023553512026125,
            0.25652654960919413,
            0.009221240686896231,
            -0.05533725848584005,
            -0.006666542711843988,
            0.08881475548527425,
            0.1411219578968566,
            0.027166313852906205,
            -0.12840730924551136,
            -0.02671943564513209,
            0.023502945389003188,
            0.024672609272076394,
            -0.0004846657663035362,
            -0.027066297371914863,
            0.004746655471927343,
            -0.032418121094344866,
            -0.037563468143901727,
            0.0010665936823749554,
            -0.01764529066099991,
            -0.004458781150010717
        ],
        [
            0.030627218087803026,
            0.009221240686896231,
            0.007619329783292331,
            -0.0386997113514197,
            -0.006796547460652828,
            -0.0590348436989751,
            -0.011208810556374281,
            0.005416374153274383,
            -0.0001447163652115892,
            -0.00808804067134096,
            0.011180066921101893,
            -0.0073639519499146796,
            0.0011646342257532962,
            0.02925632464169956,
            -0.00855632270947308,
            -0.004041509097735727,
            -0.002552849870030555,
            0.0005643476759699224,
            -0.011925580205850802,
            -0.0037043781834030566
        ],
        [
            -0.1679812345487729,
            -0.05533725848584005,
            -0.0386997113514197,
            0.19708948794696302,
            0.03446431904434366,
            0.2959621850368571,
            0.053538089895601014,
            -0.028174059393962596,
            0.011087658517675394,
            0.04069085952718607,
            -0.046658072685046084,
            0.03876059612494594,
            -0.005672953642208952,
            -0.14877392867983688,
            0.04151244465862167,
            0.017680193451930604,
            0.013504041071230873,
            -0.0025523535879086695,
            0.05374469275386104,
            0.016999816708991866
        ],
        [
            -0.025123612355240823,
            -0.006666542711843988,
            -0.006796547460652828,
            0.03446431904434366,
            0.006074235341260347,
            0.05375073334380344,
            0.011094866542786321,
            -0.004683839096762741,
            -0.0006772913535702295,
            0.0070788469465554015,
            -0.009656212837041196,
            0.007154920918447399,
            -0.0010721504405393962,
            -0.026112452580012605,
            0.007839605353074887,
            0.004381423458773223,
            0.002687513465185957,
            -0.0005060084926957845,
            0.01078289261087914,
            0.003335051924057028
        ],
        [
            -0.022233108479914686,
            0.08881475548527425,
            -0.0590348436989751,
            0.2959621850368571,
            0.05375073334380344,
            0.5787218633083184,
            0.20898085845267875,
            -0.027234060385596715,
            -0.0368122200472848,
            0.042621961767008824,
            0.013679453276418731,
            0.11804053470266655,
            -0.010025270892791824,
            -0.2653159923650499,
            0.07110710478885134,
            0.03437641369953116,
            0.02545359334585711,
            -0.0018745025683575688,
            0.045761950106160784,
            0.016397325485543807
        ],
        [
            0.16315956654492125,
            0.1411219578968566,
            -0.011208810556374281,
            0.053538089895601014,
            0.011094866542786321,
            0.20898085845267875,
            0.14109390168576433,
            0.006807963942596076,
            -0.025489646870660517,
            -0.009998868251158033,
            0.1063427751145138,
            0.08463366651868795,
            -0.0029522665052540264,
            -0.0739394748146631,
            0.017759605994673393,
            0.02852026409860803,
            0.025570305344272973,
            0.002032186876651107,
            -0.03540132145984387,
            -0.008855267527434476
        ],
        [
            0.050286417499053146,
            0.027166313852906205,
            0.005416374153274383,
            -0.028174059393962596,
            -0.004683839096762741,
            -0.027234060385596715,
            0.006807963942596076,
            0.005767421808792991,
            -0.008904058501047335,
            -0.0077700247321016965,
            0.014699393579729998,
            0.0021781998337407553,
            0.0005093617701962485,
            0.018678416538496025,
            -0.004137325628183241,
            0.003265417445980678,
            0.001473577174131504,
            0.0004866577542621256,
            -0.00927992752144777,
            -0.002900011370093586
        ],
        [
            -0.19410142999101335,
            -0.12840730924551136,
            -0.0001447163652115892,
            0.011087658517675394,
            -0.0006772913535702295,
            -0.0368122200472848,
            -0.025489646870660517,
            -0.008904058501047335,
            0.21940248142788613,
            -0.017241710134603242,
            0.27415711200689913,
            0.062386206003892615,
            0.004665461827414513,
            -0.012871839044231026,
            -0.039891085583297084,
            -0.04525713434339455,
            0.026360123555903107,
            0.00800915318421167,
            -0.1699849288199946,
            -0.04540260941919601
        ],
        [
            -0.0534174787770204,
            -0.02671943564513209,
            -0.00808804067134096,
            0.04069085952718607,
            0.0070788469465554015,
            0.042621961767008824,
            -0.009998868251158033,
            -0.0077700247321016965,
            -0.017241710134603242,
            0.014691837487977727,
            -0.06441985959204978,
            -0.013995380850160314,
            -0.0014075333427781725,
            -0.02499593228450283,
            0.011814341158010224,
            0.001572672114269291,
            -0.006158614845880896,
            -0.001955544163985678,
            0.0397529728199167,
            0.011244130998349427
        ],
        [
            0.03405615464269806,
            0.023502945389003188,
            0.011180066921101893,
            -0.046658072685046084,
            -0.009656212837041196,
            0.013679453276418731,
            0.1063427751145138,
            0.014699393579729998,
            0.27415711200689913,
            -0.06441985959204978,
            0.5627446995343998,
            0.18804468268747285,
            0.005442524745195194,
            0.011124020554581017,
            -0.05527367683406146,
            0.01571182246397812,
            0.09726295554373111,
            0.015164617503854096,
            -0.3087479125138073,
            -0.08426223789396654
        ],
        [
            0.023140844184837285,
            0.024672609272076394,
            -0.0073639519499146796,
