{
    "opt_E": -2.1717856277578225,
    "HF_E": -2.1419172500202666,
    "B3LYP_E": -2.143824193487339,
    "sto-3G_E": -2.126386418644229,
    "proj": [
        [
            0.5253513569507637,
            0.3226463007917799,
            0.03328075460660421,
            -0.17723854995466456,
            0.004951757685517079,
            0.07497755579485811,
            0.18065225978863997,
            0.056489234077532396,
            -0.25129307854864463,
            0.022397543115303994,
            0.0557266792092072,
            0.03390403821312284,
            -9.006594734420643e-05,
            0.032938652954040505,
            0.0016182294389560754,
            -6.0509671655856915e-05,
            -0.03685227937862002,
            -0.0029736000395296394,
            -0.030061966279913706,
            0.0002949644286172902
        ],
        [
            0.3226463007917799,
            0.2080839297516313,
            0.011635902896301455,
            -0.06534393809146073,
            0.000761748765288653,
            0.10890908951709037,
            0.12739496516598273,
            0.030691178581189436,
            -0.14670763453528057,
            0.010370198217850827,
            0.03793915482325918,
            0.02406629322133485,
            0.0022899477353740465,
            -0.029653718453902123,
            -0.004664934053229216,
            -0.02717936278275173,
            -0.03845941606667457,
            -0.00166922601546824,
            -0.021673268475768878,
            -7.487083333318517e-05
        ],
        [
            0.03328075460660421,
            0.011635902896301455,
            0.012063488318745217,
            -0.06057215281746419,
            0.0030076877044588764,
            -0.06409107116701727,
            -0.0052763288977885365,
            0.007124478676882526,
            -0.01375671261512594,
            0.006438271401121452,
            0.012470408685275944,
            -0.007480094361525232,
            -0.004894408172680823,
            0.043989700318049746,
            0.006479931444742223,
            -0.006187956087748462,
            -0.006215664567809845,
            -0.0018091240906429132,
            -0.016942883666466697,
            -0.00045076689200198114
        ],
        [
            -0.17723854995466456,
            -0.06534393809146073,
            -0.06057215281746419,
            0.3045033851696712,
            -0.015013883918197619,
            0.3170635098548333,
            0.02355165651986941,
            -0.03684084889059542,
            0.07728974420315644,
            -0.031909995596013485,
            -0.056279160460038544,
            0.04016956291171402,
            0.024154898216515595,
            -0.216748491794414,
            -0.031983934507961144,
            0.03544738909184546,
            0.03587298300228143,
            0.00882220071500468,
            0.08232264069850306,
            0.002161656757319955
        ],
        [
            0.004951757685517079,
            0.000761748765288653,
            0.0030076877044588764,
            -0.015013883918197619,
            0.0007828047742199088,
            -0.017657979843889296,
            -0.0025109049328760616,
            0.0014155733701210636,
            -0.0008140718772586389,
            0.0016992068387514192,
            0.004515594424556608,
            -0.0020587020501501244,
            -0.0014491100061296868,
            0.011208060588105353,
            0.0017632068306533816,
            -0.002860593112184949,
            -0.0019122575192691063,
            -0.0005670428929521391,
            -0.00559620138752006,
            -0.0001707409895332623
        ],
        [
            0.07497755579485811,
            0.10890908951709037,
            -0.06409107116701727,
            0.3170635098548333,
            -0.017657979843889296,
            0.5018610063343927,
            0.1611035512129913,
            -0.019994573773396054,
            -0.0018665163556511304,
            -0.024322982560552854,
            0.03638378224250183,
            0.10423024465375101,
            0.02958229194172965,
            -0.2832695991755801,
            -0.04207738486030145,
            0.042364805455245534,
            0.035951579192803104,
            0.006531174314461741,
            0.04907534521319807,
            0.001548978272548885
        ],
        [
            0.18065225978863997,
            0.12739496516598273,
            -0.0052763288977885365,
            0.02355165651986941,
            -0.0025109049328760616,
            0.1611035512129913,
            0.11631733382079841,
            0.009059545721763894,
            -0.027799963142409723,
            0.008584045358403056,
            0.12183028571926544,
            0.0752728693357981,
            0.003393718410999008,
            -0.05031183240420425,
            -0.0076957169286842935,
            0.025825005676451688,
            0.022939817183730435,
            -0.0034873471778696856,
            -0.046193088693717625,
            -0.0011588660677199275
        ],
        [
            0.056489234077532396,
            0.030691178581189436,
            0.007124478676882526,
            -0.03684084889059542,
            0.0014155733701210636,
            -0.019994573773396054,
            0.009059545721763894,
            0.00825006068492463,
            -0.03836459488397036,
            0.0024910077632325474,
            -0.011885479477547737,
            -0.005414774204331497,
            -0.0004618977995906814,
            0.0208359117902661,
            0.002080674960077299,
            0.004831630987674556,
            -0.004193637026966244,
            0.0002508061370180138,
            0.00535809399955854,
            0.00036588099227941745
        ],
        [
            -0.25129307854864463,
            -0.14670763453528057,
            -0.01375671261512594,
            0.07728974420315644,
            -0.0008140718772586389,
            -0.0018665163556511304,
            -0.027799963142409723,
            -0.03836459488397036,
            0.28430945714744044,
            0.013837598874986888,
            0.26712562522228883,
            0.07210218484284164,
            -0.017007766778036757,
            -0.02244069243299294,
            0.005993189469701257,
            -0.056398407202937144,
            0.02836816489583041,
            -0.013883737793217258,
            -0.1691078256581754,
            -0.006606891070555436
        ],
        [
            0.022397543115303994,
            0.010370198217850827,
            0.006438271401121452,
            -0.031909995596013485,
            0.0016992068387514192,
            -0.024322982560552854,
            0.008584045358403056,
            0.0024910077632325474,
            0.013837598874986888,
            0.006911257215886422,
            0.04978930094831059,
            0.011636023682828317,
            -0.004554331828207914,
            0.022621321745364017,
            0.004121837282062163,
            -0.005208097368700544,
            0.002071892867650571,
            -0.0030079425841227792,
            -0.03351543697638434,
            -0.0010771651084035881
        ],
        [
            0.0557266792092072,
            0.03793915482325918,
            0.012470408685275944,
            -0.056279160460038544,
            0.004515594424556608,
            0.03638378224250183,
            0.12183028571926544,
            -0.011885479477547737,
            0.26712562522228883,
            0.04978930094831059,
            0.5527006993685786,
            0.19194691456871382,
            -0.029366592670658033,
            0.05336047949705402,
            0.016625887247943175,
            -0.004064224549365339,
            0.08088527291844028,
            -0.027067858465470107,
            -0.3177349159395546,
            -0.010721232279547797
        ],
        [
            0.03390403821312284,
            0.02406629322133485,
            -0.007480094361525232,
