{
    "opt_E": -2.16580503438921,
    "HF_E": -2.134997278812246,
    "B3LYP_E": -2.136943294046349,
    "sto-3G_E": -2.1068543703811993,
    "proj": [
        [
            0.560313732036047,
            0.36430763056142473,
            -0.025476234595470573,
            -0.17694706842586574,
            0.02267985314494138,
            0.010371140883995364,
            0.16748622869884747,
            -0.06238617638880036,
            -0.2032678459528951,
            0.0478847272563324,
            0.0286298329274745,
            0.03239986959795212,
            -0.0049446547225350185,
            0.04546259285495826,
            0.01263159968454604,
            0.0018114665412170272,
            -0.03225350049094891,
            -0.005914348775943049,
            -0.017273793928649635,
            -0.0030531524015898017
        ],
        [
            0.36430763056142473,
            0.2511092788746851,
            -0.008023691232175762,
            -0.07151187310256069,
            0.007848009156356502,
            0.08417651562534227,
            0.13425287490149082,
            -0.03393406969384616,
            -0.13190076957814023,
            0.024605084192022765,
            0.03050794034894491,
            0.027411832320042368,
            0.004711688709647765,
            -0.026832168767024777,
            -0.0023828032982627476,
            -0.033505663413646615,
            -0.04079409628631447,
            -0.005411720754835818,
            -0.02385837110863268,
            -0.003727403010678344
        ],
        [
            -0.025476234595470573,
            -0.008023691232175762,
            0.008206516666142446,
            0.04311471754348781,
            -0.006934155443192307,
            0.05893164303703176,
            0.010490659503601289,
            0.01151623275605933,
            -0.002752307912026792,
            -0.009253060983968615,
            -0.008548328644788935,
            0.007847286040455148,
            0.01311271361681456,
            -0.034106989877881695,
            -0.0067055948707747835,
            0.0032565957681163498,
            0.003822666329676176,
            0.004361365060719583,
            0.012055868629169528,
            0.0023552644611144345
        ],
        [
            -0.17694706842586574,
            -0.07151187310256069,
            0.04311471754348781,
            0.2312137473263757,
            -0.036353924360036614,
            0.2972082893032137,
            0.04181504077474058,
            0.059508380305076596,
            0.015764280962566178,
            -0.04824950799965208,
            -0.024495270879994802,
            0.04227458229561042,
            0.06346614664130343,
            -0.17520482318888542,
            -0.034984530963569356,
            0.0149106805279575,
            0.02361239918873662,
            0.01870347851161743,
            0.04885786700979522,
            0.009882711453691061
        ],
        [
            0.02267985314494138,
            0.007848009156356502,
            -0.006934155443192307,
            -0.036353924360036614,
            0.005900554480231354,
            -0.04829026350917959,
            -0.007427304607086624,
            -0.01051255809041764,
            0.004230995257944435,
            0.0083017411885008,
            0.011566320279215314,
            -0.005341824590370775,
            -0.011529719390677531,
            0.02817243371342489,
            0.005510145539845211,
            -0.003429599606892732,
            -0.0032240401759961444,
            -0.0044467663512905925,
            -0.012976435904252705,
            -0.0024529362722085207
        ],
        [
            0.010371140883995364,
            0.08417651562534227,
            0.05893164303703176,
            0.2972082893032137,
            -0.04829026350917959,
            0.5297207413780052,
            0.183252582082596,
            0.05217081499595809,
            -0.03929844640872725,
            -0.04646734949910385,
            0.06104407228265775,
            0.11804362651538179,
            0.09675246467444215,
            -0.27369023696307015,
            -0.053671300698095475,
            0.030666106727932067,
            0.035258297468385776,
            0.014295575343851915,
            0.023171545655564913,
            0.006736371653935288
        ],
        [
            0.16748622869884747,
            0.13425287490149082,
            0.010490659503601289,
            0.04181504077474058,
            -0.007427304607086624,
            0.183252582082596,
            0.12398916296983896,
            -0.01518577128120086,
            -0.030511205357602305,
            0.008030906642677096,
            0.10742032008542787,
            0.07841890027456323,
            0.023800641747431815,
            -0.06257008830250592,
            -0.012389294578461036,
            0.035966303070446154,
            0.02772223688235429,
            -0.008721205859523603,
            -0.03647282981121135,
            -0.005202197438384253
        ],
        [
            -0.06238617638880036,
            -0.03393406969384616,
            0.01151623275605933,
            0.059508380305076596,
            -0.01051255809041764,
            0.05217081499595809,
            -0.01518577128120086,
            0.03126135699783773,
            -0.0372873687382093,
            -0.02246795685875796,
            -0.09551051466242941,
            -0.01822101755210247,
            0.02478673512496725,
            -0.04058857801535611,
            -0.007286993269559911,
            0.00417608292658513,
            -0.0031987594313082754,
            0.019632774213264457,
            0.06555598793282892,
            0.011344643305485914
        ],
        [
            -0.2032678459528951,
            -0.13190076957814023,
            -0.002752307912026792,
            0.015764280962566178,
            0.004230995257944435,
            -0.03929844640872725,
            -0.030511205357602305,
            -0.0372873687382093,
            0.24505479567683314,
            0.022331105889134287,
            0.2761272352427563,
            0.05033006989896672,
            -0.05149306177151955,
            0.013727890337418327,
            -0.001526823079050901,
            -0.03374175957506545,
            0.022343965169532774,
            -0.05273692712696516,
            -0.18605398621232655,
            -0.031500474068601916
        ],
        [
            0.0478847272563324,
            0.024605084192022765,
            -0.009253060983968615,
            -0.04824950799965208,
            0.0083017411885008,
            -0.04646734949910385,
            0.008030906642677096,
            -0.02246795685875796,
            0.022331105889134287,
            0.016448255721685456,
            0.0616748564596681,
            0.01113657475270202,
            -0.01784830154032468,
            0.03574111978704619,
            0.006549201109597078,
            0.0016192653460457918,
            0.004147390640471121,
            -0.012898698546893864,
            -0.04198703456570788,
            -0.00733483001156846
        ],
        [
            0.0286298329274745,
            0.03050794034894491,
            -0.008548328644788935,
            -0.024495270879994802,
            0.011566320279215314,
            0.06104407228265775,
            0.10742032008542787,
            -0.09551051466242941,
            0.2761272352427563,
            0.0616748564596681,
            0.5228642968861786,
            0.1656959468241182,
            -0.05873990579101031,
            0.02969940843412456,
            -0.0002481749193672332,
            0.03848217510120635,
            0.08384716245306092,
            -0.08693005542149579,
            -0.3033972661354935,
            -0.050759728343020255
        ],
        [
            0.03239986959795212,
            0.027411832320042368,
            0.007847286040455148,
            0.04227458229561042,
            -0.005341824590370775,
