{
    "opt_E": -2.203926254068873,
    "HF_E": -2.1729579349556247,
    "B3LYP_E": -2.1754535526832792,
    "sto-3G_E": -2.16172168678021,
    "proj": [
        [
            0.5547792416485176,
            0.34082646207724854,
            -0.009733469926059769,
            -0.17539898819573346,
            0.028307479254481134,
            0.026364812641811782,
            0.17319369438970056,
            -0.018271267122653898,
            -0.24245821010694515,
            0.04566630084582582,
            0.05094997332519559,
            0.026148704998657037,
            0.002207586608017453,
            0.04538938137721611,
            -0.0009523501815463341,
            0.0004159372307526773,
            -0.03193521613414663,
            -0.007477591015677932,
            -0.028548803513602224,
            -0.006534145636766504
        ],
        [
            0.34082646207724854,
            0.2258350016934099,
            -0.002645547292066858,
            -0.05426454209990465,
            0.008440925230399753,
            0.10621671739526498,
            0.1347937614506802,
            -0.009803865158688767,
            -0.14565068607476253,
            0.02412407565215465,
            0.027359096845542195,
            0.022391047069163034,
            0.000508513564537405,
            -0.029431323719566665,
            0.0017971542625030393,
            -0.02538319770589637,
            -0.03613793661150659,
            -0.003444530865120091,
            -0.014664355177875532,
            -0.0027737739803149813
        ],
        [
            -0.009733469926059769,
            -0.002645547292066858,
            0.0009798866864832005,
            0.015722850348734736,
            -0.002607181388150199,
            0.020330898167342813,
            0.0032558831635650437,
            0.0006442757254378938,
            0.003018822369009964,
            -0.0015879146818682927,
            -0.00454193811399954,
            0.0025447185846320134,
            0.0006350228922398164,
            -0.010931296005094153,
            0.0014308137657092382,
            0.0029995197948900604,
            0.001968506823218084,
            0.0010902650515131277,
            0.004799733086907774,
            0.0010192754958874644
        ],
        [
            -0.17539898819573346,
            -0.05426454209990465,
            0.015722850348734736,
            0.25380427519455034,
            -0.04205852298333661,
            0.3191995302880505,
            0.04541536650786936,
            0.01086743026602631,
            0.06273200879297879,
            -0.0271419227482405,
            -0.06507141066427059,
            0.03673051466615837,
            0.007939843438242784,
            -0.18042443392876167,
            0.020566408798784002,
            0.028124872757471046,
            0.021579790341463175,
            0.01572254876379004,
            0.06765419849450197,
            0.014754923280391751
        ],
        [
            0.028307479254481134,
            0.008440925230399753,
            -0.002607181388150199,
            -0.04205852298333661,
            0.006975562455109051,
            -0.053134378704394324,
            -0.007554992313739203,
            -0.0017908087749121469,
            -0.009416032507312475,
            0.004419498018531856,
            0.012205968662101817,
            -0.005400498306813689,
            -0.0013277361289598982,
            0.030321186895971793,
            -0.0034530819337933376,
            -0.003969592671088601,
            -0.0028200156195636633,
            -0.0027165446581608973,
            -0.011751557421160288,
            -0.0025461618204667465
        ],
        [
            0.026364812641811782,
            0.10621671739526498,
            0.020330898167342813,
            0.3191995302880505,
            -0.053134378704394324,
            0.5535702517629597,
            0.19118147321037254,
            0.007183317733405313,
            0.005014395428853526,
            -0.020968466124872145,
            0.002350688698369809,
            0.10493352008680704,
            0.010220696896312113,
            -0.27514459258404994,
            0.028285984601529705,
            0.03721297378431973,
            0.02611066080561794,
            0.013420432826242166,
            0.053983372699769105,
            0.013223053338553264
        ],
        [
            0.17319369438970056,
            0.1347937614506802,
            0.0032558831635650437,
            0.04541536650786936,
            -0.007554992313739203,
            0.19118147321037254,
            0.13231578986647652,
            -0.0037442764713355643,
            -0.023069036603363586,
            0.00466095535541214,
            0.11660053163325287,
            0.08275754960687891,
            0.0004496087031146642,
            -0.06617409716011734,
            0.0036650318150384816,
            0.021591185581923245,
            0.02330594680126412,
            -0.007425293836172379,
            -0.038128125943895905,
            -0.006246286440225491
        ],
        [
            -0.018271267122653898,
            -0.009803865158688767,
            0.0006442757254378938,
            0.01086743026602631,
            -0.0017908087749121469,
            0.007183317733405313,
            -0.0037442764713355643,
            0.0007490778850226646,
            0.006473598750105882,
            -0.001773698440461188,
            -0.005585533929590233,
            -0.0011899991181169621,
            0.000132210670198919,
            -0.006345903975108188,
            0.0005787569269838012,
            -0.0007986153550704352,
            -0.00010421723883873784,
            0.0007758421550402289,
            0.003342898987318498,
            0.0007090431468636215
        ],
        [
            -0.24245821010694515,
            -0.14565068607476253,
            0.003018822369009964,
            0.06273200879297879,
            -0.009416032507312475,
            0.005014395428853526,
            -0.023069036603363586,
            0.006473598750105882,
            0.24414052722203988,
            -0.026647240902562517,
            0.2579843729075551,
            0.07975787942849989,
            -0.017654349417798587,
            -0.027107637298180772,
            -0.020321554545225457,
            -0.05687505919103435,
            0.028581059048950055,
            -0.027093550313056255,
            -0.1394149583950924,
            -0.024381852856866344
        ],
        [
            0.04566630084582582,
            0.02412407565215465,
            -0.0015879146818682927,
            -0.0271419227482405,
            0.004419498018531856,
            -0.020968466124872145,
            0.00466095535541214,
            -0.001773698440461188,
            -0.026647240902562517,
            0.004999523170260947,
            -0.007621877493268211,
            -0.005205783652315064,
            0.0006796246600655188,
            0.01621779279210901,
            -0.00016462801081449255,
            0.0033521548953721046,
            -0.002805964428498031,
            0.00021971727351451784,
            0.0024293878096336564,
            0.00016238242108247597
        ],
        [
            0.05094997332519559,
            0.027359096845542195,
            -0.00454193811399954,
            -0.06507141066427059,
            0.012205968662101817,
            0.002350688698369809,
            0.11660053163325287,
            -0.005585533929590233,
            0.2579843729075551,
            -0.007621877493268211,
            0.5901740559114017,
            0.21358407076815994,
            -0.027338661161959016,
            0.041594294097515055,
            -0.037800367763908896,
            -0.026105636998103313,
            0.0865111326418586,
            -0.0605342322633792,
            -0.299263137160362,
            -0.05441386824661556
        ],
        [
            0.026148704998657037,
            0.022391047069163034,
