{
    "opt_E": -2.1790184109189865,
    "HF_E": -2.146538323410521,
    "B3LYP_E": -2.1492821584405695,
    "sto-3G_E": -2.1252755718877987,
    "proj": [
        [
            0.5699643566303152,
            0.3673048560750019,
            -0.007705201608512999,
            -0.16474839231478242,
            0.0408413443968707,
            0.0027138721327949963,
            0.1665972008566916,
            -0.012422509677058945,
            -0.19700397062167394,
            0.08875954164974367,
            0.032193269060590606,
            0.02783300701372354,
            0.009479664422407217,
            0.05622748312159038,
            0.015071190971844636,
            -0.0006328118706027681,
            -0.03273359226927204,
            -0.005799640977080213,
            -0.017757499790842585,
            -0.002666578512873439
        ],
        [
            0.3673048560750019,
            0.25132261682258855,
            -0.002691003934443759,
            -0.06366685137044463,
            0.013172552678475042,
            0.08321803458082729,
            0.13495675048810526,
            -0.008421217078200201,
            -0.12996568901885658,
            0.046499055406368235,
            0.028207963287714546,
            0.0247483792063795,
            0.0014912186289007439,
            -0.021045043311587686,
            -0.0031733872850930995,
            -0.030673501171353597,
            -0.04090253400070941,
            -0.004608464973588968,
            -0.015706270507162456,
            -0.0021414380446229345
        ],
        [
            -0.007705201608512999,
            -0.002691003934443759,
            0.0005535729284749661,
            0.010467533376928025,
            -0.003157297301195365,
            0.01544725319895706,
            0.002922339550979951,
            3.173490962797867e-05,
            0.0005415581694810371,
            -0.0034413032969831557,
            -0.0004084711057644765,
            0.0026269664036271266,
            0.00011132417839483095,
            -0.009079517494848626,
            -0.002178696184676143,
            0.0022240091842895115,
            0.0016596157498104055,
            0.0007553207268653962,
            0.0022411496964784023,
            0.0005139628391387617
        ],
        [
            -0.16474839231478242,
            -0.06366685137044463,
            0.010467533376928025,
            0.19968312545237968,
            -0.060136444602470404,
            0.28220889899642554,
            0.043050613466995014,
            0.0009369916387699375,
            0.00914851525908651,
            -0.06952598403679204,
            -0.026927012038982845,
            0.03659770850087153,
            0.0007754173002470815,
            -0.1759332769223537,
            -0.041757567656806084,
            0.026954789231059272,
            0.019587646207641935,
            0.015988293375253284,
            0.04728581835838335,
            0.010563076192554406
        ],
        [
            0.0408413443968707,
            0.013172552678475042,
            -0.003157297301195365,
            -0.060136444602470404,
            0.018458574881310898,
            -0.08823826499464185,
            -0.015013005373157832,
            7.27737540456205e-05,
            0.006438760624609214,
            0.02156510185736727,
            0.01724379879474914,
            -0.00931088456577695,
            -0.0012462375863298567,
            0.05450222717009268,
            0.012828301367635181,
            -0.010991746235137807,
            -0.005572743080002293,
            -0.0066455926204347735,
            -0.01991851571357216,
            -0.004316024970380503
        ],
        [
            0.0027138721327949963,
            0.08321803458082729,
            0.01544725319895706,
            0.28220889899642554,
            -0.08823826499464185,
            0.5404593463323725,
            0.18956092382535195,
            -0.003968817817647521,
            -0.04185057944747897,
            -0.06955209982857691,
            0.0533700475155816,
            0.11383619815988255,
            0.0010760465437911649,
            -0.2942345924308647,
            -0.0698556900674238,
            0.04210481807989257,
            0.028270079481315043,
            0.01224710347419523,
            0.033891064492889124,
            0.009658192367780146
        ],
        [
            0.1665972008566916,
            0.13495675048810526,
            0.002922339550979951,
            0.043050613466995014,
            -0.015013005373157832,
            0.18956092382535195,
            0.13025614334293792,
            -0.0038769960923543847,
            -0.020989078021113716,
            0.015961692829761957,
            0.1187738347626657,
            0.0826622700486045,
            -0.00039613124608156564,
            -0.0690852249865725,
            -0.017281530704298702,
            0.023481812483699013,
            0.021906603801901906,
            -0.011729489621935173,
            -0.03708665555287331,
            -0.005865486549021892
        ],
        [
            -0.012422509677058945,
            -0.008421217078200201,
            3.173490962797867e-05,
            0.0009369916387699375,
            7.27737540456205e-05,
            -0.003968817817647521,
            -0.0038769960923543847,
            0.00040340780860337067,
            0.00884706779426089,
            -0.0003264237551529393,
            0.005872190677848331,
            0.00020072187546637816,
            -0.0009769627898859473,
            0.0009220291497433668,
            0.00014815544287294765,
            -0.0033590119236565253,
            -0.00030153049943878557,
            -0.0013488759485743747,
            -0.004205271332834375,
            -0.0008592346463850563
        ],
        [
            -0.19700397062167394,
            -0.12996568901885658,
            0.0005415581694810371,
            0.00914851525908651,
            0.006438760624609214,
            -0.04185057944747897,
            -0.020989078021113716,
            0.00884706779426089,
            0.252365456356505,
            0.023368382379465282,
            0.29194560239656764,
            0.0732366552444786,
            -0.02775995752056128,
            0.028294873342124324,
            0.003290689127918781,
            -0.06775614211498407,
            0.01972672910165502,
            -0.054684428520822254,
            -0.16960227703776143,
            -0.03347287824903442
        ],
        [
            0.08875954164974367,
            0.046499055406368235,
            -0.0034413032969831557,
            -0.06952598403679204,
            0.02156510185736727,
            -0.06955209982857691,
            0.015961692829761957,
            -0.0003264237551529393,
            0.023368382379465282,
            0.03643997466984188,
            0.083353470030088,
            0.019457910327211513,
            -0.003315341973434102,
            0.059582924075170886,
            0.013317570844322502,
            -0.00740482975765499,
            0.0047229706180773896,
            -0.016728128319953413,
            -0.05096516426255879,
            -0.010157083321825624
        ],
        [
            0.032193269060590606,
            0.028207963287714546,
            -0.0004084711057644765,
            -0.026927012038982845,
            0.01724379879474914,
            0.0533700475155816,
            0.1187738347626657,
            0.005872190677848331,
            0.29194560239656764,
            0.083353470030088,
            0.5429308693513151,
            0.19869245371265717,
            -0.029467624935000446,
            0.05182125961540898,
            0.005619454094400508,
            -0.013780414714142564,
            0.08175098984104304,
            -0.08910249315800575,
            -0.27469392194893383,
            -0.05290537418463854
        ],
        [
            0.02783300701372354,
            0.0247483792063795,
            0.0026269664036271266,
