{
    "opt_E": -2.1697924382872262,
    "HF_E": -2.1375502792848944,
    "B3LYP_E": -2.140163102468476,
    "sto-3G_E": -2.1159003144468396,
    "proj": [
        [
            0.5718116731594692,
            0.3718555604547374,
            0.018954173806777403,
            -0.1650897882458668,
            0.04533112232575804,
            -0.001336947647287295,
            0.16521351558680128,
            0.01885706375363736,
            -0.18406577360769355,
            0.08797327573145493,
            0.03526382922413481,
            0.026819301338887106,
            -0.0008088521129410963,
            0.06288638685770115,
            0.010186306709949357,
            -0.0014227809879346185,
            -0.03162333724934605,
            -0.007295373370008318,
            -0.02311188212564874,
            -0.00373648225461528
        ],
        [
            0.3718555604547374,
            0.2568192266118024,
            0.007667652737785045,
            -0.06544394122972559,
            0.015625767370746443,
            0.07998214282602041,
            0.13536149371319617,
            0.011955528102233118,
            -0.12504133255495248,
            0.04797715930136785,
            0.030721260165279863,
            0.02388193683106908,
            0.0023844745250304277,
            -0.01966504982229772,
            -0.002575558845300415,
            -0.03325469977766333,
            -0.04114887468780851,
            -0.005083597770536738,
            -0.021289486467486147,
            -0.003060378168901557
        ],
        [
            0.018954173806777403,
            0.007667652737785045,
            0.0024459585676173336,
            -0.021838871463850232,
            0.00702391296696045,
            -0.030228726918990877,
            -0.004225529215309881,
            7.777354099905697e-05,
            0.0013644797967317115,
            0.006894215564251871,
            0.004769248286893768,
            -0.0032754962644021045,
            -0.0035715683557522894,
            0.020266623969830953,
            0.0025894353606627655,
            -0.0018543232649243528,
            -0.0013713606133536835,
            -0.0019864736082186346,
            -0.006294727206958343,
            -0.0014355346347361849
        ],
        [
            -0.1650897882458668,
            -0.06544394122972559,
            -0.021838871463850232,
            0.19568765493889131,
            -0.06283801483304821,
            0.2762700492948265,
            0.04382329641864166,
            -0.001568755017719724,
            -0.005568897553015241,
            -0.05985719529902749,
            -0.02612302352179765,
            0.03828837982475771,
            0.031886430616271166,
            -0.17849888329613123,
            -0.023042036128573036,
            0.02572539748390411,
            0.02034829952593608,
            0.016150306358639326,
            0.050371861749715585,
            0.011703327783200553
        ],
        [
            0.04533112232575804,
            0.015625767370746443,
            0.00702391296696045,
            -0.06283801483304821,
            0.02039542470432369,
            -0.09166185741812913,
            -0.016287042325675898,
            -0.00027973289585082466,
            0.008989690540763448,
            0.019082471744920518,
            0.014546583358821493,
            -0.01136140030973648,
            -0.011414412351793605,
            0.05869700152135266,
            0.007307633883580915,
            -0.009625577607481083,
            -0.00597365188963735,
            -0.006258631296195014,
            -0.020292586190796724,
            -0.004606373162309524
        ],
        [
            -0.001336947647287295,
            0.07998214282602041,
            -0.030228726918990877,
            0.2762700492948265,
            -0.09166185741812913,
            0.5312290339226231,
            0.19059049432376518,
            0.00037058044615041134,
            -0.05343778529640616,
            -0.05654939461116787,
            0.06419300745120061,
            0.11766227210440144,
            0.04977717903451115,
            -0.2976776756210805,
            -0.04044565703526706,
            0.04241701208118438,
            0.03193011813207758,
            0.012733757102182693,
            0.029054901591114304,
            0.009531992246607533
        ],
        [
            0.16521351558680128,
            0.13536149371319617,
            -0.004225529215309881,
            0.04382329641864166,
            -0.016287042325675898,
            0.19059049432376518,
            0.12933718553521176,
            -0.00015894343413416486,
            -0.0240904640390975,
            0.013891186195292319,
            0.11414535733507794,
            0.07993572725508473,
            0.010448620323579218,
            -0.07218418168009982,
            -0.01160212865801484,
            0.027716440355391295,
            0.02288305663494294,
            -0.008522515784361067,
            -0.03764153717161156,
            -0.005880529612792292
        ],
        [
            0.01885706375363736,
            0.011955528102233118,
            7.777354099905697e-05,
            -0.001568755017719724,
            -0.00027973289585082466,
            0.00037058044615041134,
            -0.00015894343413416486,
            0.0034805498269146217,
            -0.030084924470837156,
            -0.0010630828956148472,
            -0.03648883689264715,
            -0.009303223617404929,
            0.005019834537994064,
            -0.0008550109928242755,
            0.0013456801128227114,
            0.00704214615781527,
            -0.002145472919604053,
            0.005756961308248771,
            0.022532334533164583,
            0.0044946612285134795
        ],
        [
            -0.18406577360769355,
            -0.12504133255495248,
            0.0013644797967317115,
            -0.005568897553015241,
            0.008989690540763448,
            -0.05343778529640616,
            -0.0240904640390975,
            -0.030084924470837156,
            0.26579423891924936,
            0.010384148135284195,
            0.2989848313820514,
            0.06685583280177289,
            -0.04640538722025022,
            0.03402365508068924,
            -0.0076375873149027735,
            -0.05943416845877302,
            0.01882752649115937,
            -0.04901678990795199,
            -0.18995487624503588,
            -0.03828991598422875
        ],
        [
            0.08797327573145493,
            0.04797715930136785,
            0.006894215564251871,
            -0.05985719529902749,
            0.019082471744920518,
            -0.05654939461116787,
            0.013891186195292319,
            -0.0010630828956148472,
            0.010384148135284195,
            0.02540129286120576,
            0.05335036838460694,
            0.011385638577665344,
            -0.010501193941488018,
            0.05182026576222909,
            0.005710455237026065,
            0.002301623872880434,
            0.004579487928665429,
            -0.010022525729568682,
            -0.03517354166389178,
            -0.0072546860779436366
        ],
        [
            0.03526382922413481,
            0.030721260165279863,
            0.004769248286893768,
            -0.02612302352179765,
            0.014546583358821493,
            0.06419300745120061,
            0.11414535733507794,
            -0.03648883689264715,
            0.2989848313820514,
            0.05335036838460694,
            0.5251520592988511,
            0.18482439641970053,
            -0.04962583430793904,
            0.04411924910253938,
            -0.01041658563834476,
            0.010541030404994774,
            0.08334941066110632,
            -0.07398782294151073,
            -0.2849454315726842,
            -0.05603230492466928
        ],
        [
            0.026819301338887106,
            0.02388193683106908,
            -0.0032754962644021045,
