{
    "opt_E": -2.1827522791835476,
    "HF_E": -2.152060923228239,
    "B3LYP_E": -2.153995259793557,
    "sto-3G_E": -2.1370298956979785,
    "proj": [
        [
            0.580404228055916,
            0.36911167721164134,
            0.011996739686217157,
            -0.17701359130943844,
            -0.005700552573793868,
            -0.019969786957928025,
            0.1643410192139704,
            0.014140680503294175,
            -0.1978160781958046,
            -0.02704057122487434,
            0.042751730034827275,
            0.019260000999505686,
            -0.007161233969230293,
            0.06062176297421326,
            -0.009074259086896361,
            0.0013161501025456394,
            -0.02966653852290862,
            0.013097982801898793,
            -0.03537710771808677,
            0.00041333975851860874
        ],
        [
            0.36911167721164134,
            0.2560418564015458,
            0.003853888768771452,
            -0.05923505412442455,
            -0.0009386106472807487,
            0.0873780512840358,
            0.14117016389408418,
            0.010268178106105617,
            -0.13106209417373907,
            -0.010320003234350141,
            0.02929151102706616,
            0.02188335188972681,
            0.0034804148414627352,
            -0.02945909407189681,
            0.0061257111116670045,
            -0.03388426383352732,
            -0.03823912023807503,
            0.009362576782132096,
            -0.02846138211069967,
            0.0009423433824263753
        ],
        [
            0.011996739686217157,
            0.003853888768771452,
            0.0010829260858944679,
            -0.015345893235479639,
            -0.0007356069282012139,
            -0.02191631634716725,
            -0.0043900843152389225,
            -0.00013106665416964607,
            -0.0008328479673003889,
            -0.002349657274017657,
            0.0020472487526651205,
            -0.00424826853445397,
            0.00013206804567456954,
            0.010949936261221406,
            -0.0026341305895048236,
            -0.0021111798203110243,
            -0.0022277042749545718,
            0.0016876693878791287,
            -0.004439755661909618,
            0.0001910616180141914
        ],
        [
            -0.17701359130943844,
            -0.05923505412442455,
            -0.015345893235479639,
            0.21846644233236656,
            0.010450234956476403,
            0.30527208991167154,
            0.05516918622122229,
            0.00224956740841767,
            0.0049420676975020835,
            0.03563192295802221,
            -0.04903011562658746,
            0.05049059157336401,
            -0.0014519303111467225,
            -0.15825553438843462,
            0.037618756892267985,
            0.018091654698161264,
            0.022467189864276017,
            -0.026870921827873172,
            0.07098811432212479,
            -0.002992622090965011
        ],
        [
            -0.005700552573793868,
            -0.0009386106472807487,
            -0.0007356069282012139,
            0.010450234956476403,
            0.0005228383364086781,
            0.01583817193224559,
            0.0037549848228027286,
            0.00025578791498575014,
            -0.001707891044265005,
            0.0018475459616895556,
            -0.0033561238386721126,
            0.0028601658874445645,
            -0.00044473387260531597,
            -0.007273416625791025,
            0.0019250880425110053,
            0.0021119957263053607,
            0.0016001133846869256,
            -0.0017238296617867973,
            0.004669441655485078,
            -0.00022179171432433882
        ],
        [
            -0.019969786957928025,
            0.0873780512840358,
            -0.02191631634716725,
            0.30527208991167154,
            0.01583817193224559,
            0.5618670873327632,
            0.20576260423134074,
            0.008170327430453332,
            -0.04279238677880141,
            0.03993711349376889,
            0.026065205059046973,
            0.13014643264037018,
            0.0013165063037856417,
            -0.26491036652810807,
            0.062579588034196,
            0.041261036320092044,
            0.040224640954532945,
            -0.02195639736387575,
            0.05351450317763541,
            -0.002459952534720121
        ],
        [
            0.1643410192139704,
            0.14117016389408418,
            -0.0043900843152389225,
            0.05516918622122229,
            0.0037549848228027286,
            0.20576260423134074,
            0.13758103917266162,
            0.004443321248093877,
            -0.032617249495441716,
            -0.002768788326618151,
            0.09895891480015333,
            0.07893499373390804,
            0.002220068322100798,
            -0.07582178571428098,
            0.018174413451733037,
            0.034249093426967935,
            0.025707152039338838,
            0.011123948931451851,
            -0.03379612817431702,
            0.001181443650410976
        ],
        [
            0.014140680503294175,
            0.010268178106105617,
            -0.00013106665416964607,
            0.00224956740841767,
            0.00025578791498575014,
            0.008170327430453332,
            0.004443321248093877,
            0.0012594884057171663,
            -0.01717126708198807,
            0.0025246991898915418,
            -0.018128141203362855,
            -0.0017024517694089426,
            -0.002396913562912671,
            -0.0008368263961719166,
            0.001326221590014044,
            0.0024807206660384766,
            -0.0010437349092484985,
            -0.004842151618116012,
            0.013736663590651853,
            -0.0007230743572287326
        ],
        [
            -0.1978160781958046,
            -0.13106209417373907,
            -0.0008328479673003889,
            0.0049420676975020835,
            -0.001707891044265005,
            -0.04279238677880141,
            -0.032617249495441716,
            -0.01717126708198807,
            0.2436521293029512,
            -0.032607760246839854,
            0.2746555294991963,
            0.04577581124160482,
            0.03471186735870668,
            -0.020824034687077886,
            -0.011227650053169395,
            -0.026080339253342515,
            0.0235114156560835,
            0.06866878808221062,
            -0.19582198079769425,
            0.010283437698651875
        ],
        [
            -0.02704057122487434,
            -0.010320003234350141,
            -0.002349657274017657,
            0.03563192295802221,
            0.0018475459616895556,
            0.03993711349376889,
            -0.002768788326618151,
            0.0025246991898915418,
            -0.032607760246839854,
            0.01269491372559885,
            -0.06710661835907304,
            -0.00927986133890758,
            -0.005290892186636309,
            -0.020273858066406483,
            0.006928017931383702,
            -0.0011598868302810153,
            -0.0053569373662607275,
            -0.017291052025409044,
            0.04831740324947377,
            -0.0022763843936440165
        ],
        [
            0.042751730034827275,
            0.02929151102706616,
            0.0020472487526651205,
            -0.04903011562658746,
            -0.0033561238386721126,
            0.026065205059046973,
            0.09895891480015333,
            -0.018128141203362855,
            0.2746555294991963,
            -0.06710661835907304,
            0.5228957260935293,
            0.15581430306461563,
            0.035600597643986966,
            0.006192502843726696,
            -0.01514462933822062,
            0.07431514823452433,
            0.09863322083008758,
            0.11190932366879075,
            -0.3159458926352978,
            0.014861444031480138
        ],
        [
            0.019260000999505686,
            0.02188335188972681,
