{
    "opt_E": -2.181861207501296,
    "HF_E": -2.1510183151112052,
    "B3LYP_E": -2.1528788036208644,
    "sto-3G_E": -2.135723123934204,
    "proj": [
        [
            0.5376665431091632,
            0.3346666317907331,
            -0.002132568174332382,
            -0.17462708998734253,
            -0.052592207419475165,
            0.05238096198232621,
            0.17638334479797996,
            -0.021851501278413368,
            -0.2352249091936529,
            -0.08060147355615468,
            0.051679868828004454,
            0.03163357197821779,
            -0.0022489453776192584,
            0.037439819064141414,
            0.00182853180545214,
            -0.0024516568850999686,
            -0.03478185432944634,
            -0.008247656609296784,
            -0.02799302241917099,
            0.002370896015395295
        ],
        [
            0.3346666317907331,
            0.22011187950166686,
            0.00046277571639868816,
            -0.06322999758455886,
            -0.018561688249037516,
            0.10443421687588934,
            0.13033107826753942,
            -0.0094820719612061,
            -0.14190962953794353,
            -0.044386688583560784,
            0.03420841281550362,
            0.024261803675254563,
            0.005850800965333549,
            -0.028313542708691956,
            -0.003602766225630909,
            -0.028378154746005833,
            -0.037316388440035896,
            -0.004483972738398416,
            -0.020009324392373847,
            0.0009723422399312728
        ],
        [
            -0.002132568174332382,
            0.00046277571639868816,
            0.0003949011378889626,
            0.009608052037728923,
            0.003022231857413657,
            0.013374964220880959,
            0.0029176337417319204,
            0.0013520273976951385,
            -0.0006452502207387081,
            0.0011019844404756886,
            -0.0030874925476531063,
            0.0019642482394772835,
            0.002467524541896595,
            -0.00699487417616241,
            -0.0014115188687306632,
            0.0028702433085567823,
            0.0017407399405468089,
            0.0008458541321792933,
            0.0038936057569690244,
            -0.00035967602755951155
        ],
        [
            -0.17462708998734253,
            -0.06322999758455886,
            0.009608052037728923,
            0.26778661292021666,
            0.08335815601624143,
            0.3095928290408131,
            0.03400549557828881,
            0.03265781955315041,
            0.060894662104450714,
            0.047540696174806274,
            -0.05069109488398797,
            0.03887879086241447,
            0.051964712394078745,
            -0.19148624520230864,
            -0.03041391689461777,
            0.02531197533432981,
            0.027098875233546496,
            0.01661753188683556,
            0.06655325330585977,
            -0.007106210094422274
        ],
        [
            -0.052592207419475165,
            -0.018561688249037516,
            0.003022231857413657,
            0.08335815601624143,
            0.026000708016114708,
            0.09673502061255176,
            0.010401521323977822,
            0.010743071311973695,
            0.015537708239849901,
            0.014301155482852468,
            -0.02066430613741921,
            0.010644645776604641,
            0.016760855313758486,
            -0.05991747257636901,
            -0.009817176153659114,
            0.008196913295407475,
            0.007732456630595788,
            0.005684843306708982,
            0.023589037972614628,
            -0.002407596786748489
        ],
        [
            0.05238096198232621,
            0.10443421687588934,
            0.013374964220880959,
            0.3095928290408131,
            0.09673502061255176,
            0.5212495275907965,
            0.1741480186457493,
            0.0284815667422252,
            -0.006834562008187245,
            0.029662762102283774,
            0.029291690026331408,
            0.1058825648927746,
            0.0722242705489384,
            -0.2739280745602466,
            -0.04178514431723464,
            0.035518847435305284,
            0.032000070711650196,
            0.013096975530592173,
            0.04333792267941986,
            -0.006725826973199738
        ],
        [
            0.17638334479797996,
            0.13033107826753942,
            0.0029176337417319204,
            0.03400549557828881,
            0.010401521323977822,
            0.1741480186457493,
            0.12115445731656052,
            -0.009042941356647105,
            -0.02708167270700582,
            -0.011100341548456282,
            0.11504000991290572,
            0.07750401180784323,
            0.013467638073314199,
            -0.05622184821059338,
            -0.0069864523139913535,
            0.029164464358444827,
            0.025943692478233176,
            -0.006941250247228404,
            -0.040402074200153744,
            0.0018577746771522951
        ],
        [
            -0.021851501278413368,
            -0.0094820719612061,
            0.0013520273976951385,
            0.03265781955315041,
            0.010743071311973695,
            0.0284815667422252,
            -0.009042941356647105,
            0.011425739224882115,
            -0.02581244072775507,
            0.00210799801360504,
            -0.06983777369102726,
            -0.01669591412130379,
            0.012225135722574087,
            -0.022020784820648877,
            -0.007255336858702766,
            0.007680765660055992,
            -0.003946566567387878,
            0.008507859488002131,
            0.04449259412603009,
            -0.0032707541463886988
        ],
        [
            -0.2352249091936529,
            -0.14190962953794353,
            -0.0006452502207387081,
            0.060894662104450714,
            0.015537708239849901,
            -0.006834562008187245,
            -0.02708167270700582,
            -0.02581244072775507,
            0.2562650407406409,
            0.051033914930121285,
            0.2639609572452955,
            0.06953538569884031,
            -0.03192124857307278,
            -0.02038325737398293,
            0.01838897671773641,
            -0.050145770253389337,
            0.028074370415748843,
            -0.02764952297216425,
            -0.16327790070844253,
            0.010639984624311708
        ],
        [
            -0.08060147355615468,
            -0.044386688583560784,
            0.0011019844404756886,
            0.047540696174806274,
            0.014301155482852468,
            0.029662762102283774,
            -0.011100341548456282,
            0.00210799801360504,
            0.051033914930121285,
            0.016272180245455733,
            0.02023227210440781,
            0.008256243832061628,
            0.001792545846912802,
            -0.027892994200920142,
            -0.0012108728116161512,
            -0.008094905262065707,
            0.004855407819833764,
            -0.0009398363633767107,
            -0.010604703847461415,
            0.0003314922582930656
        ],
        [
            0.051679868828004454,
            0.03420841281550362,
            -0.0030874925476531063,
            -0.05069109488398797,
            -0.02066430613741921,
            0.029291690026331408,
            0.11504000991290572,
            -0.06983777369102726,
            0.2639609572452955,
            0.02023227210440781,
            0.5580707829069493,
            0.19215041478954817,
            -0.055292297937461675,
            0.040323499227404455,
            0.03402714233838317,
            0.0012964000678595891,
            0.0856386612361868,
            -0.05683255232058287,
            -0.31136323499636903,
            0.02123341653129533
        ],
        [
            0.03163357197821779,
            0.024261803675254563,
            0.0019642482394772835,
