{
    "opt_E": -2.1938982357471963,
    "HF_E": -2.162568608412438,
    "B3LYP_E": -2.164768749510732,
    "sto-3G_E": -2.1436736342952214,
    "proj": [
        [
            0.5419115840972679,
            0.34184942457256634,
            -0.030463576343656817,
            -0.17318343361961286,
            -0.030283998967473358,
            0.041180718049465645,
            0.17771529068242756,
            -0.06752124912962884,
            -0.2333342675338095,
            -0.04852403390870599,
            0.03550290993325811,
            0.03279981657226644,
            -0.00013641244255597034,
            0.033725930310433895,
            0.0029887650553134613,
            -0.0011676448722474251,
            -0.033876640283696406,
            -0.0064488087523476385,
            -0.014974125072718078,
            -0.0031788133217853847
        ],
        [
            0.34184942457256634,
            0.2275912313535125,
            -0.009153287482098328,
            -0.0641408448499216,
            -0.01058759693645172,
            0.10095046533803854,
            0.13402859656520238,
            -0.03541439350543696,
            -0.14109009108537562,
            -0.027570575599125808,
            0.027780635967637617,
            0.026524518769456884,
            0.006564869206647153,
            -0.026789841433597427,
            -0.0013975856974627928,
            -0.027417707589680727,
            -0.0368478121914091,
            -0.0041367056942681535,
            -0.013287104100184554,
            -0.0024296824785614004
        ],
        [
            -0.030463576343656817,
            -0.009153287482098328,
            0.012154209777120235,
            0.05558419450493901,
            0.01044416811743974,
            0.07163834128014494,
            0.00973552938693725,
            0.013453429019424715,
            0.008517191694450758,
            0.005238494698023194,
            -0.014254173087864431,
            0.006454472841111538,
            0.012743482676320032,
            -0.0401002516154663,
            -0.0009089092080568174,
            0.005725334640083596,
            0.004075461069457907,
            0.0050641420154903145,
            0.013782223225125727,
            0.0026644896949437956
        ],
        [
            -0.17318343361961286,
            -0.0641408448499216,
            0.05558419450493901,
            0.25744941076230354,
            0.0481393488109883,
            0.31541052585569096,
            0.034358592932195786,
            0.061550774092052785,
            0.06445826002776096,
            0.02699048841213644,
            -0.04486194771166839,
            0.03237526455831185,
            0.053451638429256376,
            -0.18050743007554654,
            -0.005038413240602528,
            0.019135068416762113,
            0.020165295152330422,
            0.019352472600723675,
            0.05046720743150777,
            0.009955062840587428
        ],
        [
            -0.030283998967473358,
            -0.01058759693645172,
            0.01044416811743974,
            0.0481393488109883,
            0.009018466461955192,
            0.059987900013904145,
            0.007024910918151038,
            0.011621230247784652,
            0.010174537975577175,
            0.0048586357132514016,
            -0.010265271689464365,
            0.005733960869344106,
            0.010421639993639526,
            -0.034070636701593,
            -0.0008699339334251697,
            0.004185517117755115,
            0.00367640950725904,
            0.003967891051365676,
            0.010577700199693427,
            0.0020649675091136683
        ],
        [
            0.041180718049465645,
            0.10095046533803854,
            0.07163834128014494,
            0.31541052585569096,
            0.059987900013904145,
            0.5462901618057606,
            0.17706296000882182,
            0.050864811315800854,
            -6.498046808624613e-05,
            0.01628519737547978,
            0.01977494180037822,
            0.0992762292856954,
            0.07970675517833958,
            -0.27162774652954136,
            -0.007997973588642245,
            0.027186716926455683,
            0.023643209144247296,
            0.016853979936141378,
            0.0382085229511075,
            0.008036691625567364
        ],
        [
            0.17771529068242756,
            0.13402859656520238,
            0.00973552938693725,
            0.034358592932195786,
            0.007024910918151038,
            0.17706296000882182,
            0.12662508990394716,
            -0.019410293553074436,
            -0.024413187106703527,
            -0.008689650382645504,
            0.1190743296646256,
            0.08319177239255653,
            0.014967237155851014,
            -0.05434091647378809,
            -0.001957234809487407,
            0.02609006396147199,
            0.027186426966965264,
            -0.011206466415580933,
            -0.03807576394905138,
            -0.006714636908782881
        ],
        [
            -0.06752124912962884,
            -0.03541439350543696,
            0.013453429019424715,
            0.061550774092052785,
            0.011621230247784652,
            0.050864811315800854,
            -0.019410293553074436,
            0.025319444675986142,
            -0.0071843924408909925,
            0.006997546732882957,
            -0.0826424415720478,
            -0.022176488894249544,
            0.017949439250343036,
            -0.03884736320770723,
            0.0005408978774723139,
            0.00902436410413423,
            -0.003718187752621657,
            0.015122548507765484,
            0.04633059302994331,
            0.008503826220576105
        ],
        [
            -0.2333342675338095,
            -0.14109009108537562,
            0.008517191694450758,
            0.06445826002776096,
            0.010174537975577175,
            -6.498046808624613e-05,
            -0.024413187106703527,
            -0.0071843924408909925,
            0.23330443106755558,
            0.02558969064841701,
            0.2577629562114071,
            0.07489339720110108,
            -0.0349733631010428,
            -0.013594839755851393,
            -0.00991978473375468,
            -0.053617055223150585,
            0.02953893541125472,
            -0.041612436324274145,
            -0.13874510082431787,
            -0.024546627317503626
        ],
        [
            -0.04852403390870599,
            -0.027570575599125808,
            0.005238494698023194,
            0.02699048841213644,
            0.0048586357132514016,
            0.01628519737547978,
            -0.008689650382645504,
            0.006997546732882957,
            0.02558969064841701,
            0.0052226295230376665,
            0.005270916762483701,
            0.0021198820680454478,
            0.0014148525812023372,
            -0.013997170922959408,
            -0.0010444799396661204,
            -0.003873340805447978,
            0.0022068703229507513,
            -0.00029904244252708823,
            -0.0022885621027667943,
            -0.00030810507122092546
        ],
        [
            0.03550290993325811,
            0.027780635967637617,
            -0.014254173087864431,
            -0.04486194771166839,
            -0.010265271689464365,
            0.01977494180037822,
            0.1190743296646256,
            -0.0826424415720478,
            0.2577629562114071,
            0.005270916762483701,
            0.5779405493077793,
            0.21204550597394106,
            -0.06501223937276898,
            0.045588594863650744,
            -0.011505361203891479,
            -0.025108729057854322,
            0.08656836817614647,
            -0.0888122125974877,
            -0.2857503658999648,
            -0.05135041043281337
        ],
        [
            0.03279981657226644,
            0.026524518769456884,
            0.006454472841111538,
            0.03237526455831185,
