{
    "opt_E": -2.1950096503013166,
    "HF_E": -2.165027155294709,
    "B3LYP_E": -2.1671068971043113,
    "sto-3G_E": -2.154649984544162,
    "proj": [
        [
            0.5434001154083518,
            0.3395432367850893,
            -0.05411251479210786,
            -0.16725900343165656,
            0.018103929322382546,
            0.0386734917081255,
            0.17887909783214737,
            -0.09617192323637652,
            -0.23040572433963394,
            0.029552247533395283,
            0.037319002856350994,
            0.030712897538939462,
            -0.0036311802545337304,
            0.03441287373787605,
            -0.0007777599190621346,
            0.0009841709795693366,
            -0.02754384354875758,
            0.004928898934483185,
            -0.023961642702891226,
            -0.000821245788063459
        ],
        [
            0.3395432367850893,
            0.22483452193990103,
            -0.018668966332969102,
            -0.06151510704479762,
            0.006381718161130803,
            0.09911013504262023,
            0.1361120679070361,
            -0.05094472278959431,
            -0.1357787663698402,
            0.016285752562018297,
            0.03303059656871548,
            0.025736925237688585,
            0.0022719953633927505,
            -0.03050781188432371,
            0.0009504423522119451,
            -0.02847943578129713,
            -0.03344712504742532,
            0.004644958364716637,
            -0.023097519808928917,
            -0.0003823409916910474
        ],
        [
            -0.05411251479210786,
            -0.018668966332969102,
            0.03091029525922513,
            0.08707755782821865,
            -0.009948162166562392,
            0.11193197603284992,
            0.013960212985158413,
            0.0252694811170287,
            0.011083026302266197,
            -0.00547965603375782,
            -0.026765362955635818,
            0.010390826801148816,
            -0.003025837165660831,
            -0.0582435959668566,
            0.0034921005420252955,
            0.013629898695682974,
            0.007032537802716761,
            -0.00830409813216503,
            0.030630367485617517,
            0.0010939404811620105
        ],
        [
            -0.16725900343165656,
            -0.06151510704479762,
            0.08707755782821865,
            0.24663601691553402,
            -0.028105013151916963,
            0.3120667454395651,
            0.037561443851361564,
            0.07243890141743893,
            0.04900475692448281,
            -0.016508211015306182,
            -0.054377187714336875,
            0.034576824591265126,
            -0.0062121024882858915,
            -0.16535071517557118,
            0.009361134226457988,
            0.03420309654531637,
            0.021838494005715817,
            -0.0198795038158591,
            0.07271402387428105,
            0.002812168116442337
        ],
        [
            0.018103929322382546,
            0.006381718161130803,
            -0.009948162166562392,
            -0.028105013151916963,
            0.003206787565361023,
            -0.03596855478835409,
            -0.004505671231570788,
            -0.008184714124455298,
            -0.00462494071826436,
            0.0018229080888652026,
            0.007237753801615873,
            -0.0036531776894940613,
            0.0007946866122259428,
            0.018991075086220808,
            -0.0010940423510102375,
            -0.0038700265239729388,
            -0.0022295134721793688,
            0.0024277456599827644,
            -0.008902472742146976,
            -0.0003334615276419636
        ],
        [
            0.0386734917081255,
            0.09911013504262023,
            0.11193197603284992,
            0.3120667454395651,
            -0.03596855478835409,
            0.5520681127875686,
            0.18354210577104307,
            0.06180885899861465,
            -0.012334884446465187,
            -0.011600064237096312,
            0.009621872775244738,
            0.10159800275656271,
            -0.005283710445075775,
            -0.26320882793816,
            0.01384918515239486,
            0.048260776458544534,
            0.02821020778048871,
            -0.018195001908599125,
            0.05989433863980891,
            0.003301212087821212
        ],
        [
            0.17887909783214737,
            0.1361120679070361,
            0.013960212985158413,
            0.037561443851361564,
            -0.004505671231570788,
            0.18354210577104307,
            0.12901551942774053,
            -0.015282770393942154,
            -0.026573408311093824,
            0.0042092393319018585,
            0.11115985803294116,
            0.07738600060411699,
            0.003362146275378713,
            -0.06522747223769429,
            0.0023594715845225434,
            0.025202331368678922,
            0.023182128431596935,
            0.009373594141827831,
            -0.04120677208967773,
            -0.00027224738161368784
        ],
        [
            -0.09617192323637652,
            -0.05094472278959431,
            0.0252694811170287,
            0.07243890141743893,
            -0.008184714124455298,
            0.06180885899861465,
            -0.015282770393942154,
            0.027056880617854443,
            0.027423375338240935,
            -0.006583552932301943,
            -0.033891249279034016,
            -0.003962336866224731,
            -0.001602378344328484,
            -0.0416300773428717,
            0.0023619744075998143,
            0.0016775696258371222,
            0.0011960010072843805,
            -0.0070246305475155394,
            0.02680166606862371,
            0.0008617410370709504
        ],
        [
            -0.23040572433963394,
            -0.1357787663698402,
            0.011083026302266197,
            0.04900475692448281,
            -0.00462494071826436,
            -0.012334884446465187,
            -0.026573408311093824,
            0.027423375338240935,
            0.2425002856366078,
            -0.016643109862585378,
            0.26276486156963036,
            0.07204258478834778,
            0.02837340557032765,
            -0.03140603404792806,
            -0.005092324081458162,
            -0.043914095637170615,
            0.03339586775626015,
            0.04238667741635071,
            -0.16381512556663158,
            -0.003101802044245054
        ],
        [
            0.029552247533395283,
            0.016285752562018297,
            -0.00547965603375782,
            -0.016508211015306182,
            0.0018229080888652026,
            -0.011600064237096312,
            0.0042092393319018585,
            -0.006583552932301943,
            -0.016643109862585378,
            0.0020649332459816007,
            -0.005575078745262292,
            -0.0025918914420804883,
            -0.0010008208501047957,
            0.00963450432698686,
            -0.00022789783882167265,
            0.0016791848463529112,
            -0.0018072619475092589,
            -0.0005896771501899763,
            0.0023476029056912996,
            -2.521732110461413e-05
        ],
        [
            0.037319002856350994,
            0.03303059656871548,
            -0.026765362955635818,
            -0.054377187714336875,
            0.007237753801615873,
            0.009621872775244738,
            0.11115985803294116,
            -0.033891249279034016,
            0.26276486156963036,
            -0.005575078745262292,
            0.5557349224230974,
            0.19887914820502473,
            0.04033103105933852,
            0.013898906654146696,
            -0.01001556929163426,
            0.01309532697218694,
            0.10218761953562111,
            0.08088042952790189,
            -0.3151859647678408,
            -0.006280469491307028
        ],
        [
            0.030712897538939462,
            0.025736925237688585,
            0.010390826801148816,
