{
    "opt_E": -2.1829764762239896,
    "HF_E": -2.151547451946199,
    "B3LYP_E": -2.1538206810234066,
    "sto-3G_E": -2.1311522788988735,
    "proj": [
        [
            0.5377999279092838,
            0.3343268548604189,
            0.011139626447154946,
            -0.18233432612891268,
            0.006173230076747982,
            0.053463217446157986,
            0.17675066261833688,
            0.010468004966356905,
            -0.24766227566939095,
            0.03390306821563926,
            0.049665685778373866,
            0.03108007232878274,
            -0.0018232702735712083,
            0.03710611799595198,
            -0.0008524931986836903,
            -0.0028671524468722905,
            -0.03599362093874389,
            -0.0018575427103899578,
            -0.02220838182015901,
            0.008944855414130233
        ],
        [
            0.3343268548604189,
            0.22000722756945904,
            0.004198966010528924,
            -0.06327618924401332,
            0.0001450923362947177,
            0.10808500797404892,
            0.12953287468534172,
            0.007274542718261544,
            -0.151088224416914,
            0.014602871885113599,
            0.026884910038282975,
            0.02335463534329967,
            0.003665385814268508,
            -0.02746826401750737,
            -0.010806537553246977,
            -0.024448307853207455,
            -0.03699632805266986,
            -0.0005696753774232117,
            -0.011028774406446977,
            0.0034290505270415128
        ],
        [
            0.011139626447154946,
            0.004198966010528924,
            0.0009049900440786451,
            -0.01620857929324042,
            0.0010541046153692748,
            -0.017346210657540672,
            -0.0013059168002418358,
            -8.047317089119486e-05,
            -0.00489704754908891,
            0.0025234984087290756,
            0.002965928612479648,
            -0.0018159499580011678,
            -0.0013859210885430752,
            0.011249043673411974,
            0.003387321310611624,
            -0.000840576702531845,
            -0.0011538286891086067,
            -0.0002436994778538491,
            -0.0031767922669501607,
            0.0012032562260155912
        ],
        [
            -0.18233432612891268,
            -0.06327618924401332,
            -0.01620857929324042,
            0.29108859532401127,
            -0.019177232347375506,
            0.32257894406315524,
            0.032485379577442644,
            0.001812938496878838,
            0.08068415817702082,
            -0.04472708447301968,
            -0.049757568392666145,
            0.03724598033880995,
            0.02548150169700614,
            -0.20412210873841308,
            -0.0627770943253826,
            0.019987829893863773,
            0.023276858453314325,
            0.004392551899462402,
            0.05744014830447422,
            -0.02169045362828037
        ],
        [
            0.006173230076747982,
            0.0001450923362947177,
            0.0010541046153692748,
            -0.019177232347375506,
            0.001345883470137108,
            -0.024672199559798862,
            -0.004732488453717062,
            -0.00032861577828660263,
            -0.0021730898211235567,
            0.0029847091894659827,
            0.003774865437848067,
            -0.0031351842549773635,
            -0.0019135119120776516,
            0.014488976309685507,
            0.0048579035900745094,
            -0.002244630079456011,
            -0.0016227277907818706,
            -0.00032099101180241735,
            -0.00452573641595835,
            0.0016386215702858206
        ],
        [
            0.053463217446157986,
            0.10808500797404892,
            -0.017346210657540672,
            0.32257894406315524,
            -0.024672199559798862,
            0.5220175636944876,
            0.171101894568861,
            0.004622491681528814,
            0.008058282461525332,
            -0.03475870169871896,
            0.03276639533001912,
            0.10308762371327448,
            0.03421214258133708,
            -0.2767334759843403,
            -0.08575628804762545,
            0.02378482519953972,
            0.0242053037373684,
            0.003946200615396434,
            0.03460325338788894,
            -0.01631362065680355
        ],
        [
            0.17675066261833688,
            0.12953287468534172,
            -0.0013059168002418358,
            0.032485379577442644,
            -0.004732488453717062,
            0.171101894568861,
            0.12179088213909998,
            -0.001013863119923934,
            -0.026204403138565608,
            0.01497501423315941,
            0.12266156576689333,
            0.08223370852149844,
            0.0059639588171527735,
            -0.04959505151306623,
            -0.01630762326765004,
            0.026731521366869314,
            0.02772767571976577,
            -0.001195268305323222,
            -0.03886284787723634,
            0.010321052253294532
        ],
        [
            0.010468004966356905,
            0.007274542718261544,
            -8.047317089119486e-05,
            0.001812938496878838,
            -0.00032861577828660263,
            0.004622491681528814,
            -0.001013863119923934,
            0.0022182784094891854,
            -0.021096172031793384,
            -0.004919794937416427,
            -0.03216067000190373,
            -0.009128829610393263,
            0.001717553514957173,
            -0.003935664178308825,
            -0.005453867212573285,
            0.006954636351439177,
            -0.0020627687812520374,
            0.0006993900175620057,
            0.017668315370763132,
            -0.004970040698092442
        ],
        [
            -0.24766227566939095,
            -0.151088224416914,
            -0.00489704754908891,
            0.08068415817702082,
            -0.0021730898211235567,
            0.008058282461525332,
            -0.026204403138565608,
            -0.021096172031793384,
            0.25301231560889514,
            0.02601687858343356,
            0.25465228465265316,
            0.07709994202487716,
            -0.00960369655892304,
            -0.013768903070597414,
            0.03556039515600868,
            -0.05802090414417309,
            0.028423304200189486,
            -0.00476171160370829,
            -0.13617723617854813,
            0.036618218407812916
        ],
        [
            0.03390306821563926,
            0.014602871885113599,
            0.0025234984087290756,
            -0.04472708447301968,
            0.0029847091894659827,
            -0.03475870169871896,
            0.01497501423315941,
            -0.004919794937416427,
            0.02601687858343356,
            0.01921418322082316,
            0.09094595436346566,
            0.024459215679969924,
            -0.006616853499622656,
            0.03240016677461535,
            0.01860166833874789,
            -0.014267077862897591,
            0.003914614735072871,
            -0.002287967266413381,
            -0.05073240285294817,
            0.015038830852032899
        ],
        [
            0.049665685778373866,
            0.026884910038282975,
            0.002965928612479648,
            -0.049757568392666145,
            0.003774865437848067,
            0.03276639533001912,
            0.12266156576689333,
            -0.03216067000190373,
            0.25465228465265316,
            0.09094595436346566,
            0.5756003344255612,
            0.2101413330493402,
            -0.022571161277431185,
            0.062305846820422145,
            0.06825819160185498,
            -0.03309961961394598,
            0.07919171243189353,
            -0.01148487747445187,
            -0.28466872902695955,
            0.08110705704290831
        ],
        [
            0.03108007232878274,
            0.02335463534329967,
            -0.0018159499580011678,
