{
    "opt_E": -2.18976922045558,
    "HF_E": -2.158530510262991,
    "B3LYP_E": -2.160586484204268,
    "sto-3G_E": -2.1417315114112547,
    "proj": [
        [
            0.5405026568053609,
            0.33281930908537216,
            0.050029668680497276,
            -0.16730453345937182,
            0.005794836329812592,
            0.052297028235069334,
            0.1778501035374956,
            0.10388385075889248,
            -0.23812640716526953,
            0.0075899620753422554,
            0.03694721534918811,
            0.03411486850213091,
            0.00446962033992039,
            0.03342830569321598,
            -0.005322225482258016,
            -0.001137664571199241,
            -0.033748102324731556,
            0.0024737298675421354,
            -0.016870330278107974,
            0.004309174578333473
        ],
        [
            0.33281930908537216,
            0.21667181589887807,
            0.015145413982677306,
            -0.05974077462016744,
            0.0020870139747209654,
            0.10498442827371775,
            0.13116814796091852,
            0.05371767898353912,
            -0.13885875937443537,
            0.005178312944615579,
            0.030063294781692774,
            0.026995296569103232,
            -0.0036881064344389453,
            -0.029197993429879377,
            0.0010120213779111927,
            -0.026416703975290338,
            -0.03629979283865543,
            0.0016203679861026496,
            -0.014318177415802224,
            0.003150578077253882
        ],
        [
            0.050029668680497276,
            0.015145413982677306,
            0.03142119336874028,
            -0.08736138353311826,
            0.0029809792387023347,
            -0.11183324593708595,
            -0.01400300332688283,
            0.02942222424374286,
            -0.014480482226734249,
            -0.0013227579683426705,
            0.02372592922320029,
            -0.01010920591348611,
            0.013747644229054237,
            0.06642261223163852,
            -0.0015903766484205886,
            -0.013768312260240341,
            -0.00790060530663606,
            0.0012557107753361017,
            -0.026810329788407642,
            0.0063111000351249846
        ],
        [
            -0.16730453345937182,
            -0.05974077462016744,
            -0.08736138353311826,
            0.24592200611582363,
            -0.008441403086490306,
            0.3020709588349788,
            0.03269232570791974,
            -0.0830822012756761,
            0.06687318216305274,
            0.0023159449334546616,
            -0.03977436662477162,
            0.033601237263198455,
            -0.03629560796078159,
            -0.18272644396580517,
            0.00609019841011195,
            0.030117320676774577,
            0.023645934849910743,
            -0.0028641132094082266,
            0.05797898891327384,
            -0.013972788508766187
        ],
        [
            0.005794836329812592,
            0.0020870139747209654,
            0.0029809792387023347,
            -0.008441403086490306,
            0.00029215973006756283,
            -0.010456721230330103,
            -0.0013344208681994542,
            0.0027490646276553997,
            -0.0028051614285972528,
            -4.918244602443496e-05,
            0.00030418326113966715,
            -0.0016855039357740477,
            0.001218781085994268,
            0.0060450852401299025,
            -0.00020433512382644236,
            -0.0014692157636850283,
            -0.0012955270631196255,
            7.683520618893067e-05,
            -0.001564329271480926,
            0.0003859902380981573
        ],
        [
            0.052297028235069334,
            0.10498442827371775,
            -0.11183324593708595,
            0.3020709588349788,
            -0.010456721230330103,
            0.5344251782511907,
            0.1747800522457919,
            -0.06701034753405284,
            -0.0015648583841849609,
            0.006440494465446737,
            0.022538109902276712,
            0.09923870990974938,
            -0.05436481739115022,
            -0.2787153724878159,
            0.00948180503078464,
            0.04161435263553756,
            0.02595213413009265,
            -0.0016155139929212514,
            0.04960277663174495,
            -0.012674219353582214
        ],
        [
            0.1778501035374956,
            0.13116814796091852,
            -0.01400300332688283,
            0.03269232570791974,
            -0.0013344208681994542,
            0.1747800522457919,
            0.12378703243806492,
            0.023060830774336082,
            -0.023637400667422384,
            0.0011585384069229495,
            0.11870695033564696,
            0.08055404925991153,
            -0.010474898322695997,
            -0.05732399098511466,
            0.0032051859152289947,
            0.022794123225813718,
            0.023367047853289222,
            0.002585843053246178,
            -0.03991199212047409,
            0.00836026230793425
        ],
        [
            0.10388385075889248,
            0.05371767898353912,
            0.02942222424374286,
            -0.0830822012756761,
            0.0027490646276553997,
            -0.06701034753405284,
            0.023060830774336082,
            0.038859964840630784,
            -0.016812906943659806,
            -0.0013836291758114337,
            0.07023976934882464,
            0.017367964787302244,
            0.011868017708352519,
            0.055272233456590686,
            -0.0006109874775848882,
            -0.005766851152870628,
            0.001878805519775555,
            0.0023127701763306684,
            -0.04486148373932211,
            0.010176854652046
        ],
        [
            -0.23812640716526953,
            -0.13885875937443537,
            -0.014480482226734249,
            0.06687318216305274,
            -0.0028051614285972528,
            -0.0015648583841849609,
            -0.023637400667422384,
            -0.016812906943659806,
            0.24651131194570206,
            -0.011893512084338602,
            0.2633540962431494,
            0.07604623440968902,
            0.010365174455729757,
            -0.015936678459016272,
            0.016128665181294934,
            -0.05758882015400632,
            0.0292075672049436,
            0.005940294975105962,
            -0.15185131668283774,
            0.03254291910511975
        ],
        [
            0.0075899620753422554,
            0.005178312944615579,
            -0.0013227579683426705,
            0.0023159449334546616,
            -4.918244602443496e-05,
            0.006440494465446737,
            0.0011585384069229495,
            -0.0013836291758114337,
            -0.011893512084338602,
            0.0007162804617335282,
            -0.016741211589037772,
            -0.004062099559825437,
            -0.0014283331399816738,
            -0.0033589665266561194,
            -0.0007691216092470906,
            0.0037735339664794186,
            -0.0012451496190541333,
            -0.0004271642571180116,
            0.01031150582174246,
            -0.0022481705598748937
        ],
        [
            0.03694721534918811,
            0.030063294781692774,
            0.02372592922320029,
            -0.03977436662477162,
            0.00030418326113966715,
            0.022538109902276712,
            0.11870695033564696,
            0.07023976934882464,
            0.2633540962431494,
            -0.016741211589037772,
            0.5707614805969605,
            0.21005279766244245,
            0.02534567438239921,
            0.04763387621110026,
            0.01890009286255585,
            -0.026032182076875264,
            0.08666282144663746,
            0.013845033594219248,
            -0.3021928872178668,
            0.06572059252342002
        ],
        [
            0.03411486850213091,
            0.026995296569103232,
            -0.01010920591348611,
