{
    "opt_E": -2.1938796981159223,
    "HF_E": -2.1637068506643713,
    "B3LYP_E": -2.165987580377461,
    "sto-3G_E": -2.1520108740914194,
    "proj": [
        [
            0.5577124585016864,
            0.34852937953736585,
            0.04608044317447819,
            -0.1728909272752217,
            0.001014320747512169,
            0.01904383893044457,
            0.17417309235416384,
            0.07763299280096439,
            -0.222718561229261,
            -0.010153605818468543,
            0.043995702323241605,
            0.026670348288419857,
            -0.0006964162761651258,
            0.04572869960439643,
            -0.009646310231023717,
            0.001491189700656584,
            -0.03142926304683019,
            -0.004136081447832273,
            -0.02884976558270954,
            0.008794786984409036
        ],
        [
            0.34852937953736585,
            0.233243316646659,
            0.014871303039927567,
            -0.060011954963518285,
            0.0010262439525365117,
            0.09664037060620692,
            0.13690544584856387,
            0.04162665947502986,
            -0.1364567070996206,
            -0.0023055449345869405,
            0.031561911061353386,
            0.023622123935530853,
            -0.0004429184011113536,
            -0.028807260598143935,
            0.004817148763073812,
            -0.028691560653269704,
            -0.036679386409619104,
            -0.002611645014338647,
            -0.021907566237456846,
            0.006383324687648465
        ],
        [
            0.04608044317447819,
            0.014871303039927567,
            0.019620274067887467,
            -0.06852027456575656,
            -0.0004152054515443423,
            -0.0901126890200358,
            -0.013415659000262248,
            0.01339462249864623,
            -0.007299315895908254,
            -0.007438233570687271,
            0.018651457965838492,
            -0.010751713161645037,
            -0.00436836746018319,
            0.04927529726540823,
            -0.005800350195748101,
            -0.008314330897701469,
            -0.006791821235992017,
            -0.0038719422865858386,
            -0.021913360792918196,
            0.007249388413689425
        ],
        [
            -0.1728909272752217,
            -0.060011954963518285,
            -0.06852027456575656,
            0.23977780574016785,
            0.0013633407835537121,
            0.31032815415292325,
            0.04352742168064268,
            -0.048106064561872344,
            0.03575483163773576,
            0.02499859311701387,
            -0.05574529833933251,
            0.039798659950381135,
            0.014548443767604589,
            -0.1704141058577225,
            0.020539202498831677,
            0.029400749697928916,
            0.026132754878698917,
            0.012635581123114319,
            0.07107977223383981,
            -0.023533223012921253
        ],
        [
            0.001014320747512169,
            0.0010262439525365117,
            -0.0004152054515443423,
            0.0013633407835537121,
            2.4529463418861897e-05,
            0.002569598412383943,
            0.0007539348285596227,
            -6.0588007871040527e-05,
            -0.0017231585027054125,
            0.0003488179251859982,
            -0.002313351869917723,
            -0.00031821450917918453,
            0.00021829822808430482,
            -0.0013645293508503275,
            7.828379481044281e-05,
            -3.6643444895233604e-05,
            -0.00040730263855328995,
            0.00025274214176032887,
            0.0015172269995420598,
            -0.000498193061561317
        ],
        [
            0.01904383893044457,
            0.09664037060620692,
            -0.0901126890200358,
            0.31032815415292325,
            0.002569598412383943,
            0.5516359355331711,
            0.1902436306644528,
            -0.03911481200436741,
            -0.018732685666597214,
            0.029321926878312032,
            0.015937898394377006,
            0.11077342223364538,
            0.01888289376126635,
            -0.2711510182536133,
            0.03518335234505492,
            0.043332029680996434,
            0.035030017805431954,
            0.01147273863851058,
            0.05499578133640431,
            -0.019103426354041306
        ],
        [
            0.17417309235416384,
            0.13690544584856387,
            -0.013415659000262248,
            0.04352742168064268,
            0.0007539348285596227,
            0.1902436306644528,
            0.13136028431452473,
            0.010670146041364811,
            -0.026439254567119784,
            -0.0018020721355873812,
            0.11004390017764856,
            0.07835202004939788,
            0.0013994685632894674,
            -0.06852289090936425,
            0.010955256568417473,
            0.026703766393012984,
            0.0232819668208437,
            -0.004967226812690205,
            -0.03816900166366294,
            0.01177652260076027
        ],
        [
            0.07763299280096439,
            0.04162665947502986,
            0.01339462249864623,
            -0.048106064561872344,
            -6.0588007871040527e-05,
            -0.03911481200436741,
            0.010670146041364811,
            0.01406977107544511,
            -0.029961330165325768,
            -0.003753120921839127,
            0.006715232586463464,
            -0.001979021783539572,
            -0.0010791720984928066,
            0.030168633695032802,
            -0.005014427484527095,
            0.004104737711846848,
            -0.0023369030912722705,
            -0.0012788712925655157,
            -0.006945276886275521,
            0.00230275467939768
        ],
        [
            -0.222718561229261,
            -0.1364567070996206,
            -0.007299315895908254,
            0.03575483163773576,
            -0.0017231585027054125,
            -0.018732685666597214,
            -0.026439254567119784,
            -0.029961330165325768,
            0.24407151045361142,
            -0.024202654535926935,
            0.2696029738744899,
            0.06823871795071741,
            -0.02113011678719977,
            -0.02082235817037563,
            0.021507912555582258,
            -0.045230839010816044,
            0.027006528861767323,
            -0.026011223555448246,
            -0.1655530200844857,
            0.05351697445300531
        ],
        [
            -0.010153605818468543,
            -0.0023055449345869405,
            -0.007438233570687271,
            0.02499859311701387,
            0.0003488179251859982,
            0.029321926878312032,
            -0.0018020721355873812,
            -0.003753120921839127,
            -0.024202654535926935,
            0.006752538655828801,
            -0.052104423653453164,
            -0.010500220746108518,
            0.004511762941946748,
            -0.015873117160806534,
            -0.0006188995004976671,
            0.005979866401799632,
            -0.002914615611896004,
            0.00547663588597293,
            0.03407439178693119,
            -0.01105181989652322
        ],
        [
            0.043995702323241605,
            0.031561911061353386,
            0.018651457965838492,
            -0.05574529833933251,
            -0.002313351869917723,
            0.015937898394377006,
            0.11004390017764856,
            0.006715232586463464,
            0.2696029738744899,
            -0.052104423653453164,
            0.5552109858880988,
            0.18988031184931467,
            -0.03209432720191871,
            0.02413188471658202,
            0.020647720405997504,
            0.018234608706067947,
            0.09119569699387742,
            -0.048041715065348815,
            -0.30643350708446787,
            0.09898427738856896
        ],
        [
            0.026670348288419857,
            0.023622123935530853,
            -0.010751713161645037,
