{
    "opt_E": -2.177300571353765,
    "HF_E": -2.1481515066773853,
    "B3LYP_E": -2.149926504569469,
    "sto-3G_E": -2.136032885637365,
    "proj": [
        [
            0.5506163993131074,
            0.347008161925061,
            0.006501633331600932,
            -0.1786504184105722,
            -0.038288102027248236,
            0.026086580027865774,
            0.17632620668279808,
            0.017797217182867312,
            -0.22447721117510558,
            -0.06459658223680961,
            0.045313968029654816,
            0.026865427422188372,
            0.002556788468877109,
            0.04416751832809465,
            -0.00010552109592130429,
            0.00269358224746,
            -0.03095305168861517,
            -0.001052062149011246,
            -0.03439624874593742,
            0.008136014378045689
        ],
        [
            0.347008161925061,
            0.23327683711334946,
            0.0019056535351769045,
            -0.06598288703783348,
            -0.01331243025994069,
            0.0949614117226206,
            0.13687389152456453,
            0.008432853924269363,
            -0.1365587099745156,
            -0.034344682231389735,
            0.03596347324762485,
            0.0230829659810001,
            -0.0030784278526489804,
            -0.03190205023198174,
            0.0034110562551024214,
            -0.031043172141363984,
            -0.03688774654138157,
            -0.0013247823742452611,
            -0.032005806245041256,
            0.00654631412891627
        ],
        [
            0.006501633331600932,
            0.0019056535351769045,
            0.0005863534515201784,
            -0.01223535947798407,
            -0.002837230872185444,
            -0.015691647875334377,
            -0.002501489170623426,
            0.0011007583203613415,
            0.00026461954246780164,
            -0.002070824455922716,
            0.004020345750585483,
            -0.002292475432802798,
            0.0007382218682462978,
            0.007950969896301846,
            0.0009427498594880191,
            -0.002012553529809034,
            -0.0017088034574914031,
            -0.0003029105478418107,
            -0.00540375061323506,
            0.00140170276342976
        ],
        [
            -0.1786504184105722,
            -0.06598288703783348,
            -0.01223535947798407,
            0.26164234654268403,
            0.06020208360212629,
            0.3188245469783446,
            0.04128998674394259,
            -0.022096838790263546,
            0.033087313374212925,
            0.04722211833088967,
            -0.054477835320629955,
            0.04828961033777857,
            -0.015710486850442306,
            -0.17529327284324797,
            -0.014271334159267037,
            0.025958763240506274,
            0.03156286334255939,
            0.004639898711078904,
            0.08532276999348214,
            -0.0229233199257953
        ],
        [
            -0.038288102027248236,
            -0.01331243025994069,
            -0.002837230872185444,
            0.06020208360212629,
            0.01389105615361238,
            0.07441988890437287,
            0.01016054958907399,
            -0.005230972769634592,
            0.004496335200672633,
            0.010680751912285685,
            -0.01571229167828439,
            0.010463799045849698,
            -0.0036566317795592882,
            -0.04059939543214199,
            -0.0035955446279600086,
            0.005766043146330967,
            0.006629692161556493,
            0.0011978350127424126,
            0.021821370908030675,
            -0.005792675664932699
        ],
        [
            0.026086580027865774,
            0.0949614117226206,
            -0.015691647875334377,
            0.3188245469783446,
            0.07441988890437287,
            0.5416286572862669,
            0.18467261515544994,
            -0.021020318603063276,
            -0.026371609623978196,
            0.03848938192019808,
            0.023596925605389094,
            0.11825040953486006,
            -0.02431974495804629,
            -0.26643803613361455,
            -0.015509773521448661,
            0.04519121564061764,
            0.0438105976130158,
            0.003601214604990996,
            0.06089905067154078,
            -0.019184139615190807
        ],
        [
            0.17632620668279808,
            0.13687389152456453,
            -0.002501489170623426,
            0.04128998674394259,
            0.01016054958907399,
            0.18467261515544994,
            0.12715540713660103,
            0.00330752967189513,
            -0.03197072398209968,
            -0.009024737309183755,
            0.10379536076955345,
            0.07357673404139568,
            -0.006534242563400321,
            -0.06710104217391377,
            0.00024650843062706747,
            0.03343874176602973,
            0.024725814169354068,
            -0.001954511083549277,
            -0.04002569760912543,
            0.007807676232281152
        ],
        [
            0.017797217182867312,
            0.008432853924269363,
            0.0011007583203613415,
            -0.022096838790263546,
            -0.005230972769634592,
            -0.021020318603063276,
            0.00330752967189513,
            0.0032061813532666354,
            0.010349628582740198,
            -0.004414082427145242,
            0.030624223730985896,
            0.004581063372070768,
            0.0011704697936723285,
            0.012318605521626997,
            0.003167482671075218,
            0.0003949653646187069,
            0.0016879913819216649,
            -0.001320906141547554,
            -0.02351145060168216,
            0.005682574611018567
        ],
        [
            -0.22447721117510558,
            -0.1365587099745156,
            0.00026461954246780164,
            0.033087313374212925,
            0.004496335200672633,
            -0.026371609623978196,
            -0.03197072398209968,
            0.010349628582740198,
            0.2605335460357171,
            0.01937360190525977,
            0.26995568249857627,
            0.05377553684437509,
            -0.0006366875974463236,
            -0.03256535975467473,
            0.030842600786088695,
            -0.025143465776947614,
            0.027938119910748377,
            -0.011768178258863761,
            -0.19717851673303805,
            0.045735952900330536
        ],
        [
            -0.06459658223680961,
            -0.034344682231389735,
            -0.002070824455922716,
            0.04722211833088967,
            0.010680751912285685,
            0.03848938192019808,
            -0.009024737309183755,
            -0.004414082427145242,
            0.01937360190525977,
            0.01108380090063863,
            -0.015139093922215439,
            0.0007687086577904162,
            -0.002393624639340916,
            -0.029014504918206212,
            -0.0013289903318277742,
            -0.0037333777594838044,
            0.0016145685880961961,
            0.0006815954110734757,
            0.013893978344361388,
            -0.0036753278793324414
        ],
        [
            0.045313968029654816,
            0.03596347324762485,
            0.004020345750585483,
            -0.054477835320629955,
            -0.01571229167828439,
            0.023596925605389094,
            0.10379536076955345,
            0.030624223730985896,
            0.26995568249857627,
            -0.015139093922215439,
            0.5228669900899509,
            0.16229879903392194,
            0.0018738174197557105,
            0.010067245500993844,
            0.03897190380296961,
            0.07057052796505313,
            0.09701984110712639,
            -0.018778201219118114,
            -0.3300078316194403,
            0.07688103419999144
        ],
        [
            0.026865427422188372,
            0.0230829659810001,
            -0.002292475432802798,
