{
    "opt_E": -2.1610011487790155,
    "HF_E": -2.129576157784879,
    "B3LYP_E": -2.1318471686209004,
    "sto-3G_E": -2.1079895404251103,
    "proj": [
        [
            0.574399085162546,
            0.37635412255510264,
            0.009940318728886035,
            -0.17091652182172065,
            -0.021662058684857134,
            -0.005859814356144372,
            0.1642653149084838,
            0.027967800886085043,
            -0.18279843717544142,
            -0.052566829066518904,
            0.03681442236485775,
            0.023795159203785724,
            0.006058258824765008,
            0.07126941847839596,
            -0.007034119101266455,
            0.0009413218280263369,
            -0.03371772529932469,
            -0.0014086083734869562,
            -0.028928747587080035,
            -0.00013757050577715602
        ],
        [
            0.37635412255510264,
            0.26307254722593676,
            0.0031246222735212977,
            -0.06924255926909008,
            -0.007228222549565227,
            0.07621599242730782,
            0.13640996836171007,
            0.014639709410094017,
            -0.12273345918767511,
            -0.028524310410080154,
            0.03603239882925412,
            0.022243427460602247,
            -0.0022053206314334075,
            -0.020089297136494842,
            0.0027625315946374343,
            -0.03863255299048426,
            -0.045931609289794235,
            -0.0016632435858658459,
            -0.03231415354362522,
            0.0002474608681291387
        ],
        [
            0.009940318728886035,
            0.0031246222735212977,
            0.0012203545781198138,
            -0.01584611266313101,
            -0.002515220449419181,
            -0.022791853943010698,
            -0.004655901609267779,
            0.0020125281565919013,
            0.0034176226131116586,
            -0.0032189176275472385,
            0.0031370461159157797,
            -0.003940033760606159,
            0.0016078907443233708,
            0.01430751820653421,
            -0.0024528403858131106,
            -0.0024710655051477614,
            -0.002039786911515706,
            -0.00042107675185652386,
            -0.006039636382916158,
            0.00018834064078329597
        ],
        [
            -0.17091652182172065,
            -0.06924255926909008,
            -0.01584611266313101,
            0.20968743904517187,
            0.032781162272247664,
            0.284017689011498,
            0.046200759640078574,
            -0.02633784512952407,
            -0.018317612821311457,
            0.04297938427576897,
            -0.02939571737568522,
            0.048804064191794734,
            -0.02044491839724571,
            -0.18513534373696539,
            0.0306083134564799,
            0.025523764085189686,
            0.026161913079866178,
            0.004686882403294775,
            0.06686451870702145,
            -0.0020684239804470796
        ],
        [
            -0.021662058684857134,
            -0.007228222549565227,
            -0.002515220449419181,
            0.032781162272247664,
            0.005188160139152936,
            0.04675544838671151,
            0.009304568307082369,
            -0.004124760889113539,
            -0.006038862357455571,
            0.006627331251395624,
            -0.005689592453208852,
            0.00821504851023781,
            -0.003301198725578329,
            -0.029466371580822506,
            0.005014800190123117,
            0.004982463891934409,
            0.0042922209710490175,
            0.00082982340096458,
            0.011854244807586062,
            -0.0003724644197779361
        ],
        [
            -0.005859814356144372,
            0.07621599242730782,
            -0.022791853943010698,
            0.284017689011498,
            0.04675544838671151,
            0.5232857214642739,
            0.19011860782840537,
            -0.025490909402652813,
            -0.06314028773520183,
            0.03965935496430225,
            0.0701907731195726,
            0.131040369594921,
            -0.033050411379587814,
            -0.2939565310885004,
            0.04898945782894497,
            0.05064770094102738,
            0.04324886774226045,
            0.0036022930812151578,
            0.03785655359350164,
            -0.002393505838177368
        ],
        [
            0.1642653149084838,
            0.13640996836171007,
            -0.004655901609267779,
            0.046200759640078574,
            0.009304568307082369,
            0.19011860782840537,
            0.12834356314358528,
            0.004456323929930229,
            -0.029050005427214573,
            -0.008775451648488796,
            0.10956853445185624,
            0.07798088388899693,
            -0.008956461248905057,
            -0.07373132018167132,
            0.013187733653625536,
            0.0335086246619011,
            0.023416415530963134,
            -0.0017717467067675367,
            -0.038743778248196185,
            -4.4593219369947126e-05
        ],
        [
            0.027967800886085043,
            0.014639709410094017,
            0.0020125281565919013,
            -0.02633784512952407,
            -0.004124760889113539,
            -0.025490909402652813,
            0.004456323929930229,
            0.005561081051831694,
            0.019496036945243485,
            -0.008660064182516292,
            0.03661089496025293,
            0.005359325127960192,
            0.0024908566806857097,
            0.02214937490096283,
            -0.0041337944187717504,
            7.751296179332398e-05,
            0.001972929005791074,
            -0.0017805200971373154,
            -0.028349723065736472,
            0.0006403559083517966
        ],
        [
            -0.18279843717544142,
            -0.12273345918767511,
            0.0034176226131116586,
            -0.018317612821311457,
            -0.006038862357455571,
            -0.06314028773520183,
            -0.029050005427214573,
            0.019496036945243485,
            0.28734383890469617,
            -0.023585399033896268,
            0.3015692700368693,
            0.04679576906984308,
            0.005781895710304507,
            0.02320919436162164,
            -0.016022921462758247,
            -0.04746979351227709,
            0.01320279395167639,
            -0.014598342552181658,
            -0.23132588363172554,
            0.005724293763434654
        ],
        [
            -0.052566829066518904,
            -0.028524310410080154,
            -0.0032189176275472385,
            0.04297938427576897,
            0.006627331251395624,
            0.03965935496430225,
            -0.008775451648488796,
            -0.008660064182516292,
            -0.023585399033896268,
            0.013697379204495284,
            -0.052112807325899665,
            -0.007805416457824584,
            -0.003925907209329741,
            -0.0357942730172501,
            0.006326518990546695,
            -0.0017354517693731874,
            -0.0029986958071109744,
            0.002521302492530873,
            0.04022080241586705,
            -0.0008895887151938732
        ],
        [
            0.03681442236485775,
            0.03603239882925412,
            0.0031370461159157797,
            -0.02939571737568522,
            -0.005689592453208852,
            0.0701907731195726,
            0.10956853445185624,
            0.03661089496025293,
            0.3015692700368693,
            -0.052112807325899665,
            0.5014541814526945,
            0.15757421569009733,
            0.004004063452245111,
            0.028991121707712973,
            -0.012214781442713122,
            0.050600065568811844,
            0.08422652897560294,
            -0.01900414212755021,
            -0.31403038291309593,
            0.006303033235540326
        ],
        [
            0.023795159203785724,
            0.022243427460602247,
