{
    "opt_E": -2.1651315340162407,
    "HF_E": -2.1351663537425543,
    "B3LYP_E": -2.1367957591145705,
    "sto-3G_E": -2.1082179878676586,
    "proj": [
        [
            0.5118108682834134,
            0.3299533453185217,
            0.037984853328219687,
            -0.1714013650518133,
            -0.009851233270802758,
            0.0820613956635083,
            0.1826075563883216,
            0.07638430222203817,
            -0.24293179902109208,
            -0.02888634312268291,
            0.03227699702673644,
            0.04098304596835273,
            -0.0001207770098986778,
            0.009799272538525285,
            0.0028583671883922247,
            0.0033004538753028177,
            -0.03681362235221004,
            0.0035000211396277706,
            -0.009834576672935908,
            -0.0027938744748200206
        ],
        [
            0.3299533453185217,
            0.21829845011505086,
            0.017041141628727212,
            -0.08246476312269901,
            -0.003832873813047073,
            0.09508401196090359,
            0.12917079628343003,
            0.04593109947381902,
            -0.14430180320242894,
            -0.017892806499664297,
            0.037951800442281775,
            0.029650850508954007,
            -0.0024121797301130234,
            -0.025900407185005903,
            0.003323355377298715,
            -0.027015307521936312,
            -0.03874582367333818,
            0.004535922611831689,
            -0.02044856439152557,
            -0.003689821918881411
        ],
        [
            0.037984853328219687,
            0.017041141628727212,
            0.023088595820492386,
            -0.08205273223848128,
            -0.0076980714959639825,
            -0.09120984295712148,
            -0.005718078836276082,
            0.02345095869762444,
            -0.011712146346297247,
            -0.011788660259272013,
            0.020535814946237133,
            -0.0053442707139928596,
            0.019722054861607736,
            0.05595946045932318,
            -0.015433217611075063,
            -0.006273965542791551,
            -0.0075815639042436005,
            0.006222067077850069,
            -0.021883691417665094,
            -0.005383953831296255
        ],
        [
            -0.1714013650518133,
            -0.08246476312269901,
            -0.08205273223848128,
            0.29907251010354924,
            0.02705568247179591,
            0.3173496354223091,
            0.01606338662542684,
            -0.08006773213129784,
            0.08490740983845997,
            0.03751266661568204,
            -0.02447737342842165,
            0.031627612077063785,
            -0.06326279917695744,
            -0.1948683732546534,
            0.04882113332598386,
            0.014657586064165144,
            0.032487071955790606,
            -0.015584856436658523,
            0.04829059184113576,
            0.013584741689940047
        ],
        [
            -0.009851233270802758,
            -0.003832873813047073,
            -0.0076980714959639825,
            0.02705568247179591,
            0.0025854730093469425,
            0.031667655799138175,
            0.0029237000929395454,
            -0.007685808733024733,
            0.002093349313196151,
            0.00395528925336682,
            -0.007647825499083301,
            0.0018193144937902962,
            -0.006847484075575309,
            -0.01913124366748507,
            0.005383201697097771,
            0.0022786046261947,
            0.0023134166839883412,
            -0.002214262083350125,
            0.007906144682671857,
            0.0019155405953434647
        ],
        [
            0.0820613956635083,
            0.09508401196090359,
            -0.09120984295712148,
            0.3173496354223091,
            0.031667655799138175,
            0.5122619579917803,
            0.15236524839895807,
            -0.056174749313148246,
            -0.002513332789415488,
            0.02794898269065117,
            0.0476363459832069,
            0.0936172191611254,
            -0.08429038700725985,
            -0.26784763936172323,
            0.06620785925685693,
            0.021924233949914673,
            0.03191605271718023,
            -0.012454291153866114,
            0.02897112625262328,
            0.011209215879515762
        ],
        [
            0.1826075563883216,
            0.12917079628343003,
            -0.005718078836276082,
            0.01606338662542684,
            0.0029237000929395454,
            0.15236524839895807,
            0.11469227832681328,
            0.026724062161581554,
            -0.03033539764042534,
            -0.014166445017462701,
            0.12046269894744603,
            0.07780902394940495,
            -0.012041303836342802,
            -0.040494146177082205,
            0.009687274916339741,
            0.03160731049148856,
            0.027828590352682335,
            0.008956656020455978,
            -0.042493468058468306,
            -0.007369690652069065
        ],
        [
            0.07638430222203817,
            0.04593109947381902,
            0.02345095869762444,
            -0.08006773213129784,
            -0.007685808733024733,
            -0.056174749313148246,
            0.026724062161581554,
            0.035976518425208374,
            0.004445810898959284,
            -0.0200189055014245,
            0.08948450681184165,
            0.02457645669528439,
            0.0224866031590386,
            0.048936508402823,
            -0.017966653297219626,
            -0.0070242936239690475,
            0.0002319142095524843,
            0.013849300608411955,
            -0.05668020532748964,
            -0.011801191664903227
        ],
        [
            -0.24293179902109208,
            -0.14430180320242894,
            -0.011712146346297247,
            0.08490740983845997,
            0.002093349313196151,
            -0.002513332789415488,
            -0.03033539764042534,
            0.004445810898959284,
            0.25738855059902654,
            -0.017932456543747567,
            0.25859259689810205,
            0.06819085036863241,
            0.030188994635706505,
            -0.005065148444559588,
            -0.027604501602628242,
            -0.04744748860029526,
            0.030775882153895897,
            0.033772455663987226,
            -0.15588911504965364,
            -0.028679647054470746
        ],
        [
            -0.02888634312268291,
            -0.017892806499664297,
            -0.011788660259272013,
            0.03751266661568204,
            0.00395528925336682,
            0.02794898269065117,
            -0.014166445017462701,
            -0.0200189055014245,
            -0.017932456543747567,
            0.012096469293922359,
            -0.06584588315117176,
            -0.018012200474038394,
            -0.013960837548640553,
            -0.024581078907936142,
            0.011378851750528699,
            0.008269277338868128,
            -0.0010977012689613022,
            -0.009768059635105748,
            0.04131275669233191,
            0.008313476465829759
        ],
        [
            0.03227699702673644,
            0.037951800442281775,
            0.020535814946237133,
            -0.02447737342842165,
            -0.007647825499083301,
            0.0476363459832069,
            0.12046269894744603,
            0.08948450681184165,
            0.25859259689810205,
            -0.06584588315117176,
            0.5452791680059009,
            0.19743231115748247,
            0.055890598931014765,
            0.048417311764232314,
            -0.04825686921528405,
            -0.0037175209927849348,
            0.08011757961844046,
            0.06677124468899234,
            -0.29585545154559745,
            -0.056540241074250694
        ],
        [
            0.04098304596835273,
            0.029650850508954007,
            -0.0053442707139928596,
            0.031627612077063785,
