{
    "opt_E": -2.2114547475857695,
    "HF_E": -2.181020971596776,
    "B3LYP_E": -2.1829348531762904,
    "sto-3G_E": -2.1742926506613744,
    "proj": [
        [
            0.5493342040005736,
            0.3319746826415074,
            -0.023066460117426177,
            -0.1755345459598256,
            0.025191620938310393,
            0.034430500103952266,
            0.17804817548171215,
            -0.04342350196035797,
            -0.25125644309983963,
            0.047914219065262977,
            0.042413993632338574,
            0.025133208300093007,
            -0.0015660981627773568,
            0.03353428851659056,
            -0.003896276961856796,
            0.0012158738150445545,
            -0.02883071139398217,
            0.004384997703567198,
            -0.0265426974646976,
            0.007270939830864363
        ],
        [
            0.3319746826415074,
            0.21792329646820469,
            -0.005832988142738564,
            -0.050120996565783685,
            0.006088428898529031,
            0.11418713378885115,
            0.1372617532455129,
            -0.02049822032880747,
            -0.14303431077703643,
            0.024184878040106404,
            0.024589118091832365,
            0.02413193832705433,
            0.002307585486277337,
            -0.034983760755355135,
            -0.0019827742792559943,
            -0.024515452535131717,
            -0.03185285459417669,
            0.002187726103765811,
            -0.015609112846798813,
            0.0038482725516816104
        ],
        [
            -0.023066460117426177,
            -0.005832988142738564,
            0.005416229201459327,
            0.03784143697128129,
            -0.006101695786948136,
            0.047815113569072254,
            0.006769598124450941,
            0.005159087480221904,
            0.00950547430454942,
            -0.004625159898166914,
            -0.012099647706574507,
            0.005547612901870333,
            7.508290015515478e-05,
            -0.02274336202030178,
            -0.0018184623166357676,
            0.0038888662035160477,
            0.0026865089990284643,
            -0.0021682556872134754,
            0.012206723987458262,
            -0.0027077510872621385
        ],
        [
            -0.1755345459598256,
            -0.050120996565783685,
            0.03784143697128129,
            0.2651306030585828,
            -0.04263005982385252,
            0.32865283082356067,
            0.043629644002750996,
            0.03640447509260472,
            0.07890910082705287,
            -0.03303187523627583,
            -0.07157577412268205,
            0.04187315479681535,
            0.0010789134783152628,
            -0.1580953441678637,
            -0.011731360651832029,
            0.026693841778253135,
            0.021512155351156092,
            -0.013887794401356662,
            0.07760970004731384,
            -0.017391475779831196
        ],
        [
            0.025191620938310393,
            0.006088428898529031,
            -0.006101695786948136,
            -0.04263005982385252,
            0.006882109369699883,
            -0.05445335610833613,
            -0.008273147407946064,
            -0.005739328829219686,
            -0.010727779030635546,
            0.0051315475480619,
            0.012509538309073986,
            -0.0072300601928987915,
            -4.473084772745366e-06,
            0.025118654943579108,
            0.002169897557201099,
            -0.006026881402713414,
            -0.004188453288389792,
            0.00243093580944005,
            -0.013681579228783177,
            0.0030259739012944305
        ],
        [
            0.034430500103952266,
            0.11418713378885115,
            0.047815113569072254,
            0.32865283082356067,
            -0.05445335610833613,
            0.5642924669928132,
            0.19098357901061003,
            0.031797989199051954,
            0.016950046823645884,
            -0.024620673707710084,
            -0.01580485349680048,
            0.10795501465362045,
            0.004433345003444974,
            -0.2464995918793958,
            -0.01696974755159003,
            0.03745464170588795,
            0.026785088115674115,
            -0.01299014181277053,
            0.06711225086825388,
            -0.015232101666220634
        ],
        [
            0.17804817548171215,
            0.1372617532455129,
            0.006769598124450941,
            0.043629644002750996,
            -0.008273147407946064,
            0.19098357901061003,
            0.1333982933821486,
            -0.006742426445571319,
            -0.026462188783182294,
            0.009102524502177115,
            0.11032117698227781,
            0.08005883123329216,
            0.004001770169380832,
            -0.06529984916398725,
            -0.0024259536466392046,
            0.024101535063195522,
            0.024072910343983456,
            0.005886770874448693,
            -0.04012469640214802,
            0.008303914085757877
        ],
        [
            -0.04342350196035797,
            -0.02049822032880747,
            0.005159087480221904,
            0.03640447509260472,
            -0.005739328829219686,
            0.031797989199051954,
            -0.006742426445571319,
            0.006310985650014426,
            0.012703268997796226,
            -0.0059731622270918485,
            -0.025481132724935542,
            -0.0030383824759761206,
            -0.0002702345963362857,
            -0.018343667979130233,
            -0.001634064146003252,
            0.00038232650627423553,
            -0.0005712910404912381,
            -0.0029745828070657566,
            0.017471555510776813,
            -0.003818945052963684
        ],
        [
            -0.25125644309983963,
            -0.14303431077703643,
            0.00950547430454942,
            0.07890910082705287,
            -0.010727779030635546,
            0.016950046823645884,
            -0.026462188783182294,
            0.012703268997796226,
            0.23433948559525566,
            -0.017952524277689424,
            0.2376064819787639,
            0.06951954511882379,
            0.013984380701965555,
            -0.05177771163246466,
            0.01801380257233295,
            -0.03759296293441733,
            0.0332927550798749,
            0.022561642451297353,
            -0.14021929721716173,
            0.02737987199019338
        ],
        [
            0.047914219065262977,
            0.024184878040106404,
            -0.004625159898166914,
            -0.03303187523627583,
            0.0051315475480619,
            -0.024620673707710084,
            0.009102524502177115,
            -0.0059731622270918485,
            -0.017952524277689424,
            0.005869549654006355,
            0.017923953769176333,
            0.0027045562416050744,
            -0.00017215207559792648,
            0.016786644023606804,
            0.0007616745419061565,
            0.0025291033181407594,
            0.0009295474886939688,
            0.0020307104012943036,
            -0.011793194066208984,
            0.0026710973503709227
        ],
        [
            0.042413993632338574,
            0.024589118091832365,
            -0.012099647706574507,
            -0.07157577412268205,
            0.012509538309073986,
            -0.01580485349680048,
            0.11032117698227781,
            -0.025481132724935542,
            0.2376064819787639,
            0.017923953769176333,
            0.5877599390330825,
            0.1973295829521808,
            0.02152902879241304,
            0.004808532421829955,
            0.02959246101446994,
            0.009126129782819587,
            0.09995373715880826,
            0.05320002373548074,
            -0.32702599625286866,
            0.06685139008208933
        ],
        [
            0.025133208300093007,
            0.02413193832705433,
            0.005547612901870333,
