{
    "opt_E": -2.1894655018615614,
    "HF_E": -2.161309746045618,
    "B3LYP_E": -2.162719068383065,
    "sto-3G_E": -2.1559125182507954,
    "proj": [
        [
            0.5008112063750153,
            0.31371613511897034,
            -0.003267706037614099,
            -0.16962983955558356,
            0.007322042249490231,
            0.09669725275020957,
            0.18919903289163126,
            -0.0035924590655398944,
            -0.2717715008799367,
            0.012868632588107127,
            0.035727443493325024,
            0.03219235888460934,
            0.004908065136843313,
            0.0065763875189933105,
            0.0014481328129485722,
            0.006535441914593578,
            -0.026167105767153066,
            -0.007865992592530941,
            -0.019532982972548105,
            -0.002234502344557222
        ],
        [
            0.31371613511897034,
            0.2043533433509862,
            -0.0013913746486677468,
            -0.07059020971204162,
            0.00300030405142708,
            0.11127772977495874,
            0.13393121462084967,
            -0.0024685317304080075,
            -0.15116367873650863,
            0.006974498203551301,
            0.03936161700223254,
            0.025214634042969232,
            -0.005325453481077495,
            -0.035882678303079174,
            -0.0006921912319039699,
            -0.0252933074565871,
            -0.029798689935487652,
            -0.010268674350847976,
            -0.028520026669296664,
            -0.002784837445417523
        ],
        [
            -0.003267706037614099,
            -0.0013913746486677468,
            0.00013826504535040403,
            0.0068730326894076614,
            -0.0003003458176195014,
            0.006991659727196494,
            0.0006634098966203055,
            -0.00020279387963265967,
            0.0028906514326422156,
            -0.0002494266952358552,
            -0.00029658758080207756,
            0.0017166146155746028,
            0.00014489124871220935,
            -0.0027489494628644756,
            0.00017105472343138255,
            0.0020169057308914336,
            0.00165649081075417,
            0.0006196354033990369,
            0.0016283351936272554,
            0.0001780238557330393
        ],
        [
            -0.16962983955558356,
            -0.07059020971204162,
            0.0068730326894076614,
            0.35880119510828995,
            -0.015816821216159023,
            0.35730149927111465,
            0.018935634118691157,
            -0.013313734789678743,
            0.12494152593126195,
            -0.013086468199018368,
            -0.08485293866347599,
            0.04396946121513235,
            7.176817562259758e-05,
            -0.17251979074031806,
            0.007283701768149742,
            0.029128450567151812,
            0.0299545312859122,
            0.03777146576231212,
            0.09893500055806079,
            0.010788062238888462
        ],
        [
            0.007322042249490231,
            0.00300030405142708,
            -0.0003003458176195014,
            -0.015816821216159023,
            0.0006983483270359359,
            -0.015781405979868175,
            -0.0007792486982112643,
            0.0006126125237543897,
            -0.005220385443958764,
            0.0005749839711174287,
            0.004296735265169696,
            -0.0016075063232017812,
            4.5352463638547594e-05,
            0.007837584298624354,
            -0.0003122992251461987,
            -0.0007341589875335351,
            -0.0008954923830263664,
            -0.0017183082664691798,
            -0.004501000057635424,
            -0.0004902385227122255
        ],
        [
            0.09669725275020957,
            0.11127772977495874,
            0.006991659727196494,
            0.35730149927111465,
            -0.015781405979868175,
            0.5350389681152068,
            0.16156170166951253,
            -0.015721195376223435,
            0.027246579550017736,
            -0.008845053013871257,
            -0.009433026352573525,
            0.10148025072030245,
            -0.005213133461454054,
            -0.23188718582518733,
            0.007570225123043391,
            0.036791648062934994,
            0.03128143185048347,
            0.02676101388208761,
            0.06747596183840956,
            0.007889550102403813
        ],
        [
            0.18919903289163126,
            0.13393121462084967,
            0.0006634098966203055,
            0.018935634118691157,
            -0.0007792486982112643,
            0.16156170166951253,
            0.12221367265631307,
            0.0004126441140619923,
            -0.03719753756849348,
            0.0024370045051730887,
            0.11625613987870533,
            0.0724811583002366,
            -0.0066099063667836465,
            -0.052944341776014536,
            -0.0004956311930113114,
            0.026401987907398065,
            0.024133003512771777,
            -0.017526384663120138,
            -0.04967495498244728,
            -0.0046691689217632625
        ],
        [
            -0.0035924590655398944,
            -0.0024685317304080075,
            -0.00020279387963265967,
            -0.013313734789678743,
            0.0006126125237543897,
            -0.015721195376223435,
            0.0004126441140619923,
            0.001969882945419112,
            0.012585154319536725,
            0.00031752578178321117,
            0.02882619093755254,
            0.005037308051414454,
            -0.0029113700606779513,
            0.003897209335999195,
            -0.0013045432327704104,
            -0.0033793623203868983,
            0.0020393603114240893,
            -0.007295567629501212,
            -0.020223809125311257,
            -0.002005293632410874
        ],
        [
            -0.2717715008799367,
            -0.15116367873650863,
            0.0028906514326422156,
            0.12494152593126195,
            -0.005220385443958764,
            0.027246579550017736,
            -0.03719753756849348,
            0.012585154319536725,
            0.27129139338780234,
            -0.008053567834710614,
            0.22278314652199838,
            0.06370591456213494,
            -0.031156714496875498,
            -0.0675625235731527,
            -0.009305536813735143,
            -0.025322440379719084,
            0.040122876226636996,
            -0.04815016767384998,
            -0.13760904702767543,
            -0.012974305508844073
        ],
        [
            0.012868632588107127,
            0.006974498203551301,
            -0.0002494266952358552,
            -0.013086468199018368,
            0.0005749839711174287,
            -0.008845053013871257,
            0.0024370045051730887,
            0.00031752578178321117,
            -0.008053567834710614,
            0.0005844419962864844,
            0.002917158113127157,
            -0.0005860244864145082,
            0.0002176200396758412,
            0.0054674045038061655,
            -0.00014829848308342309,
            -3.274016105327309e-05,
            -0.0008755018500080546,
            -0.0011092964712799511,
            -0.00285610574010566,
            -0.0003183384572044667
        ],
        [
            0.035727443493325024,
            0.03936161700223254,
            -0.00029658758080207756,
            -0.08485293866347599,
            0.004296735265169696,
            -0.009433026352573525,
            0.11625613987870533,
            0.02882619093755254,
            0.22278314652199838,
            0.002917158113127157,
            0.56166468658662,
            0.18416528100550533,
            -0.042122210618440264,
            -0.002989337981820321,
            -0.016538299142137503,
            0.046262142006336486,
            0.10897153208102518,
            -0.1176041817510539,
            -0.32745527382235823,
            -0.032102700220791036
        ],
        [
            0.03219235888460934,
