{
    "opt_E": -2.194647680630048,
    "HF_E": -2.1630540880358273,
    "B3LYP_E": -2.1652952996871075,
    "sto-3G_E": -2.146865976971897,
    "proj": [
        [
            0.5478241062293667,
            0.3463082214072846,
            0.012879746936083264,
            -0.1812176562403349,
            0.01730615953482117,
            0.029810728178049736,
            0.17484695646062798,
            0.0007906911109017372,
            -0.23673203103717996,
            0.021280506168891145,
            0.047562717961345403,
            0.028510033667018764,
            -0.0022714077246639257,
            0.04148612699817416,
            -0.0032947868726399122,
            -0.0026994350586532693,
            -0.03162406780165647,
            -0.012725853810317472,
            -0.023258599071845725,
            -0.0003702947200222741
        ],
        [
            0.3463082214072846,
            0.23289906895859824,
            0.005611020185027687,
            -0.06382090634963801,
            0.006219789484969579,
            0.10072967734942659,
            0.13496683701646742,
            0.003496440235385923,
            -0.14644413195305434,
            0.012947376454051421,
            0.02919588861488321,
            0.02322637128792383,
            0.008066668331518813,
            -0.025660907813290428,
            0.0023021669104869922,
            -0.0291724155409863,
            -0.03641251466965748,
            -0.00614191111429078,
            -0.016149324170021177,
            0.00017391572255810923
        ],
        [
            0.012879746936083264,
            0.005611020185027687,
            0.0008213231343954085,
            -0.014672660445002908,
            0.0013851829190270866,
            -0.015649201606397482,
            -0.0004271139054419113,
            -0.0011928685836544335,
            -0.0042338620150802605,
            0.00041215163760271084,
            0.0046021906766521015,
            -0.0006675713185464561,
            -0.003273245143240307,
            0.009731999423330022,
            -0.0010129373623359176,
            0.00016329377683391464,
            -0.00024311539791732826,
            -0.0017156275769859043,
            -0.0032195159052212873,
            -2.9645629838912997e-05
        ],
        [
            -0.1812176562403349,
            -0.06382090634963801,
            -0.014672660445002908,
            0.2713144042765502,
            -0.025532185772286074,
            0.32627533973789813,
            0.041468203107536815,
            0.020450662703045137,
            0.06390051562453102,
            -0.006420040463266587,
            -0.05671400933621034,
            0.03493035710152533,
            0.06574319872995002,
            -0.18381574499168668,
            0.019516078290828034,
            0.016432262976297206,
            0.018352715009840165,
            0.029257179006126864,
            0.05304414364216215,
            0.0006728956127539936
        ],
        [
            0.01730615953482117,
            0.006219789484969579,
            0.0013851829190270866,
            -0.025532185772286074,
            0.0024055230460881265,
            -0.03039047993036972,
            -0.003541419182765824,
            -0.0020957816419314495,
            -0.005535948191241812,
            0.0005582397526851798,
            0.006535585376705705,
            -0.002886044551455944,
            -0.00635691979393993,
            0.017155801082080303,
            -0.0018494623712775671,
            -0.0018535204586078778,
            -0.0017285619711333547,
            -0.0029877659151582078,
            -0.005631549329630147,
            -5.109672994487078e-05
        ],
        [
            0.029810728178049736,
            0.10072967734942659,
            -0.015649201606397482,
            0.32627533973789813,
            -0.03039047993036972,
            0.5473810367097595,
            0.18438800513228312,
            0.02141249044645002,
            0.0021979181062432265,
            -0.0014311236910579106,
            0.017054621034302046,
            0.1025950506984885,
            0.09347429172895999,
            -0.26727506980922033,
            0.027806386874568916,
            0.023940497039663215,
            0.02437925112447067,
            0.02483649857962682,
            0.03288740947783445,
            0.0015392273085324936
        ],
        [
            0.17484695646062798,
            0.13496683701646742,
            -0.0004271139054419113,
            0.041468203107536815,
            -0.003541419182765824,
            0.18438800513228312,
            0.12897617613640128,
            -0.006979035446465901,
            -0.026747420613911815,
            0.0018741107488617942,
            0.1160546385090111,
            0.08239085939321966,
            0.018721481970197955,
            -0.05711124544151798,
            0.005538455547934458,
            0.02810068391170174,
            0.02846270749760224,
            -0.012055110470049422,
            -0.037535966481470125,
            0.0010278829217942912
        ],
        [
            0.0007906911109017372,
            0.003496440235385923,
            -0.0011928685836544335,
            0.020450662703045137,
            -0.0020957816419314495,
            0.02141249044645002,
            -0.006979035446465901,
            0.014299744222850918,
            -0.0421265960961816,
            0.003901158393139918,
            -0.08636427409569053,
            -0.023262980369928497,
            0.01866540784438883,
            -0.01268679428525935,
            0.0031154909871947086,
            0.015872541757415367,
            -0.004557758003523506,
            0.01833977730940584,
            0.04725118069060963,
            -0.0007421350338633942
        ],
        [
            -0.23673203103717996,
            -0.14644413195305434,
            -0.0042338620150802605,
            0.06390051562453102,
            -0.005535948191241812,
            0.0021979181062432265,
            -0.026747420613911815,
            -0.0421265960961816,
            0.2361533298997814,
            -0.02177926365727371,
            0.2529648924803668,
            0.07453837859046497,
            -0.04438509702068715,
            -0.020401083414554592,
            -0.004138963709659421,
            -0.05035864011343785,
            0.028375181724297215,
            -0.048715200631411264,
            -0.13462322599450305,
            0.0027568632776961647
        ],
        [
            0.021280506168891145,
            0.012947376454051421,
            0.00041215163760271084,
            -0.006420040463266587,
            0.0005582397526851798,
            -0.0014311236910579106,
            0.0018741107488617942,
            0.003901158393139918,
            -0.02177926365727371,
            0.0020125691071805766,
            -0.02374695907368892,
            -0.007078225298244777,
            0.004034168227021245,
            0.0026155268132640776,
            0.0003294888560353184,
            0.005187205567441544,
            -0.002322725013447115,
            0.004559796640744302,
            0.012680815413561777,
            -0.00026383902841960286
        ],
        [
            0.047562717961345403,
            0.02919588861488321,
            0.0046021906766521015,
            -0.05671400933621034,
            0.006535585376705705,
            0.017054621034302046,
            0.1160546385090111,
            -0.08636427409569053,
            0.2529648924803668,
            -0.02374695907368892,
            0.5781928056601789,
            0.20832739932023192,
            -0.08347922261000285,
            0.040486777671749546,
            -0.01319341719440223,
            -0.015879851601779144,
            0.08682616132208787,
            -0.10830039470353157,
            -0.2828291808107211,
            0.004776392303136896
        ],
        [
            0.028510033667018764,
            0.02322637128792383,
