{
    "opt_E": -2.1473124701443416,
    "HF_E": -2.115801884076946,
    "B3LYP_E": -2.118502827213568,
    "sto-3G_E": -2.091152251272561,
    "proj": [
        [
            0.5662583361776972,
            0.38221690823619914,
            -0.01855499280379999,
            -0.16899667867127846,
            -0.02996628214093271,
            0.005297757438154698,
            0.16424857036578877,
            -0.0363990056830057,
            -0.17266930844552375,
            -0.04620787456003574,
            0.03770229570564969,
            0.028237535161931084,
            0.00026054244272585896,
            0.07278662976604294,
            -0.0018453210652397492,
            0.002724998108799586,
            -0.0354618563683297,
            -0.003331150801934524,
            -0.025026766882843467,
            0.0038636378518679747
        ],
        [
            0.38221690823619914,
            0.270543542679165,
            -0.00817941873818548,
            -0.0798604389032243,
            -0.01360804275596712,
            0.06714498933245809,
            0.13343820750364913,
            -0.022139202987449813,
            -0.11510248361263234,
            -0.02799753678207366,
            0.042153942069739776,
            0.022396364563206185,
            4.4449417970838456e-06,
            -0.009557298820276512,
            0.0011514561835382546,
            -0.04129641518152924,
            -0.05022807145300803,
            -0.003424339913042432,
            -0.03410488669286651,
            0.004366077248261893
        ],
        [
            -0.01855499280379999,
            -0.00817941873818548,
            0.0035650456330256135,
            0.02748354327263159,
            0.00537108545831454,
            0.03672520978094654,
            0.0062589509621070755,
            0.003092163847774833,
            -0.007518803749056479,
            0.0029050851953516393,
            -0.004824633373884895,
            0.005519904504891679,
            0.00197552284030527,
            -0.026348064773038173,
            -0.0014885659771764679,
            0.005251353741708219,
            0.004194816846472485,
            0.0009406110529227623,
            0.009576828823631284,
            -0.0016259590952380771
        ],
        [
            -0.16899667867127846,
            -0.0798604389032243,
            0.02748354327263159,
            0.2141456757856122,
            0.04155388227027686,
            0.27769530181052826,
            0.04140661167208024,
            0.02452246660422418,
            -0.0341550945040723,
            0.024541699034780564,
            -0.02166247265752558,
            0.04194342912416606,
            0.01365701653301973,
            -0.2049270288763721,
            -0.009373014355995812,
            0.027635237068845558,
            0.027730033465620203,
            0.006022113980277567,
            0.05909459273297242,
            -0.010449712978771961
        ],
        [
            -0.02996628214093271,
            -0.01360804275596712,
            0.00537108545831454,
            0.04155388227027686,
            0.008106842557572016,
            0.05453858651597822,
            0.008543481718149438,
            0.004762934531604068,
            -0.010312144628195961,
            0.004536204735004548,
            -0.007498886971107165,
            0.007524048252811524,
            0.002846939943113338,
            -0.040244399549201296,
            -0.0020802938187142466,
            0.00595500641177861,
            0.005158664567641758,
            0.001376598361719606,
            0.013815507312808334,
            -0.0023692559436508617
        ],
        [
            0.005297757438154698,
            0.06714498933245809,
            0.03672520978094654,
            0.27769530181052826,
            0.05453858651597822,
            0.5031353124718487,
            0.18168441870469929,
            0.01906820827818838,
            -0.0708447988752638,
            0.01939145868656115,
            0.09607562354037527,
            0.12353430002515729,
            0.019994599206562054,
            -0.30938730804108516,
            -0.011277106976455894,
            0.0479451412734538,
            0.04231234978762608,
            0.0023021650217323565,
            0.01944864955063599,
            -0.0060499948393106795
        ],
        [
            0.16424857036578877,
            0.13343820750364913,
            0.0062589509621070755,
            0.04140661167208024,
            0.008543481718149438,
            0.18168441870469929,
            0.12316214265213014,
            -0.0068992197537695,
            -0.02405790470501514,
            -0.0062311402042021236,
            0.11641634211781447,
            0.07683604480460002,
            0.005069954902840437,
            -0.07110791183133491,
            -0.0015712309776001474,
            0.03133626249052688,
            0.02242701274590224,
            -0.003934917880339397,
            -0.04053620526188599,
            0.004911255625787716
        ],
        [
            -0.0363990056830057,
            -0.022139202987449813,
            0.003092163847774833,
            0.02452246660422418,
            0.004762934531604068,
            0.01906820827818838,
            -0.0068992197537695,
            0.004073647618987146,
            -0.006955656120215139,
            0.0037009593045467973,
            -0.020115538931599158,
            -0.004174710645360491,
            0.0014497947668312822,
            -0.021924399887988145,
            -0.0012796338225504796,
            -0.0014627425361416115,
            -0.0007345264620078414,
            0.0014683151838223642,
            0.014780980695943855,
            -0.002313951014373072
        ],
        [
            -0.17266930844552375,
            -0.11510248361263234,
            -0.007518803749056479,
            -0.0341550945040723,
            -0.010312144628195961,
            -0.0708447988752638,
            -0.02405790470501514,
            -0.006955656120215139,
            0.32383313877801817,
            0.013388722412462868,
            0.31823564837887086,
            0.058532796941828474,
            -0.019525432854332486,
            0.060243600491087616,
            0.025430981757102417,
            -0.06569872001729693,
            0.00849802314751796,
            -0.020628043202125357,
            -0.23117715047563786,
            0.033658585452523405
        ],
        [
            -0.04620787456003574,
            -0.02799753678207366,
            0.0029050851953516393,
            0.024541699034780564,
            0.004536204735004548,
            0.01939145868656115,
            -0.0062311402042021236,
            0.0037009593045467973,
            0.013388722412462868,
            0.004657260583578327,
            0.002059846165159613,
            0.0009148639715924507,
            0.0003351440092120334,
            -0.020956768273863342,
            0.0003170799358929601,
            -0.00570902372587558,
            -9.353028291841146e-05,
            0.00010420591399770435,
            -0.000560149443708351,
            -0.0001143389114280713
        ],
        [
            0.03770229570564969,
            0.042153942069739776,
            -0.004824633373884895,
            -0.02166247265752558,
            -0.007498886971107165,
            0.09607562354037527,
            0.11641634211781447,
            -0.020115538931599158,
            0.31823564837887086,
            0.002059846165159613,
            0.48868238068503983,
            0.16849464509859807,
            -0.013712512483600258,
            0.04266505893898894,
            0.022115167424151663,
            0.032524023432066,
            0.07794777599867851,
            -0.02636351041151162,
            -0.28504833313582206,
            0.04110356948288451
        ],
        [
            0.028237535161931084,
            0.022396364563206185,
            0.005519904504891679,
            0.04194342912416606,
