{
    "opt_E": -2.16310727616498,
    "HF_E": -2.1345504030788636,
    "B3LYP_E": -2.1354377263376607,
    "sto-3G_E": -2.1207690437405446,
    "proj": [
        [
            0.5074452931909501,
            0.32770672250480026,
            -0.01225794163397756,
            -0.17788933745392477,
            0.0009917762815963831,
            0.080607952950362,
            0.1882361512829552,
            -0.0016627925932021733,
            -0.25365054887084354,
            0.00986222644698765,
            0.03689584711875928,
            0.036876605602730164,
            0.000667081648902542,
            0.015412997468363023,
            -0.0032087308561192618,
            0.00026654450141259126,
            -0.029291591188000968,
            0.0016090884142645992,
            -0.022757850897038565,
            0.006310952326561002
        ],
        [
            0.32770672250480026,
            0.21914506611988963,
            -0.006446678949626567,
            -0.08361888726051032,
            7.434219673708822e-06,
            0.09752131809962088,
            0.1351327500818408,
            0.00026933402428032973,
            -0.1469582981656977,
            0.0067028277211469214,
            0.043339194466864885,
            0.026351819884077837,
            -0.007693696410740224,
            -0.03128785957907528,
            -0.0008316711057201928,
            -0.03083676757122057,
            -0.034133391944830005,
            -0.0006408672500619359,
            -0.03871741015341655,
            0.007427005724753625
        ],
        [
            -0.01225794163397756,
            -0.006446678949626567,
            0.0006949418070958177,
            0.0144353192120966,
            -0.0002604396787478709,
            0.012054880481138314,
            -0.0008303777743704962,
            -0.0006573343082912674,
            0.008290866998936575,
            -0.0005451296473638714,
            0.0010549951310570057,
            0.0016126139805762152,
            -0.0028170623643743397,
            -0.00801836905468729,
            -0.0008893120441183869,
            -0.000973282303537096,
            0.0009442376824553824,
            -0.00022700682847093408,
            9.82605233590969e-05,
            -0.0002895551949858541
        ],
        [
            -0.17788933745392477,
            -0.08361888726051032,
            0.0144353192120966,
            0.3457356231717818,
            -0.0072198679839317395,
            0.34775955904087696,
            0.018492885212200022,
            -0.040182440868535174,
            0.0928509093850176,
            -0.01987186822545609,
            -0.05819474890915244,
            0.045310489136883604,
            -0.08318157050956844,
            -0.1768420283332934,
            -0.039586637723698435,
            0.020772490997666555,
            0.03641973131565406,
            -0.002130852053511577,
            0.08906996521514574,
            -0.022378861077327672
        ],
        [
            0.0009917762815963831,
            7.434219673708822e-06,
            -0.0002604396787478709,
            -0.0072198679839317395,
            0.00017279481932021707,
            -0.00888903611591772,
            -0.0016301260621102039,
            0.001102308551445347,
            -0.00023407130460811556,
            0.0004600663971561435,
            0.001569192672966037,
            -0.0016448798717495056,
            0.0020253745322481496,
            0.003398733688126704,
            0.0011587401785015067,
            -0.001815507357112517,
            -0.0014601638884826475,
            -4.775170221802669e-06,
            -0.0029019082070487878,
            0.0006478488368734179
        ],
        [
            0.080607952950362,
            0.09752131809962088,
            0.012054880481138314,
            0.34775955904087696,
            -0.00888903611591772,
            0.5229200582743213,
            0.15773666265603556,
            -0.03956066269694752,
            0.002417148060316801,
            -0.014748027947544899,
            0.021067948742158085,
            0.10605030069035666,
            -0.10619481758125807,
            -0.2322090435200721,
            -0.04910291118095682,
            0.03624137451234586,
            0.04288349486941055,
            -0.0033679975021907753,
            0.05380598869866545,
            -0.016657390451208204
        ],
        [
            0.1882361512829552,
            0.1351327500818408,
            -0.0008303777743704962,
            0.018492885212200022,
            -0.0016301260621102039,
            0.15773666265603556,
            0.11788325138048428,
            0.007786513150283753,
            -0.04166166890284314,
            0.006365901905940892,
            0.1074394071410702,
            0.06953813445782264,
            -0.019014130389677426,
            -0.045313708902013534,
            -0.007634679310360146,
            0.03702978166346889,
            0.026695083303091113,
            -0.0015539697622278421,
            -0.0472088061818415,
            0.00794919108830835
        ],
        [
            -0.0016627925932021733,
            0.00026933402428032973,
            -0.0006573343082912674,
            -0.040182440868535174,
            0.001102308551445347,
            -0.03956066269694752,
            0.007786513150283753,
            0.02559159806100587,
            0.0505844624329364,
            0.009612304909965229,
            0.10560192662005176,
            0.01928888303812623,
            0.01685030874541804,
            0.010898693968782118,
            0.013866929742578214,
            0.0005275743074335112,
            0.008505230748592272,
            -0.002029974640515726,
            -0.08128327477973177,
            0.015432175046205206
        ],
        [
            -0.25365054887084354,
            -0.1469582981656977,
            0.008290866998936575,
            0.0928509093850176,
            -0.00023407130460811556,
            0.002417148060316801,
            -0.04166166890284314,
            0.0505844624329364,
            0.2562103493328387,
            0.01341747220557533,
            0.23090149427268178,
            0.04541842605503553,
            0.010789346663133307,
            -0.05691402027840325,
            0.023630011158009664,
            -0.013108855520012761,
            0.03198718921082192,
            -0.00711210584845069,
            -0.17330637638150057,
            0.029795879913332383
        ],
        [
            0.00986222644698765,
            0.0067028277211469214,
            -0.0005451296473638714,
            -0.01987186822545609,
            0.0004600663971561435,
            -0.014748027947544899,
            0.006365901905940892,
            0.009612304909965229,
            0.01341747220557533,
            0.003832277439701227,
            0.040003255969737285,
            0.007668455186189061,
            0.006636915344469485,
            0.005261116378744324,
            0.005232656609551629,
            0.0002794195050082433,
            0.00252399193013279,
            -0.0007045468706390712,
            -0.030812683925854224,
            0.005916488570820832
        ],
        [
            0.03689584711875928,
            0.043339194466864885,
            0.0010549951310570057,
            -0.05819474890915244,
            0.001569192672966037,
            0.021067948742158085,
            0.1074394071410702,
            0.10560192662005176,
            0.23090149427268178,
            0.040003255969737285,
            0.5191832358118776,
            0.15846787545504962,
            0.03894642036939167,
            -0.0023387127268393697,
            0.039490953162689725,
            0.08618473291003856,
            0.10024689808201961,
            -0.009196253847639667,
            -0.3394560246229107,
            0.0629403620861175
        ],
        [
            0.036876605602730164,
            0.026351819884077837,
            0.0016126139805762152,
