{
    "opt_E": -2.1965901801523366,
    "HF_E": -2.16394363533329,
    "B3LYP_E": -2.166967754442014,
    "sto-3G_E": -2.1464354014777443,
    "proj": [
        [
            0.5891109157593403,
            0.37515223816691134,
            -0.020922361566364144,
            -0.16190197856236369,
            0.027433965041079634,
            -0.027522954952696205,
            0.15926343525113,
            -0.02944611125214426,
            -0.18711714520218775,
            0.05908079342723633,
            0.03994646389477789,
            0.022008269120968784,
            0.005488431432063641,
            0.06926738024160528,
            0.0059456239621951705,
            -0.0006365955777841746,
            -0.030142978495274537,
            -0.003060773288102913,
            -0.023132746235805173,
            0.005254160869852019
        ],
        [
            0.37515223816691134,
            0.2602516047679265,
            -0.00652114194456911,
            -0.05271753000657436,
            0.007416269556704574,
            0.08559352385839075,
            0.1386982270079312,
            -0.01817738161138273,
            -0.12949082881726443,
            0.029447702370335112,
            0.023059763907929787,
            0.02234593621217293,
            -0.0015500568659709201,
            -0.022613699278469717,
            -0.0035070748615275518,
            -0.030739279116840688,
            -0.04115271547655304,
            -0.0016668358624501276,
            -0.013079979336584792,
            0.0025384136733961763
        ],
        [
            -0.020922361566364144,
            -0.00652114194456911,
            0.003256507480472617,
            0.024257366071632838,
            -0.0047441952031098645,
            0.03819097729919679,
            0.0073915350074219,
            0.0009890541420778261,
            -0.00047334937079580505,
            -0.005393268882952223,
            -0.006191419079356088,
            0.004819780704594121,
            -0.001338576559652924,
            -0.02147059706319371,
            -0.00411491877489198,
            0.003660891153757147,
            0.001817551418562093,
            0.0008585020902204845,
            0.007148008254865424,
            -0.0011909071259663792
        ],
        [
            -0.16190197856236369,
            -0.05271753000657436,
            0.024257366071632838,
            0.18082405997292653,
            -0.03527227690955474,
            0.28242531269467225,
            0.05333316700433814,
            0.007864010608058067,
            0.0016347730018536394,
            -0.04014954188058934,
            -0.041579086037621,
            0.03612681989936301,
            -0.010109298714126438,
            -0.16019630115615593,
            -0.029937250047231072,
            0.023802077605176348,
            0.012572897830104126,
            0.006013596944476258,
            0.049906957676282976,
            -0.00842904671023403
        ],
        [
            0.027433965041079634,
            0.007416269556704574,
            -0.0047441952031098645,
            -0.03527227690955474,
            0.006944833584271952,
            -0.05668682982356745,
            -0.011657049828091029,
            -0.0011937108818917549,
            0.0032451098570013986,
            0.007862598705901187,
            0.011219453705425337,
            -0.006950456565932901,
            0.0018796351589776901,
            0.03113408906365566,
            0.006352089173937292,
            -0.007108556466269991,
            -0.003168928556901718,
            -0.00143859789538831,
            -0.012059258803224135,
            0.0019522599878394487
        ],
        [
            -0.027522954952696205,
            0.08559352385839075,
            0.03819097729919679,
            0.28242531269467225,
            -0.05668682982356745,
            0.5697707291664671,
            0.20870405413896675,
            0.004122550733532615,
            -0.04475266828384944,
            -0.04385888825743249,
            0.025768298949185565,
            0.11784297238303039,
            -0.018383782829265956,
            -0.28814540739482924,
            -0.05247580872824518,
            0.04323317407330874,
            0.023488095268477623,
            0.005350925887696154,
            0.04391747572357367,
            -0.00793089391884086
        ],
        [
            0.15926343525113,
            0.1386982270079312,
            0.0073915350074219,
            0.05333316700433814,
            -0.011657049828091029,
            0.20870405413896675,
            0.14144232923632022,
            -0.003658841445261829,
            -0.02029951108470112,
            0.009089430583854884,
            0.11627357187339458,
            0.08751426806636663,
            -0.005206164253737411,
            -0.07773396526455456,
            -0.012454527868181966,
            0.022369690948980666,
            0.021793531876641594,
            -0.004236130018839667,
            -0.036200235785377954,
            0.005206615577994674
        ],
        [
            -0.02944611125214426,
            -0.01817738161138273,
            0.0009890541420778261,
            0.007864010608058067,
            -0.0011937108818917549,
            0.004122550733532615,
            -0.003658841445261829,
            0.0022289802558592225,
            0.02030800820705134,
            -0.0013325517359967084,
            0.0179788231348885,
            0.005074939979656001,
            -0.0006541143566262726,
            -0.005071840924817465,
            0.0011634674758127833,
            -0.005722428427700291,
            0.001450452218498046,
            -0.0011555531144458993,
            -0.010163157008533331,
            0.0013148032718945891
        ],
        [
            -0.18711714520218775,
            -0.12949082881726443,
            -0.00047334937079580505,
            0.0016347730018536394,
            0.0032451098570013986,
            -0.04475266828384944,
            -0.02029951108470112,
            0.02030800820705134,
            0.23470178063199815,
            0.01313401380725787,
            0.2901567507007439,
            0.07553627872953397,
            -0.0032804310511987313,
            0.011399976438901522,
            0.027498752256783932,
            -0.06848738219683513,
            0.022493265163049257,
            -0.019269074814063786,
            -0.167115371266214,
            0.02310959227609909
        ],
        [
            0.05908079342723633,
            0.029447702370335112,
            -0.005393268882952223,
            -0.04014954188058934,
            0.007862598705901187,
            -0.04385888825743249,
            0.009089430583854884,
            -0.0013325517359967084,
            0.01313401380725787,
            0.013656365759053225,
            0.05376748505134593,
            0.0120529247074167,
            0.0017398762821662465,
            0.032135535743383785,
            0.007871365012148985,
            -0.004862260400508893,
            0.0038981385074378706,
            -0.003764192874736429,
            -0.03190607955101998,
            0.004885997132557027
        ],
        [
            0.03994646389477789,
            0.023059763907929787,
            -0.006191419079356088,
            -0.041579086037621,
            0.011219453705425337,
            0.025768298949185565,
            0.11627357187339458,
            0.0179788231348885,
            0.2901567507007439,
            0.05376748505134593,
            0.5669429004779465,
            0.2059530389388844,
            -0.002135597330259204,
            0.03826520220307304,
            0.03641179135885577,
            -0.022869004469379818,
            0.08733463749561445,
            -0.03365043139300621,
            -0.28929170714184976,
            0.04154326690576429
        ],
        [
            0.022008269120968784,
            0.02234593621217293,
            0.004819780704594121,
