{
    "opt_E": -2.2223997053517173,
    "HF_E": -2.1919622657782356,
    "B3LYP_E": -2.193787389550964,
    "sto-3G_E": -2.188059651816356,
    "proj": [
        [
            0.5597316986030471,
            0.346134357508582,
            -0.004982882738822677,
            -0.17664349924601186,
            0.005914894475947214,
            0.006658654041014845,
            0.17780226756477427,
            -0.009212151122278746,
            -0.24553017045444742,
            -0.003221942848409905,
            0.029830397288318867,
            0.023066507021224383,
            -0.0012659729419782625,
            0.030297668010936755,
            -0.006111778777634344,
            -0.00013346524806303548,
            -0.01938060466823219,
            0.004170810852449053,
            -0.023433986639613182,
            -0.0010497299368060758
        ],
        [
            0.346134357508582,
            0.23315586081783438,
            -0.0014922386984152342,
            -0.05260121752762635,
            0.0025705656191397823,
            0.1052696027703533,
            0.14502117882192936,
            -0.003910654714752438,
            -0.14157954089123004,
            0.0023885962423342787,
            0.020740324271476384,
            0.024952540101886928,
            0.001565818092969617,
            -0.03283890127071408,
            0.01029290948564747,
            -0.026874736269651783,
            -0.027123681537968763,
            0.0027990820962045192,
            -0.018041921802211213,
            0.00014768755175697618
        ],
        [
            -0.004982882738822677,
            -0.0014922386984152342,
            0.00020703550639642083,
            0.007261203975394239,
            -0.0001300147764781185,
            0.00961507723159653,
            0.0012643696179213757,
            0.00030174095839010284,
            0.0017787136640497394,
            0.0008958634953624316,
            -0.002898911639393214,
            0.0007297462271858741,
            -0.0001866905326446112,
            -0.003223252802807439,
            0.0014268072797975618,
            0.00045475258483641584,
            -7.983796910218381e-05,
            -0.00047440005991464853,
            0.0026922449701575184,
            -7.972008832811346e-05
        ],
        [
            -0.17664349924601186,
            -0.05260121752762635,
            0.007261203975394239,
            0.2563881782358351,
            -0.004703646720904109,
            0.34311876040745837,
            0.05125160864396717,
            0.010299912260552033,
            0.0745065022699227,
            0.027709613588051744,
            -0.0724771760445811,
            0.039335524005029675,
            -0.005960217422737325,
            -0.11405429689188823,
            0.049687248391260035,
            0.026314303628930714,
            0.00865592458185141,
            -0.014400523363139956,
            0.08083334590262466,
            -0.0021329909882662696
        ],
        [
            0.005914894475947214,
            0.0025705656191397823,
            -0.0001300147764781185,
            -0.004703646720904109,
            0.00013074580012580072,
            -0.00526326978601226,
            -0.0002814226502605858,
            -0.0001640913173086221,
            -0.003885694736776645,
            -1.0192656745573111e-05,
            -0.0015201109331124637,
            -0.0006673111404985081,
            -0.0002982704160616846,
            0.003693168860150457,
            -0.0007684461946910005,
            0.0021981939180609035,
            0.0007243548407803626,
            -0.00018428295592270503,
            0.0012669310696837505,
            -0.00012661232963635517
        ],
        [
            0.006658654041014845,
            0.1052696027703533,
            0.00961507723159653,
            0.34311876040745837,
            -0.00526326978601226,
            0.6052214315552147,
            0.20486353889058528,
            0.01163778216853031,
            0.024138832106544758,
            0.03539395675519115,
            -0.031039098056739118,
            0.10635129227232956,
            -0.0063485352717386236,
            -0.1978637733727183,
            0.08125477901215376,
            0.03864999718756188,
            0.014749517127056855,
            -0.014533075280938685,
            0.0775871547067027,
            -0.0016669776415444819
        ],
        [
            0.17780226756477427,
            0.14502117882192936,
            0.0012643696179213757,
            0.05125160864396717,
            -0.0002814226502605858,
            0.20486353889058528,
            0.14380989483457043,
            -0.0005544805394033165,
            -0.02789427071064016,
            -0.003896174272408561,
            0.10377382776928419,
            0.08118542712080438,
            0.0019458402876814647,
            -0.06573671176522143,
            0.021686687251276406,
            0.024143668509875208,
            0.024856701848623968,
            0.006297336075285771,
            -0.04113858952126519,
            0.0021119551028690327
        ],
        [
            -0.009212151122278746,
            -0.003910654714752438,
            0.00030174095839010284,
            0.010299912260552033,
            -0.0001640913173086221,
            0.01163778216853031,
            -0.0005544805394033165,
            0.0005089486702598506,
            0.001132770030300457,
            0.0019545080601756936,
            -0.009595885162186827,
            -0.0010465169077424703,
            -0.0005839426615409321,
            -0.0029320837863201217,
            0.001944161186580851,
            0.0011612505893618204,
            -0.0007412127192413208,
            -0.0012262232811251488,
            0.007217855754841628,
            -0.00029119302423600993
        ],
        [
            -0.24553017045444742,
            -0.14157954089123004,
            0.0017787136640497394,
            0.0745065022699227,
            -0.003885694736776645,
            0.024138832106544758,
            -0.02789427071064016,
            0.001132770030300457,
            0.20062587387290864,
            -0.029168494716157192,
            0.20898479941755432,
            0.061420010951899695,
            0.014494424088646108,
            -0.06829212262410991,
            -0.00027734357282787356,
            -0.026049559865010837,
            0.03492135614741232,
            0.02149905451444908,
            -0.13234894979231093,
            0.008086070490050005
        ],
        [
            -0.003221942848409905,
            0.0023885962423342787,
            0.0008958634953624316,
            0.027709613588051744,
            -1.0192656745573111e-05,
            0.03539395675519115,
            -0.003896174272408561,
            0.0019545080601756936,
            -0.029168494716157192,
            0.01349399171447146,
            -0.08202276912312219,
            -0.020201479480879393,
            -0.004711211810915698,
            0.00044452690327462127,
            0.007336551429608107,
            0.004012414180753039,
            -0.012938865215259446,
            -0.008993887462857335,
            0.054048396898887366,
            -0.002640690076972229
        ],
        [
            0.029830397288318867,
            0.020740324271476384,
            -0.002898911639393214,
            -0.0724771760445811,
            -0.0015201109331124637,
            -0.031039098056739118,
            0.10377382776928419,
            -0.009595885162186827,
            0.20898479941755432,
            -0.08202276912312219,
            0.570157265552055,
            0.1975984524953304,
            0.026134220186285296,
            -0.04627658310215408,
            -0.023719339246667703,
            0.040046147541050174,
            0.1280667364476692,
            0.05537152772660134,
            -0.335387179958703,
            0.016726308602138466
        ],
        [
            0.023066507021224383,
