{
    "opt_E": -2.1543271391337413,
    "HF_E": -2.1225547739320474,
    "B3LYP_E": -2.1251651707981347,
    "sto-3G_E": -2.098696880299882,
    "proj": [
        [
            0.5568343014118572,
            0.3630959302195445,
            0.051606828803215106,
            -0.16171220917010717,
            0.019185694813692988,
            0.024564631434758972,
            0.17150919589189006,
            0.09417540016987762,
            -0.19229790342762454,
            0.04353751291325439,
            0.0368892706667379,
            0.03228915472817019,
            0.007757719046990749,
            0.06023311169712368,
            0.005653219486146476,
            0.0006674139250862078,
            -0.0366625613722727,
            -0.0044190435441828395,
            -0.0223471175612188,
            -0.00031015788333113
        ],
        [
            0.3630959302195445,
            0.24761821915548354,
            0.020940923915093865,
            -0.07123657742911982,
            0.007313486311248905,
            0.07949694903033573,
            0.1321364535828958,
            0.05434450760884083,
            -0.12497661399079725,
            0.024542499973792445,
            0.03633583817787751,
            0.024645376250479266,
            0.00047742404932041684,
            -0.014952937246082905,
            -0.0007110055206106835,
            -0.033882021542715024,
            -0.045309839910616705,
            -0.003931913065616619,
            -0.023973296876877846,
            -0.0005816412640756233
        ],
        [
            0.051606828803215106,
            0.020940923915093865,
            0.027888176889947706,
            -0.07430606072191007,
            0.011405017066362138,
            -0.10169416968802453,
            -0.013590674827710503,
            0.021208881975271147,
            0.009886608338175154,
            0.012703941969417801,
            0.014506219097438175,
            -0.010893272529772981,
            0.001165573306110586,
            0.07558912096263626,
            0.007815236293020913,
            -0.013674136350049469,
            -0.010380170716774665,
            -0.006216406209138455,
            -0.02610754284871957,
            -0.0012605496328659184
        ],
        [
            -0.16171220917010717,
            -0.07123657742911982,
            -0.07430606072191007,
            0.20088216209584658,
            -0.03022531085933132,
            0.26743420663634754,
            0.03265058707371184,
            -0.058761218369047755,
            0.0023327454930815762,
            -0.03334586485973524,
            -0.01153605205206349,
            0.035023087043773195,
            -0.005292263721104726,
            -0.1989301294874617,
            -0.020255911847945757,
            0.028156822124352696,
            0.027984991674585465,
            0.012862755327471538,
            0.05091031982372879,
            0.0024908666547391544
        ],
        [
            0.019185694813692988,
            0.007313486311248905,
            0.011405017066362138,
            -0.03022531085933132,
            0.004675123335072926,
            -0.04220212537003878,
            -0.006160824881203909,
            0.008455387410770593,
            0.005564402907147219,
            0.005161242175177364,
            0.006799279659259516,
            -0.004550185100606943,
            0.00033975286766633225,
            0.030944183788128046,
            0.0032285596979007704,
            -0.006550064373380532,
            -0.0046068756274061685,
            -0.002715056992777063,
            -0.011539037467868999,
            -0.0005581558208422566
        ],
        [
            0.024564631434758972,
            0.07949694903033573,
            -0.10169416968802453,
            0.26743420663634754,
            -0.04220212537003878,
            0.5053434598838902,
            0.173166273070927,
            -0.048654564877533106,
            -0.049774142554249654,
            -0.029512904553476313,
            0.08552884088504482,
            0.11104612832506668,
            -0.00933804540853118,
            -0.3135647977052542,
            -0.0318314310337131,
            0.04643416352545386,
            0.03899658646244735,
            0.010807886135784765,
            0.028884408667492787,
            0.002109485204465877
        ],
        [
            0.17150919589189006,
            0.1321364535828958,
            -0.013590674827710503,
            0.03265058707371184,
            -0.006160824881203909,
            0.173166273070927,
            0.12114270029313147,
            0.016559512660686854,
            -0.019914625248302103,
            0.009419258073495224,
            0.12090688783730602,
            0.07731690184895737,
            -0.0033787650274015673,
            -0.06292422924993779,
            -0.006608911055677888,
            0.026430144513755,
            0.021412025378213427,
            -0.006686011355616915,
            -0.04174221231374405,
            -0.0013464160470639701
        ],
        [
            0.09417540016987762,
            0.05434450760884083,
            0.021208881975271147,
            -0.058761218369047755,
            0.008455387410770593,
            -0.048654564877533106,
            0.016559512660686854,
            0.023195817185457306,
            -0.010228733595545846,
            0.01285176027561459,
            0.025869798943159168,
            0.0057132579374801476,
            0.0016900549498907028,
            0.052235087623989145,
            0.005105202378019384,
            0.0022546076644922404,
            -0.0016125137705075494,
            -0.0048198079686795564,
            -0.021422662436228607,
            -0.0009021053408386226
        ],
        [
            -0.19229790342762454,
            -0.12497661399079725,
            0.009886608338175154,
            0.0023327454930815762,
            0.005564402907147219,
            -0.049774142554249654,
            -0.019914625248302103,
            -0.010228733595545846,
            0.291244443903423,
            0.012538421097011485,
            0.30489424779968893,
            0.07463051258205447,
            -0.02108529639311378,
            0.053343639301657066,
            0.008228652188715185,
            -0.06983876739296224,
            0.013138782514403827,
            -0.04083338191567108,
            -0.2045953607524126,
            -0.009416285048550138
        ],
        [
            0.04353751291325439,
            0.024542499973792445,
            0.012703941969417801,
            -0.03334586485973524,
            0.005161242175177364,
            -0.029512904553476313,
            0.009419258073495224,
            0.01285176027561459,
            0.012538421097011485,
            0.008286573540449517,
            0.03553971563394359,
            0.008816388881362004,
            -0.0004036440053711217,
            0.03288061053859714,
            0.0034005149467010777,
            -0.002858743574583876,
            0.00015487417738229561,
            -0.0054450088208988995,
            -0.025791049449095504,
            -0.0011331817785785328
        ],
        [
            0.0368892706667379,
            0.03633583817787751,
            0.014506219097438175,
            -0.01153605205206349,
            0.006799279659259516,
            0.08552884088504482,
            0.12090688783730602,
            0.025869798943159168,
            0.30489424779968893,
            0.03553971563394359,
            0.507468488426821,
            0.1893916041945567,
            -0.02235102655676558,
            0.05949625922360981,
            0.007421948392373717,
            0.003393351807950253,
            0.07355090805631802,
            -0.05590072119168448,
            -0.2852782133804305,
            -0.012387570643005566
        ],
        [
            0.03228915472817019,
            0.024645376250479266,
            -0.010893272529772981,
