{
    "opt_E": -2.193510897791909,
    "HF_E": -2.1621530772816207,
    "B3LYP_E": -2.164313182509559,
    "sto-3G_E": -2.148237697643101,
    "proj": [
        [
            0.5736792003814517,
            0.3614972890966784,
            0.021629810208073797,
            -0.17175643713437905,
            0.009501521119272103,
            -0.004616024297995655,
            0.1687496921875939,
            0.052797956737294836,
            -0.2116812307633645,
            0.032324224007373246,
            0.036013436424788506,
            0.024267918542652808,
            0.008808124108953597,
            0.05505406114098383,
            0.008933469227569617,
            -0.0011352355482253565,
            -0.030533268785267527,
            -0.0008712640670512023,
            -0.026144097881880515,
            -0.0011888692413801025
        ],
        [
            0.3614972890966784,
            0.24614708275652555,
            0.005680688089399206,
            -0.05851212804283741,
            0.0018928881368501958,
            0.0904613144749115,
            0.13925590592116355,
            0.025439301873068296,
            -0.13347291454352603,
            0.014284079400442932,
            0.02835568051278613,
            0.02454176205793239,
            -0.005025059297874391,
            -0.027322060302476317,
            -0.00511838607552656,
            -0.03207434697717231,
            -0.03824457616063758,
            -0.0010343594903136407,
            -0.0218803918303034,
            -0.0013022197769089368
        ],
        [
            0.021629810208073797,
            0.005680688089399206,
            0.005297041178673577,
            -0.033723018821982004,
            0.0027012661035821658,
            -0.04923574709420526,
            -0.009277020768638311,
            0.007525604677393536,
            0.0005173386415033264,
            0.005891616807210121,
            0.010105760370547669,
            -0.0067964037961380005,
            0.005347908587604901,
            0.024463488440559258,
            0.0054427830520568056,
            -0.005614535098771881,
            -0.0033364495136823224,
            -0.0011313227093730802,
            -0.013123407829991987,
            -0.0011519410963866897
        ],
        [
            -0.17175643713437905,
            -0.05851212804283741,
            -0.033723018821982004,
            0.21784017359056143,
            -0.017059566316047815,
            0.30400834214692507,
            0.04900186840772338,
            -0.047704416890327214,
            0.021748254078478937,
            -0.036275158827242075,
            -0.04573215083275525,
            0.043950859188619504,
            -0.0334725536341812,
            -0.15788992691185566,
            -0.034025663127588576,
            0.027298868097626966,
            0.020744718859513046,
            0.005794557758202976,
            0.06835466579248212,
            0.005897065433606164
        ],
        [
            0.009501521119272103,
            0.0018928881368501958,
            0.0027012661035821658,
            -0.017059566316047815,
            0.0013835921463234869,
            -0.02555760496211902,
            -0.005212855774190612,
            0.0038347993383397025,
            0.0013301530491900844,
            0.0030477192276933537,
            0.005863627708619895,
            -0.0034962693652344974,
            0.002751073137090646,
            0.012361855002316766,
            0.002801351031886761,
            -0.003304741345938426,
            -0.0017814235330604208,
            -0.0006359291340888717,
            -0.007321590358435872,
            -0.0006475263357231496
        ],
        [
            -0.004616024297995655,
            0.0904613144749115,
            -0.04923574709420526,
            0.30400834214692507,
            -0.02555760496211902,
            0.5634821560203747,
            0.1980510451437213,
            -0.04981320756314125,
            -0.030610624682491348,
            -0.03998038499045032,
            0.01989588651890998,
            0.12065896187627652,
            -0.05593611822130862,
            -0.2639987159442853,
            -0.05667017204405334,
            0.04823320902322187,
            0.03313229488146904,
            0.005790480243010629,
            0.05955249613534496,
            0.0056294810775635645
        ],
        [
            0.1687496921875939,
            0.13925590592116355,
            -0.009277020768638311,
            0.04900186840772338,
            -0.005212855774190612,
            0.1980510451437213,
            0.1353538878205883,
            0.008632744242041697,
            -0.027134189800900353,
            0.005770023101329531,
            0.10819519247614624,
            0.08087517562363472,
            -0.015076378669084619,
            -0.07112059549604562,
            -0.01503876186647709,
            0.028049687339745142,
            0.023076110170855868,
            -0.0025539717243468433,
            -0.03858909289638442,
            -0.002881252142770033
        ],
        [
            0.052797956737294836,
            0.025439301873068296,
            0.007525604677393536,
            -0.047704416890327214,
            0.0038347993383397025,
            -0.04981320756314125,
            0.008632744242041697,
            0.016649251083797667,
            0.016755224223125368,
            0.013756178967248692,
            0.06522087490297039,
            0.011667797683558556,
            0.006978730759167268,
            0.02953612930112842,
            0.007228874277174075,
            -0.002427657186523702,
            0.004860735005045415,
            -0.0038491295097229095,
            -0.046269252923409596,
            -0.003993418352830978
        ],
        [
            -0.2116812307633645,
            -0.13347291454352603,
            0.0005173386415033264,
            0.021748254078478937,
            0.0013301530491900844,
            -0.030610624682491348,
            -0.027134189800900353,
            0.016755224223125368,
            0.23426943017295737,
            0.023228084600539406,
            0.26974563569303955,
            0.05868805146812755,
            0.0038715715926548946,
            -0.02276824173794633,
            0.004571907052560046,
            -0.04459483710577148,
            0.02450731049495481,
            -0.016274569647726615,
            -0.18411404728696049,
            -0.016771730615008473
        ],
        [
            0.032324224007373246,
            0.014284079400442932,
            0.005891616807210121,
            -0.036275158827242075,
            0.0030477192276933537,
            -0.03998038499045032,
            0.005770023101329531,
            0.013756178967248692,
            0.023228084600539406,
            0.01177118739063908,
            0.0628679076419155,
            0.011821762636002141,
            0.005605379763267343,
            0.022045505043450625,
            0.00583157373509861,
            -0.0036880318711860313,
            0.004965921194206083,
            -0.0037164779175936206,
            -0.04419142933786166,
            -0.0038512653503865054
        ],
        [
            0.036013436424788506,
            0.02835568051278613,
            0.010105760370547669,
            -0.04573215083275525,
            0.005863627708619895,
            0.01989588651890998,
            0.10819519247614624,
            0.06522087490297039,
            0.26974563569303955,
            0.0628679076419155,
            0.5465991045865197,
            0.1796477254687542,
            0.009738065809583678,
            0.010184758984891079,
            0.011222145845541988,
            0.027548157054110293,
            0.09543186998228731,
            -0.02737197826619026,
            -0.3261956846267688,
            -0.028493667897748588
        ],
        [
            0.024267918542652808,
            0.02454176205793239,
            -0.0067964037961380005,
