{
    "opt_E": -2.156966785866237,
    "HF_E": -2.1269973556226933,
    "B3LYP_E": -2.1291103851023125,
    "sto-3G_E": -2.107864411599797,
    "proj": [
        [
            0.565477722983997,
            0.366666037509392,
            -0.06963625176395517,
            -0.16622994567935367,
            0.0009243716932072446,
            0.0038311883524079406,
            0.1673705876840554,
            -0.10951419412261983,
            -0.17899300526584327,
            0.004316326423624135,
            0.03580730385229693,
            0.02993356356827039,
            -0.0023245422291205547,
            0.053560340770607284,
            0.000918091322610598,
            -0.0029258438502838325,
            -0.02412615235510017,
            0.009295227898956987,
            -0.031218869452439957,
            0.0018336653161947357
        ],
        [
            0.366666037509392,
            0.25264373167609916,
            -0.02663840826329712,
            -0.06705028656106171,
            0.0002534003214785236,
            0.08096847681043322,
            0.13658949800827272,
            -0.061085880221150954,
            -0.11897131283920426,
            0.002064572599832506,
            0.03327143524070683,
            0.02492955002351551,
            0.003770983860771462,
            -0.0271427979284168,
            -0.0002855886089269738,
            -0.034872243954053674,
            -0.035062375621656705,
            0.008604764521367625,
            -0.03258584726366259,
            0.0014664908760898768
        ],
        [
            -0.06963625176395517,
            -0.02663840826329712,
            0.042503761695087315,
            0.0924898826498892,
            -0.0009456319725140582,
            0.1293255327127073,
            0.021710001957376518,
            0.029534649039506665,
            -0.015780744828673258,
            -0.0028850682908917497,
            -0.023607916405158153,
            0.015142837406587908,
            -0.010080852573400804,
            -0.07439856090816861,
            -0.004682131260773071,
            0.015255983296635337,
            0.00811753459846282,
            -0.014216450297554839,
            0.036151248951287636,
            -0.00201187734032619
        ],
        [
            -0.16622994567935367,
            -0.06705028656106171,
            0.0924898826498892,
            0.20282244098667931,
            -0.0019969946737730007,
            0.2806794204297874,
            0.04585450203216572,
            0.06637278429562661,
            -0.013882772030277565,
            -0.005777091309998684,
            -0.02916352914400759,
            0.037714655690599105,
            -0.017983822408273804,
            -0.16396557509852755,
            -0.00945988265110343,
            0.03063097293702651,
            0.01972328035567313,
            -0.025372987763302487,
            0.06268372857526848,
            -0.003625581815676637
        ],
        [
            0.0009243716932072446,
            0.0002534003214785236,
            -0.0009456319725140582,
            -0.0019969946737730007,
            2.4436808347845147e-05,
            -0.00295411313080808,
            -0.0006059199393293773,
            -0.0005490572891168115,
            0.0011389550977415172,
            8.113880517196566e-05,
            0.0011889172221784257,
            -0.0004216443375742879,
            0.0004977112794235142,
            0.0012279288984813111,
            0.00015019160194354098,
            -0.001167734018854832,
            -0.000563646353623028,
            0.0005817166278285056,
            -0.0015939886164155139,
            7.90820941429478e-05
        ],
        [
            0.0038311883524079406,
            0.08096847681043322,
            0.1293255327127073,
            0.2806794204297874,
            -0.00295411313080808,
            0.5332606272859705,
            0.19382922262647162,
            0.061074157242387815,
            -0.06569480936764956,
            -0.006119437542746915,
            0.0573386542559634,
            0.11343295742918354,
            -0.021816691793253108,
            -0.27945644454335894,
            -0.014739605308351751,
            0.055356739734610194,
            0.03522148890875667,
            -0.020973150568419863,
            0.03819418220117531,
            -0.0028016857668215736
        ],
        [
            0.1673705876840554,
            0.13658949800827272,
            0.021710001957376518,
            0.04585450203216572,
            -0.0006059199393293773,
            0.19382922262647162,
            0.1288410746143314,
            -0.012535308366164713,
            -0.03327228966156915,
            0.000759421552168325,
            0.09930015877357784,
            0.073023743808328,
            -0.0019165475209225935,
            -0.07646822706253131,
            -0.003608176060834175,
            0.03496874968063956,
            0.024093694402674736,
            0.00909423725593773,
            -0.03488915165514553,
            0.0014997359729790713
        ],
        [
            -0.10951419412261983,
            -0.061085880221150954,
            0.029534649039506665,
            0.06637278429562661,
            -0.0005490572891168115,
            0.061074157242387815,
            -0.012535308366164713,
            0.029170439613850595,
            0.01803123606377997,
            -0.0019318357375397992,
            -0.016787654526102938,
            -0.0009358909701070653,
            -0.0018091395175531594,
            -0.04965236186802296,
            -0.0019550243532032124,
            -0.006201350295218794,
            -0.0013426595723077712,
            -0.006410318271651648,
            0.01622224050227748,
            -0.0010138569710838256
        ],
        [
            -0.17899300526584327,
            -0.11897131283920426,
            -0.015780744828673258,
            -0.013882772030277565,
            0.0011389550977415172,
            -0.06569480936764956,
            -0.03327228966156915,
            0.01803123606377997,
            0.27456193719151184,
            0.0074872295686639785,
            0.29347167875417296,
            0.05546934357695699,
            0.05360060913238349,
            0.007523211649787105,
            0.011106668340070633,
            -0.0319117836287546,
            0.02827435009165709,
            0.07613442138625769,
            -0.21624413150353358,
            0.010328653451494621
        ],
        [
            0.004316326423624135,
            0.002064572599832506,
            -0.0028850682908917497,
            -0.005777091309998684,
            8.113880517196566e-05,
            -0.006119437542746915,
            0.000759421552168325,
            -0.0019318357375397992,
            0.0074872295686639785,
            0.0004190976262771269,
            0.011862404111711551,
            0.002319874202186103,
            0.001988663677731771,
            0.0038161376949787883,
            0.0005218695529738175,
            -0.0005985936339060606,
            0.0010448842332216961,
            0.0031805411193899075,
            -0.008936260548573336,
            0.00044480651629613704
        ],
        [
            0.03580730385229693,
            0.03327143524070683,
            -0.023607916405158153,
            -0.02916352914400759,
            0.0011889172221784257,
            0.0573386542559634,
            0.09930015877357784,
            -0.016787654526102938,
            0.29347167875417296,
            0.011862404111711551,
            0.49184793664141785,
            0.16593465581443764,
            0.054128493188849026,
            0.012367885798795171,
            0.010182581341165151,
            0.07136625231844507,
            0.10503808566914472,
            0.10339223806647338,
            -0.29780827926976533,
            0.014560285867604949
        ],
        [
            0.02993356356827039,
            0.02492955002351551,
            0.015142837406587908,
