{
    "opt_E": -2.1770312641721263,
    "HF_E": -2.1453979034486728,
    "B3LYP_E": -2.147768524085183,
    "sto-3G_E": -2.1256507516645438,
    "proj": [
        [
            0.5392329393637467,
            0.33876064916156806,
            -0.018409429219057052,
            -0.17708137884438155,
            -0.03776233545243761,
            0.051221324473292085,
            0.1749649380840763,
            -0.04037930588393996,
            -0.23638073788426064,
            -0.039270496971974204,
            0.05566843853282107,
            0.03143131184559825,
            0.004664638301600637,
            0.044104969295007034,
            0.007234114772188179,
            -0.0024185421588850133,
            -0.037299167296421715,
            -0.009338171117129252,
            -0.026175338833383924,
            0.004329788347949171
        ],
        [
            0.33876064916156806,
            0.2242079949197542,
            -0.005692397840398198,
            -0.06536359083558255,
            -0.014620592561761946,
            0.10263239937247766,
            0.12858108821246308,
            -0.021959374740304984,
            -0.14740540713675673,
            -0.026180691190124127,
            0.03202373519262524,
            0.0225730303069,
            0.0035336746636536304,
            -0.02331992869791502,
            -0.008861282363585613,
            -0.026669929547289938,
            -0.039843716784151745,
            -0.0045089936198626996,
            -0.014406585462351717,
            0.001532563140217816
        ],
        [
            -0.018409429219057052,
            -0.005692397840398198,
            0.004166630797652704,
            0.03354496802180162,
            0.006719037339782143,
            0.04023342210799353,
            0.005638881584778887,
            0.003419464609139266,
            0.006481300122507386,
            -0.00023462681850388157,
            -0.005023555628249271,
            0.005321222920786346,
            0.002248234419748631,
            -0.026011194829224267,
            -0.009126133912922756,
            0.003573816892001626,
            0.0034320665857315255,
            0.0023843528858750415,
            0.0073165348036763915,
            -0.0010129949905603817
        ],
        [
            -0.17708137884438155,
            -0.06536359083558255,
            0.03354496802180162,
            0.2719590364318065,
            0.05463300740623721,
            0.3089659157430028,
            0.03172108077119752,
            0.029295357460001357,
            0.0634733994321639,
            5.450085265932531e-05,
            -0.04683775085124046,
            0.03640363077790311,
            0.016926353244391908,
            -0.20691177360194277,
            -0.07160627221574731,
            0.02332625204594945,
            0.02521485153538837,
            0.019410710958110918,
            0.059445082805885736,
            -0.008245004263563583
        ],
        [
            -0.03776233545243761,
            -0.014620592561761946,
            0.006719037339782143,
            0.05463300740623721,
            0.010989673937970764,
            0.060611935627329375,
            0.005104299187049711,
            0.006034917744932812,
            0.013296378825599763,
            6.22701371116959e-05,
            -0.010579187453731435,
            0.006380944954772383,
            0.0032862160624106324,
            -0.04146540035529539,
            -0.014240044017824716,
            0.0037816083718687377,
            0.004431446879339876,
            0.003968011679090425,
            0.01216839692556091,
            -0.0016761509431614237
        ],
        [
            0.051221324473292085,
            0.10263239937247766,
            0.04023342210799353,
            0.3089659157430028,
            0.060611935627329375,
            0.5134163190985969,
            0.17004929472691713,
            0.01765275393743822,
            -0.001666619240659434,
            -0.009660233001654799,
            0.04370830476869807,
            0.10501119881804669,
            0.023574091503929456,
            -0.2839246948740438,
            -0.09738598403665477,
            0.028634851333096692,
            0.027489108222774724,
            0.013118538107818968,
            0.03450175401590055,
            -0.007561485358231173
        ],
        [
            0.1749649380840763,
            0.12858108821246308,
            0.005638881584778887,
            0.03172108077119752,
            0.005104299187049711,
            0.17004929472691713,
            0.12036644974456132,
            -0.010751896584859203,
            -0.023228470647526873,
            0.0010898781527062579,
            0.12498713710810248,
            0.08133044529724844,
            0.0045798952752716315,
            -0.05036230428080958,
            -0.016731854966880035,
            0.02525618809525534,
            0.025862347663815385,
            -0.010594759305325838,
            -0.039986800653078296,
            0.001923850542590386
        ],
        [
            -0.04037930588393996,
            -0.021959374740304984,
            0.003419464609139266,
            0.029295357460001357,
            0.006034917744932812,
            0.01765275393743822,
            -0.010751896584859203,
            0.004947273931999029,
            0.006505618940534451,
            -0.0012909752894974342,
            -0.02622406819464281,
            -0.006881329589817671,
            0.0020457203426410683,
            -0.019611026375837132,
            -0.0074617630179503866,
            0.0012876820104890051,
            -0.00023588607322403972,
            0.0044630261233451944,
            0.015146375373005108,
            -0.0014133483799618797
        ],
        [
            -0.23638073788426064,
            -0.14740540713675673,
            0.006481300122507386,
            0.0634733994321639,
            0.013296378825599763,
            -0.001666619240659434,
            -0.023228470647526873,
            0.006505618940534451,
            0.2557191074472038,
            0.06661357613611334,
            0.26277651425880305,
            0.07801582076954372,
            -0.02535076380281778,
            -0.003576070011348711,
            0.02896201480737559,
            -0.06363256397062407,
            0.025635193861267072,
            -0.03749888331324005,
            -0.1437202606959831,
            0.007264661255356603
        ],
        [
            -0.039270496971974204,
            -0.026180691190124127,
            -0.00023462681850388157,
            5.450085265932531e-05,
            6.22701371116959e-05,
            -0.009660233001654799,
            0.0010898781527062579,
            -0.0012909752894974342,
            0.06661357613611334,
            0.019228337913236842,
            0.0895505739202601,
            0.025936537666014944,
            -0.008384533860642304,
            0.009873794698587388,
            0.012440072240509359,
            -0.01986881452657692,
            0.006302380164289556,
            -0.013253150534432734,
            -0.04964230512598058,
            0.0028900324804713683
        ],
        [
            0.05566843853282107,
            0.03202373519262524,
            -0.005023555628249271,
            -0.04683775085124046,
            -0.010579187453731435,
            0.04370830476869807,
            0.12498713710810248,
            -0.02622406819464281,
            0.26277651425880305,
            0.0895505739202601,
            0.5629216069338565,
            0.20773740037257402,
            -0.03476324590904453,
            0.06767059941805566,
            0.059734340906389974,
            -0.03122392259607353,
            0.07648151593762575,
            -0.07623438026601419,
            -0.28077663878528286,
            0.017674080561012183
        ],
        [
            0.03143131184559825,
            0.0225730303069,
            0.005321222920786346,
            0.03640363077790311,
