{
    "opt_E": -2.158219499549526,
    "HF_E": -2.1275410598291584,
    "B3LYP_E": -2.130101442123255,
    "sto-3G_E": -2.106408489456644,
    "proj": [
        [
            0.5542025047520496,
            0.35955283719684,
            -0.005884434209706826,
            -0.17598124647248592,
            0.04052586517145347,
            0.02825374713124862,
            0.1703879923291744,
            -0.009323716190827322,
            -0.2030417216634365,
            0.06705542518866096,
            0.04955938417695362,
            0.033861007209569985,
            -0.0030313289174104733,
            0.05997964620575673,
            0.0008029590372372894,
            -0.0015857439714422608,
            -0.036203266085207436,
            0.007367611390653607,
            -0.030209741532897072,
            -0.002763408749535455
        ],
        [
            0.35955283719684,
            0.24456153168857359,
            -0.0023931081025173567,
            -0.07516957210921192,
            0.016518362250759543,
            0.08334553179883174,
            0.13069238910158473,
            -0.004797314976506441,
            -0.13252717069650183,
            0.03847890923002826,
            0.03969620625115453,
            0.024311083870933878,
            0.000917196955866569,
            -0.0172166118469818,
            9.809595092272509e-05,
            -0.03509128588371255,
            -0.044746633983267635,
            0.005539749630014337,
            -0.026782110137493945,
            -0.002029386308479509
        ],
        [
            -0.005884434209706826,
            -0.0023931081025173567,
            0.000315914569649408,
            0.008714367618371507,
            -0.0022004722657160605,
            0.010387807279400342,
            0.0011328214544581844,
            0.00032620365862969544,
            -0.0008870801279258949,
            -0.001503128362360022,
            -0.002564574576788806,
            0.000608144933845476,
            -0.00026014005156545195,
            -0.008072029602823551,
            0.0003483126136336172,
            0.0006164665408963776,
            0.00039246459604298746,
            -0.0007041999166135711,
            0.0029813304887577694,
            0.0003529685622226307
        ],
        [
            -0.17598124647248592,
            -0.07516957210921192,
            0.008714367618371507,
            0.24453766660297063,
            -0.0612286333486733,
            0.2933042846855411,
            0.0362784091523289,
            0.009007000219906974,
            0.004855457808127216,
            -0.043048401401727894,
            -0.0305491702460458,
            0.03540869627021424,
            -0.006518834999803671,
            -0.21509212894765564,
            0.00877639931569406,
            0.03337384004899918,
            0.028653508942917842,
            -0.015732687152954127,
            0.06462548250345763,
            0.007929369762732064
        ],
        [
            0.04052586517145347,
            0.016518362250759543,
            -0.0022004722657160605,
            -0.0612286333486733,
            0.01542662709660039,
            -0.07432227131259775,
            -0.009513917822973103,
            -0.002256527053056885,
            0.004153952518217046,
            0.010444210160484246,
            0.013054469307355406,
            -0.007660171345634306,
            0.002110921905145441,
            0.054441823204937734,
            -0.002529433125659255,
            -0.00985535860677108,
            -0.007029219550649344,
            0.0046968867351518204,
            -0.019896823113194184,
            -0.0023595210933318026
        ],
        [
            0.02825374713124862,
            0.08334553179883174,
            0.010387807279400342,
            0.2933042846855411,
            -0.07432227131259775,
            0.5043728891394825,
            0.17439048026842402,
            0.008763688817007703,
            -0.04418019799899864,
            -0.03184112404295002,
            0.07548607067964588,
            0.10970775503371526,
            -0.006742472897819611,
            -0.3072867487624761,
            0.010662049473083822,
            0.04813762716840111,
            0.0376329809314734,
            -0.009661205572924067,
            0.030749767809739325,
            0.005642955489396405
        ],
        [
            0.1703879923291744,
            0.13069238910158473,
            0.0011328214544581844,
            0.0362784091523289,
            -0.009513917822973103,
            0.17439048026842402,
            0.11977862158182039,
            -0.0005031311752556151,
            -0.02324139391113731,
            0.009966497779541525,
            0.11785241022850117,
            0.07630839166065204,
            -0.00020954307690843142,
            -0.06361314828793513,
            0.001091304603774611,
            0.029349843970116102,
            0.02307352447716942,
            0.007730301233920969,
            -0.04044158306295659,
            -0.0032123192318156105
        ],
        [
            -0.009323716190827322,
            -0.004797314976506441,
            0.00032620365862969544,
            0.009007000219906974,
            -0.002256527053056885,
            0.008763688817007703,
            -0.0005031311752556151,
            0.00036281711223045006,
            8.584565632554608e-05,
            -0.0018259271356616076,
            -0.0036944528328548246,
            -0.0001663738004042017,
            -0.0002389071606116792,
            -0.007732002802174857,
            0.0003304938125924013,
            0.0003159119202354653,
            0.0002976403671196419,
            -0.0007857819821841373,
            0.0033819406191937036,
            0.000385000397411488
        ],
        [
            -0.2030417216634365,
            -0.13252717069650183,
            -0.0008870801279258949,
            0.004855457808127216,
            0.004153952518217046,
            -0.04418019799899864,
            -0.02324139391113731,
            8.584565632554608e-05,
            0.3012252443988316,
            -0.019541053897140056,
            0.30433967579931026,
            0.07285207507026234,
            0.02542566897924598,
            0.03483463916785921,
            -0.017846762921247792,
            -0.06864728295285508,
            0.018632470285691215,
            0.04157038113313976,
            -0.2036313068279282,
            -0.020536888356602
        ],
        [
            0.06705542518866096,
            0.03847890923002826,
            -0.001503128362360022,
            -0.043048401401727894,
            0.010444210160484246,
            -0.03184112404295002,
            0.009966497779541525,
            -0.0018259271356616076,
            -0.019541053897140056,
            0.010708260355847599,
            0.006027897592987304,
            -2.5925349454916305e-05,
            -0.0002262192831160362,
            0.032421941904569054,
            -0.0005717181602507378,
            0.002705755012635171,
            -0.0022892746266632165,
            0.0018651640568639598,
            -0.006996845156153465,
            -0.0008735163511265291
        ],
        [
            0.04955938417695362,
            0.03969620625115453,
            -0.002564574576788806,
            -0.0305491702460458,
            0.013054469307355406,
            0.07548607067964588,
            0.11785241022850117,
            -0.0036944528328548246,
            0.30433967579931026,
            0.006027897592987304,
            0.5101654842863579,
            0.1864095121852655,
            0.025162749197037905,
            0.05432093826688698,
            -0.019105366159953764,
            0.009070183562599737,
            0.08062121671458676,
            0.059343068879508784,
            -0.28787748769469435,
            -0.028635418865255145
        ],
        [
            0.033861007209569985,
            0.024311083870933878,
            0.000608144933845476,
