{
    "opt_E": -2.161865138906997,
    "HF_E": -2.1313752096623775,
    "B3LYP_E": -2.1334005459425542,
    "sto-3G_E": -2.096600159220518,
    "proj": [
        [
            0.5405614171445806,
            0.3578378392147331,
            0.059241009924826435,
            -0.16800219180865988,
            0.02541457709749689,
            0.03448263922897256,
            0.1720198219508782,
            0.1013056596852438,
            -0.2006188721215387,
            0.05136497271129953,
            0.022936847999514117,
            0.037777852155595724,
            0.006298933767855023,
            0.026629712173796134,
            -0.003397789077393269,
            0.007870559675069923,
            -0.03363527456144546,
            0.0016308194159978036,
            -0.007913357291483993,
            0.005052811110687534
        ],
        [
            0.3578378392147331,
            0.24593203970384445,
            0.025894628059259576,
            -0.07917568218503694,
            0.010428141631667253,
            0.08067527590038341,
            0.1312118905911546,
            0.061283795132848644,
            -0.12709701176443755,
            0.03218624962033915,
            0.03295781035580089,
            0.029368020169912912,
            0.0018669357937320206,
            -0.02504108926920006,
            -0.0016482909987637912,
            -0.029739897028577326,
            -0.04162905918950622,
            0.0033114856023130097,
            -0.02032364142217861,
            0.007726844446187978
        ],
        [
            0.059241009924826435,
            0.025894628059259576,
            0.03923760388973955,
            -0.09287267598146262,
            0.018165830328889982,
            -0.12309960846972462,
            -0.01426937141666827,
            0.030113226394443342,
            0.0015342777044606893,
            0.01802030550598681,
            0.018172394413283853,
            -0.011237937503652725,
            0.01689481411185511,
            0.07793831831625445,
            0.020525115112379404,
            -0.004409939114404997,
            -0.008390567162814703,
            0.005505751010507226,
            -0.02098174114871625,
            0.013176264155285364
        ],
        [
            -0.16800219180865988,
            -0.07917568218503694,
            -0.09287267598146262,
            0.22365751560894767,
            -0.04298738284220919,
            0.2858539582396831,
            0.029467276366431185,
            -0.07178484396217757,
            0.02675210198845873,
            -0.040467387419588864,
            -0.009461904386291416,
            0.03434975099227664,
            -0.03709806870328382,
            -0.17883460975875373,
            -0.04257772466389469,
            0.006873677403211556,
            0.023996991406091107,
            -0.008961330578312542,
            0.030501059992578423,
            -0.022512218610257134
        ],
        [
            0.02541457709749689,
            0.010428141631667253,
            0.018165830328889982,
            -0.04298738284220919,
            0.008426247329690129,
            -0.05839901578998976,
            -0.007829893631262368,
            0.01354426511470805,
            0.0006430938727747074,
            0.008033607161611592,
            0.006711347360164927,
            -0.005819576676913018,
            0.007756953916679199,
            0.036735471432253225,
            0.009326798650043542,
            -0.0012521204655418358,
            -0.0034628302317760086,
            0.002353916893404068,
            -0.008691631435558142,
            0.00568560705425572
        ],
        [
            0.03448263922897256,
            0.08067527590038341,
            -0.12309960846972462,
            0.2858539582396831,
            -0.05839901578998976,
            0.5244493756856135,
            0.16861801682030492,
            -0.05600310586529552,
            -0.03617820424576594,
            -0.030836090363058514,
            0.06759553215251096,
            0.10614639685669493,
            -0.05641813770573439,
            -0.28669944347245846,
            -0.06749198344895167,
            0.016986498155189773,
            0.031063392637114353,
            -0.006901721689937209,
            0.011834984997513504,
            -0.019697369533968886
        ],
        [
            0.1720198219508782,
            0.1312118905911546,
            -0.01426937141666827,
            0.029467276366431185,
            -0.007829893631262368,
            0.16861801682030492,
            0.11814807311754749,
            0.024007603000530786,
            -0.024125512856511405,
            0.01675942830322069,
            0.11426029040577265,
            0.07947236036890075,
            -0.011404009937329332,
            -0.05403285075674747,
            -0.014716274474289501,
            0.036258590578690665,
            0.02996821251132273,
            0.0067356315251854764,
            -0.03613745082088964,
            0.013253761069037836
        ],
        [
            0.1013056596852438,
            0.061283795132848644,
            0.030113226394443342,
            -0.07178484396217757,
            0.01354426511470805,
            -0.05600310586529552,
            0.024007603000530786,
            0.034159258320866,
            0.0006208514173442028,
            0.021846761623681328,
            0.05996579523210167,
            0.015770883912279127,
            0.012351207163820429,
            0.05109624216592495,
            0.015642575180376275,
            0.0019115113787957624,
            -0.0002481414606288793,
            0.008161152208693054,
            -0.03578854053403023,
            0.0183396072232494
        ],
        [
            -0.2006188721215387,
            -0.12709701176443755,
            0.0015342777044606893,
            0.02675210198845873,
            0.0006430938727747074,
            -0.03617820424576594,
            -0.024125512856511405,
            0.0006208514173442028,
            0.24215806111288668,
            0.02083209161352923,
            0.28217598333139865,
            0.06573280899550817,
            0.024441318313909065,
            0.04109779144409537,
            0.05054949915318849,
            -0.038317775042902256,
            0.02690232583754448,
            0.034405220027200076,
            -0.16286565048282867,
            0.07338646349566007
        ],
        [
            0.05136497271129953,
            0.03218624962033915,
            0.01802030550598681,
            -0.040467387419588864,
            0.008033607161611592,
            -0.030836090363058514,
            0.01675942830322069,
            0.021846761623681328,
            0.02083209161352923,
            0.01594341600624603,
            0.06536699578236535,
            0.015978479094522165,
            0.009954720381850064,
            0.029836969597444665,
            0.014860158340846492,
            -0.00912953486321925,
            -0.0022618573151965272,
            0.00863059996888824,
            -0.039795148087700814,
            0.018976349589282324
        ],
        [
            0.022936847999514117,
            0.03295781035580089,
            0.018172394413283853,
            -0.009461904386291416,
            0.006711347360164927,
            0.06759553215251096,
            0.11426029040577265,
            0.05996579523210167,
            0.28217598333139865,
            0.06536699578236535,
            0.5345580691140873,
            0.18463092650938756,
            0.03057053509485074,
            0.055276572263558366,
            0.06213125148691215,
            0.006866385219154082,
            0.0753534020862311,
            0.05792494642997798,
            -0.2745729823204112,
            0.12329715586459074
        ],
        [
            0.037777852155595724,
            0.029368020169912912,
            -0.011237937503652725,
            0.03434975099227664,
            -0.005819576676913018,
