{
    "opt_E": -2.2195467589183884,
    "HF_E": -2.1881558926517473,
    "B3LYP_E": -2.190454666905107,
    "sto-3G_E": -2.1801949357374673,
    "proj": [
        [
            0.5599420016807916,
            0.34578788929391074,
            0.021630732741555494,
            -0.16673278339046047,
            0.027768599863712027,
            0.012492743854381504,
            0.17831337563744093,
            0.04559182086098601,
            -0.2381128097346093,
            0.0544826667345335,
            0.02996467269889444,
            0.024731064648010205,
            0.0030903024950800968,
            0.03966800203261206,
            0.0018277561651923074,
            0.001093979360016968,
            -0.025949753122440557,
            0.0005504811115562471,
            -0.01818862698764345,
            0.0008997437334708516
        ],
        [
            0.34578788929391074,
            0.23095251811416817,
            0.005475686252706402,
            -0.051634759527045326,
            0.007368743967502254,
            0.10292299863122047,
            0.14221244747667783,
            0.022255736988584806,
            -0.13870818932912507,
            0.027397355882065738,
            0.022918994421641664,
            0.025091443429417656,
            -0.003989315627648463,
            -0.02944741844430398,
            -0.002907073099665956,
            -0.026178164314409797,
            -0.03257907117540008,
            0.00018401841457400955,
            -0.014035944345580068,
            0.00047836485417235893
        ],
        [
            0.021630732741555494,
            0.005475686252706402,
            0.0053222558790354734,
            -0.03488745871029789,
            0.006603360524297965,
            -0.05020782886523107,
            -0.007686172607359762,
            0.0058121092935192785,
            -0.006417810014067923,
            0.006075507094969409,
            0.012508213071767246,
            -0.005025497955087599,
            0.003182368826245831,
            0.021279809974898013,
            0.002257316571850287,
            -0.006307560894087305,
            -0.0023381112024155877,
            -0.0003758683959435959,
            -0.01218033576945268,
            -0.00012783252421827437
        ],
        [
            -0.16673278339046047,
            -0.051634759527045326,
            -0.03488745871029789,
            0.23069947915343025,
            -0.043365133262869095,
            0.3213252351511299,
            0.04389108980516035,
            -0.03829957061921657,
            0.061552179817327156,
            -0.04074664122114166,
            -0.06316741350165714,
            0.03526229935754188,
            -0.020443804530339324,
            -0.14268902651539606,
            -0.014442739648628694,
            0.03094499866941076,
            0.014035455260106309,
            0.0019493263550800213,
            0.06665161653405591,
            0.000601983129364332
        ],
        [
            0.027768599863712027,
            0.007368743967502254,
            0.006603360524297965,
            -0.043365133262869095,
            0.008196051771456877,
            -0.06202508708013883,
            -0.009318212209342565,
            0.007214019838355057,
            -0.008738832986990245,
            0.0075695261744145115,
            0.014724848243580793,
            -0.006322264881608323,
            0.003934611159900074,
            0.026588823685959873,
            0.002788118577154411,
            -0.00730583379322695,
            -0.0027885888230541112,
            -0.0004440580218961888,
            -0.01453661357419846,
            -0.00014849201441602777
        ],
        [
            0.012492743854381504,
            0.10292299863122047,
            -0.05020782886523107,
            0.3213252351511299,
            -0.06202508708013883,
            0.5932893578793503,
            0.19539983088618415,
            -0.03899142271348003,
            0.01004110202592071,
            -0.03962541702376259,
            -0.023258092250219305,
            0.10346359845951997,
            -0.03474646134681838,
            -0.24339517083127546,
            -0.024709050381544192,
            0.04623292461421835,
            0.018799102732339014,
            0.0024343929987109985,
            0.0689562020456115,
            0.0010607331945670464
        ],
        [
            0.17831337563744093,
            0.14221244747667783,
            -0.007686172607359762,
            0.04389108980516035,
            -0.009318212209342565,
            0.19539983088618415,
            0.14092447114374085,
            0.009449288382633144,
            -0.02232915702529999,
            0.010216996489097414,
            0.11702275028196421,
            0.0847103740046603,
            -0.00881098308526983,
            -0.06720643086933967,
            -0.006407720251261519,
            0.016124276885558817,
            0.02093708120060727,
            -0.0010384930055041578,
            -0.04352027828381252,
            -0.00011891273873216768
        ],
        [
            0.04559182086098601,
            0.022255736988584806,
            0.0058121092935192785,
            -0.03829957061921657,
            0.007214019838355057,
            -0.03899142271348003,
            0.009449288382633144,
            0.00916620518930316,
            -0.003320079126945559,
            0.00931389218769689,
            0.0445189713078849,
            0.010170796547105669,
            0.003098238181411571,
            0.01903727922325563,
            0.0021666567994453986,
            -0.0034927809355180875,
            0.004163636297625111,
            -0.0008285202334712056,
            -0.027491759348508803,
            -0.000261617426750258
        ],
        [
            -0.2381128097346093,
            -0.13870818932912507,
            -0.006417810014067923,
            0.061552179817327156,
            -0.008738832986990245,
            0.01004110202592071,
            -0.02232915702529999,
            -0.003320079126945559,
            0.2112200706740325,
            -0.011171096132800352,
            0.23858971468602358,
            0.0735467013722431,
            0.00035512745483046355,
            -0.04620354802844478,
            0.0005771854558570987,
            -0.046248173363995254,
            0.03139382664373383,
            -0.005107623490144936,
            -0.13565402389359768,
            -0.002249131803301474
        ],
        [
            0.0544826667345335,
            0.027397355882065738,
            0.006075507094969409,
            -0.04074664122114166,
            0.0075695261744145115,
            -0.03962541702376259,
            0.010216996489097414,
            0.00931389218769689,
            -0.011171096132800352,
            0.009753525494369896,
            0.035713212324500816,
            0.0074005438306549865,
            0.0031007539871696216,
            0.020847304382183258,
            0.0021565273250820846,
            -0.0018348369393591905,
            0.002970708343798554,
            -0.0006410454036458378,
            -0.022519003727235136,
            -0.00017896223711869096
        ],
        [
            0.02996467269889444,
            0.022918994421641664,
            0.012508213071767246,
            -0.06316741350165714,
            0.014724848243580793,
            -0.023258092250219305,
            0.11702275028196421,
            0.0445189713078849,
            0.23858971468602358,
            0.035713212324500816,
            0.5971155333901264,
            0.2163607321227023,
            0.008771097512534316,
            -0.0019069586837943053,
            0.00617369614872791,
            -0.017979614123289564,
            0.10345481322142842,
            -0.010608616415085915,
            -0.3198116426053466,
            -0.0039346390438782615
        ],
        [
            0.024731064648010205,
            0.025091443429417656,
            -0.005025497955087599,
