{
    "opt_E": -2.218417742812569,
    "HF_E": -2.186364273800139,
    "B3LYP_E": -2.1887574259608105,
    "sto-3G_E": -2.1747464653462263,
    "proj": [
        [
            0.5814397902629878,
            0.34855829895444024,
            0.022121238278853973,
            -0.17209987058485762,
            0.019984216171360893,
            -0.007774419877071941,
            0.164894747460723,
            0.04889550069638785,
            -0.23423482839630888,
            0.046395384589389764,
            0.03370552829871737,
            0.024900411040257996,
            0.010229373648460842,
            0.04091189889927269,
            0.004740819045051364,
            -0.004581395543494994,
            -0.026185291430949276,
            -0.0033618102047301983,
            -0.01824331739911039,
            0.009992110875787752
        ],
        [
            0.34855829895444024,
            0.23344216425151507,
            0.00401610465926073,
            -0.042022984859504835,
            0.003126166774029345,
            0.11240568069366043,
            0.14079900554680774,
            0.01857717590680027,
            -0.13783780374897184,
            0.019572732062991437,
            0.012217760684622983,
            0.02539698284268312,
            -0.006177648180746226,
            -0.03185788224171957,
            -0.007916655696346449,
            -0.024268441881400395,
            -0.030442197324080347,
            -0.0008336548230761855,
            -0.006576319652455215,
            0.002381016125257043
        ],
        [
            0.022121238278853973,
            0.00401610465926073,
            0.004689528322586127,
            -0.03133805212949583,
            0.004435001134344781,
            -0.04677914498228421,
            -0.009367088092170963,
            0.007098689467354571,
            -0.005655864403726802,
            0.006031764221576531,
            0.01322937612808982,
            -0.0033288885657942213,
            0.004119892200628557,
            0.019436116548669672,
            0.007332534145428515,
            -0.0036240836462808966,
            -0.0009208815252400273,
            -0.002248037787345113,
            -0.00963722853618166,
            0.00436011035919636
        ],
        [
            -0.17209987058485762,
            -0.042022984859504835,
            -0.03133805212949583,
            0.21277992625031694,
            -0.029702276341447738,
            0.3096382984629988,
            0.060185338575735554,
            -0.04519928889692303,
            0.06266631649066373,
            -0.03815363334386003,
            -0.052932184158237,
            0.032350852391452876,
            -0.028787906600162935,
            -0.13306119319520768,
            -0.043413022928542856,
            0.01673035143000569,
            0.009461247261939209,
            0.010702413412566036,
            0.04563432790033476,
            -0.02232885656816262
        ],
        [
            0.019984216171360893,
            0.003126166774029345,
            0.004435001134344781,
            -0.029702276341447738,
            0.004205279198906325,
            -0.04510071950553001,
            -0.009799981214331005,
            0.006501343067056658,
            -0.005714515799779263,
            0.005491766853682539,
            0.01051482795616629,
            -0.004350681076272646,
            0.0038949466184484325,
            0.018295144208983476,
            0.00695991310217277,
            -0.004417499717307898,
            -0.0018159010254005419,
            -0.001982710287607096,
            -0.008470287060832719,
            0.003880635456469809
        ],
        [
            -0.007774419877071941,
            0.11240568069366043,
            -0.04677914498228421,
            0.3096382984629988,
            -0.04510071950553001,
            0.5909281357639768,
            0.21792968771258797,
            -0.05258267551784721,
            0.016846438940973717,
            -0.04069908994056807,
            -0.016953518881349418,
            0.10020051382893315,
            -0.05068754341070443,
            -0.23387345096369572,
            -0.07289023599087627,
            0.027137492098594087,
            0.014606982702987598,
            0.011460940688210491,
            0.045802033808851804,
            -0.025579191316418084
        ],
        [
            0.164894747460723,
            0.14079900554680774,
            -0.009367088092170963,
            0.060185338575735554,
            -0.009799981214331005,
            0.21792968771258797,
            0.14499126837895576,
            0.004909224080146012,
            -0.02387613028762057,
            0.008120886000256457,
            0.10002380514965839,
            0.08577649842936542,
            -0.015627461327710625,
            -0.06870213317493265,
            -0.017433973027403345,
            0.025875047317879176,
            0.026769601784572696,
            -0.006071389969851749,
            -0.029371630766879497,
            0.008856675213535104
        ],
        [
            0.04889550069638785,
            0.01857717590680027,
            0.007098689467354571,
            -0.04519928889692303,
            0.006501343067056658,
            -0.05258267551784721,
            0.004909224080146012,
            0.015684759042564625,
            0.005168600202442048,
            0.014168988708894777,
            0.06913159619982355,
            0.01681389370781599,
            0.004241255858554071,
            0.022931535677231055,
            0.014677096643301807,
            -0.005787790579887086,
            0.006943584570639205,
            -0.008431588710017916,
            -0.03688707391125239,
            0.014700791853933273
        ],
        [
            -0.23423482839630888,
            -0.13783780374897184,
            -0.005655864403726802,
            0.06266631649066373,
            -0.005714515799779263,
            0.016846438940973717,
            -0.02387613028762057,
            0.005168600202442048,
            0.19348456881849307,
            0.005624193317810795,
            0.2265406669386407,
            0.0703901180649875,
            -0.012076150119009933,
            -0.03792972459423232,
            0.0307051381391107,
            -0.04124068434746737,
            0.029285354796486283,
            -0.026800590071664528,
            -0.11618958135649922,
            0.041227221153935394
        ],
        [
            0.046395384589389764,
            0.019572732062991437,
            0.006031764221576531,
            -0.03815363334386003,
            0.005491766853682539,
            -0.04069908994056807,
            0.008120886000256457,
            0.014168988708894777,
            0.005624193317810795,
            0.01292484096038438,
            0.06615194760411666,
            0.01702243763671174,
            0.002981858597861038,
            0.017069064171928557,
            0.013326018565876006,
            -0.00788095223598044,
            0.0052209014867748635,
            -0.008075951434714972,
            -0.03539514275172594,
            0.013931721762007477
        ],
        [
            0.03370552829871737,
            0.012217760684622983,
            0.01322937612808982,
            -0.052932184158237,
            0.01051482795616629,
            -0.016953518881349418,
            0.10002380514965839,
            0.06913159619982355,
            0.2265406669386407,
            0.06615194760411666,
            0.6026715127415292,
            0.22034077604877206,
            -0.00670438609661448,
            0.0043146638970934445,
            0.07322068356786877,
            -0.016185353558546528,
            0.102289203933891,
            -0.06589986851398866,
            -0.2892260817184069,
            0.10781121444383675
        ],
        [
            0.024900411040257996,
            0.02539698284268312,
            -0.0033288885657942213,
            0.032350852391452876,
