{
    "opt_E": -2.1900011505342416,
    "HF_E": -2.157851884411846,
    "B3LYP_E": -2.16131835084546,
    "sto-3G_E": -2.1397098953177913,
    "proj": [
        [
            0.6007482071675108,
            0.38246570718315975,
            -0.034412397400482075,
            -0.15348977177612524,
            -0.03376281358172296,
            -0.04131934502648842,
            0.15210558433545696,
            -0.06366797155587232,
            -0.16628637525343465,
            -0.046520923564290564,
            0.03928170820771521,
            0.020496108694100307,
            -0.003885728948999549,
            0.07443573252712088,
            0.006816463160245621,
            -0.003161996384120331,
            -0.024492340474518825,
            0.008482867744270737,
            -0.02688212014888466,
            0.0020744831826313343
        ],
        [
            0.38246570718315975,
            0.2668778343901144,
            -0.009242510391988897,
            -0.048505309620283876,
            -0.01011342348576726,
            0.08206717065260108,
            0.1388558270370136,
            -0.03239685043235614,
            -0.12300823382951306,
            -0.028507422976974024,
            0.020294373109343185,
            0.021301708178972322,
            0.0027135269457327377,
            -0.022173595311190345,
            -0.0025542237909025084,
            -0.02930278012206556,
            -0.03754636870384546,
            0.003201987363636058,
            -0.01320094372903431,
            0.0005216610292830287
        ],
        [
            -0.034412397400482075,
            -0.009242510391988897,
            0.009797895461529213,
            0.039003338854498755,
            0.008927003187556603,
            0.06713915839724442,
            0.01550041162544967,
            0.008669549368850787,
            -0.00716731742564792,
            0.0025496143768372692,
            -0.012738012718031506,
            0.007208589848618232,
            -0.0001088938047551123,
            -0.037809168656496785,
            -0.006047892799367825,
            0.00749448563542228,
            0.0017178643036715462,
            -0.004614947049973063,
            0.013707271453995097,
            -0.0013031272078023837
        ],
        [
            -0.15348977177612524,
            -0.048505309620283876,
            0.039003338854498755,
            0.15613339128331533,
            0.03565545004313388,
            0.2635476138096163,
            0.05774767527471279,
            0.03521459332375189,
            -0.01515420391404643,
            0.012197661618586023,
            -0.0377840976691809,
            0.03216787828011384,
            0.0006130075968088454,
            -0.14901977421539567,
            -0.022994946779927118,
            0.028366208666020333,
            0.009414934835103592,
            -0.016264797770111705,
            0.047576086884655276,
            -0.004572986098310671
        ],
        [
            -0.03376281358172296,
            -0.01011342348576726,
            0.008927003187556603,
            0.03565545004313388,
            0.00815020198954798,
            0.06055391392024443,
            0.013456462841111485,
            0.008018120814482369,
            -0.004729783908178045,
            0.0026070636854730934,
            -0.010069448544478192,
            0.0068311243433783935,
            7.884208328115906e-05,
            -0.03436885944789915,
            -0.005351162716222091,
            0.006236245766036614,
            0.0016373240902118498,
            -0.003919944791894328,
            0.011540182533123963,
            -0.001105853869059303
        ],
        [
            -0.04131934502648842,
            0.08206717065260108,
            0.06713915839724442,
            0.2635476138096163,
            0.06055391392024443,
            0.5681274380441939,
            0.22077425876904633,
            0.041697569193384465,
            -0.05952874483671278,
            0.009755654683217142,
            0.03549956973522431,
            0.11597791316603007,
            0.007083011498612189,
            -0.29001813395229,
            -0.04129823165585528,
            0.04838286289812334,
            0.019700032856680684,
            -0.016282269438369572,
            0.039655367947457866,
            -0.004665907064219105
        ],
        [
            0.15210558433545696,
            0.1388558270370136,
            0.01550041162544967,
            0.05774767527471279,
            0.013456462841111485,
            0.22077425876904633,
            0.14630899414325296,
            -0.005258232005299536,
            -0.023505489815315073,
            -0.004355603041595892,
            0.11046396738281579,
            0.08592835184658365,
            0.006377052774159731,
            -0.08725848737391374,
            -0.010027361047742416,
            0.022792803072698112,
            0.020089887184093883,
            0.008028870797532455,
            -0.03248398123652809,
            0.0022522641107340364
        ],
        [
            -0.06366797155587232,
            -0.03239685043235614,
            0.008669549368850787,
            0.03521459332375189,
            0.008018120814482369,
            0.041697569193384465,
            -0.005258232005299536,
            0.010699764649123245,
            -0.0024787827094560266,
            0.003848065823813523,
            -0.029672612060919645,
            -0.006151480918678666,
            -0.00021255700191441122,
            -0.031437887283700595,
            -0.004894551754131498,
            -0.001229907625520483,
            -0.004648703829336372,
            -0.005752032665205312,
            0.01804843139073093,
            -0.0016443559502862522
        ],
        [
            -0.16628637525343465,
            -0.12300823382951306,
            -0.00716731742564792,
            -0.01515420391404643,
            -0.004729783908178045,
            -0.05952874483671278,
            -0.023505489815315073,
            -0.0024787827094560266,
            0.23717609273495893,
            0.030645043152400207,
            0.29663859073304577,
            0.07896971612903372,
            0.02693553319612055,
            0.024145474495940525,
            0.025015779715926542,
            -0.06942738391479178,
            0.024495502165375833,
            0.050465821755194644,
            -0.16869180618712878,
            0.014410907115698385
        ],
        [
            -0.046520923564290564,
            -0.028507422976974024,
            0.0025496143768372692,
            0.012197661618586023,
            0.0026070636854730934,
            0.009755654683217142,
            -0.004355603041595892,
            0.003848065823813523,
            0.030645043152400207,
            0.005593174934190914,
            0.02875682681301838,
            0.008872476223094169,
            0.003476613302913082,
            -0.009398378392890764,
            0.0013346526257145682,
            -0.008939239142464693,
            0.0020321215644316017,
            0.004499517499844656,
            -0.015525978041867039,
            0.001287039651772488
        ],
        [
            0.03928170820771521,
            0.020294373109343185,
            -0.012738012718031506,
            -0.0377840976691809,
            -0.010069448544478192,
            0.03549956973522431,
            0.11046396738281579,
            -0.029672612060919645,
            0.29663859073304577,
            0.02875682681301838,
            0.5544424804258925,
            0.20862217430597196,
            0.03562291730373904,
            0.0358134192360663,
            0.0318098578074403,
            -0.018061577841029446,
            0.09281063116418581,
            0.0823879975136439,
            -0.27721550352499474,
            0.02371729364574191
        ],
        [
            0.020496108694100307,
            0.021301708178972322,
            0.007208589848618232,
