{
    "opt_E": -2.216302743810992,
    "HF_E": -2.186059762365704,
    "B3LYP_E": -2.1884312686655187,
    "sto-3G_E": -2.178681239580328,
    "proj": [
        [
            0.5535837609758251,
            0.3403869956886353,
            -0.03376844774069478,
            -0.17042066223271943,
            -0.015108533714360148,
            0.021582608562625918,
            0.1775646592710087,
            -0.059646860808219355,
            -0.2442677053841519,
            -0.02450532458083988,
            0.04033722033583823,
            0.024882283831591866,
            0.0023369490187218488,
            0.03745953606776439,
            0.0021106637644045666,
            0.003256928764825343,
            -0.026459191136260083,
            0.0026941321466432524,
            -0.02561144788396857,
            -0.0006739821372122604
        ],
        [
            0.3403869956886353,
            0.2262075273483667,
            -0.009525917448636607,
            -0.052336043736141036,
            -0.004290140573878235,
            0.10585935398394236,
            0.13963081644608258,
            -0.03161740933825441,
            -0.14202072007542166,
            -0.013172125275178883,
            0.026117751691708865,
            0.02351858368686585,
            -0.0012930001434399891,
            -0.03173816470661775,
            -3.427741744730062e-05,
            -0.025674899795348656,
            -0.03302185793690808,
            0.001388812873460296,
            -0.016857598311284756,
            -0.0003888804688171043
        ],
        [
            -0.03376844774069478,
            -0.009525917448636607,
            0.010825646914391208,
            0.05179054924318031,
            0.004884756787165829,
            0.06942027224887104,
            0.010329047063843853,
            0.007010786971453808,
            0.013740519493382956,
            0.0026824811295211937,
            -0.014115812369487007,
            0.00761072203521227,
            -0.0041079753069005066,
            -0.03263797794055007,
            -0.0012766742992398553,
            0.0050856033697600335,
            0.0027747003358143045,
            -0.001672591799812302,
            0.014931833175766431,
            0.00015940539532481636
        ],
        [
            -0.17042066223271943,
            -0.052336043736141036,
            0.05179054924318031,
            0.2480996623801654,
            0.02338750213510332,
            0.3267648787657083,
            0.044140585156954376,
            0.03407724262799394,
            0.06680476638093753,
            0.013050114300363054,
            -0.0727708137016474,
            0.035613430336942586,
            -0.020050199908146396,
            -0.15114625986495286,
            -0.0061143231377786935,
            0.0318126922571081,
            0.01748718259679024,
            -0.008411328140500163,
            0.07601886087804356,
            0.0008002384748749727
        ],
        [
            -0.015108533714360148,
            -0.004290140573878235,
            0.004884756787165829,
            0.02338750213510332,
            0.0022071359694219544,
            0.03127734039406637,
            0.004514927279758904,
            0.003119271252125143,
            0.005655808266586286,
            0.001190275917374738,
            -0.007319615746641892,
            0.0033381152596497934,
            -0.0019410653258841904,
            -0.014289736468081609,
            -0.0005841246372898612,
            0.0032175143368905258,
            0.0016354374119033732,
            -0.0008253453731224353,
            0.007498298875817312,
            7.696003890504595e-05
        ],
        [
            0.021582608562625918,
            0.10585935398394236,
            0.06942027224887104,
            0.3267648787657083,
            0.03127734039406637,
            0.5805365288988679,
            0.19395054181200888,
            0.026782012649915168,
            0.012782800735822077,
            0.009391603610312245,
            -0.020983019819982966,
            0.10300932848931857,
            -0.028943405866623514,
            -0.24763587042638702,
            -0.008654001919469688,
            0.04384766155528297,
            0.02245101757245786,
            -0.008553616126799413,
            0.06996983967373185,
            0.0006915759953731514
        ],
        [
            0.1775646592710087,
            0.13963081644608258,
            0.010329047063843853,
            0.044140585156954376,
            0.004514927279758904,
            0.19395054181200888,
            0.13788233618777368,
            -0.007545555772278489,
            -0.023323531236644643,
            -0.0036113096459649318,
            0.1158251191108058,
            0.0828245703980727,
            -0.00352609302753624,
            -0.06766221003479238,
            -0.0011298161572663697,
            0.01860271072145417,
            0.02193009561884893,
            0.0035892209665983974,
            -0.04279403552689155,
            -0.00035855051157010503
        ],
        [
            -0.059646860808219355,
            -0.03161740933825441,
            0.007010786971453808,
            0.03407724262799394,
            0.003119271252125143,
            0.026782012649915168,
            -0.007545555772278489,
            0.008179766114744675,
            0.033079240243566226,
            0.003292908577299982,
            0.006570833737192431,
            0.005386347862689018,
            -0.0008755372959773661,
            -0.018945883722331372,
            -0.0005524259695684178,
            -0.0035220159112253394,
            0.002977270995843811,
            2.19194268493134e-05,
            -0.0015935283251536521,
            5.5810637190035e-05
        ],
        [
            -0.2442677053841519,
            -0.14202072007542166,
            0.013740519493382956,
            0.06680476638093753,
            0.005655808266586286,
            0.012782800735822077,
            -0.023323531236644643,
            0.033079240243566226,
            0.22483903035166658,
            0.01366429431041037,
            0.24011445422052588,
            0.0759839715306264,
            0.012419772528223131,
            -0.04779932673890079,
            0.0011373397756253355,
            -0.04567228148651425,
            0.0328324865718875,
            0.01278990434938509,
            -0.13631233055735775,
            -0.0006658499753145483
        ],
        [
            -0.02450532458083988,
            -0.013172125275178883,
            0.0026824811295211937,
            0.013050114300363054,
            0.001190275917374738,
            0.009391603610312245,
            -0.0036113096459649318,
            0.003292908577299982,
            0.01366429431041037,
            0.0013321930148758494,
            0.0028732055804785318,
            0.0016184794414522675,
            -0.00021425724078435183,
            -0.00762330134855385,
            -0.0002010109382849366,
            -0.002800175982496011,
            0.0004173316725068967,
            6.945771631643333e-05,
            -0.0012603303945602099,
            1.7987662840821827e-05
        ],
        [
            0.04033722033583823,
            0.026117751691708865,
            -0.014115812369487007,
            -0.0727708137016474,
            -0.007319615746641892,
            -0.020983019819982966,
            0.1158251191108058,
            0.006570833737192431,
            0.24011445422052588,
            0.0028732055804785318,
            0.5949120882067729,
            0.21416209037336253,
            0.030075799565131543,
            0.00310913204628934,
            0.005938209416102536,
            -0.01309833833239611,
            0.10106839810977705,
            0.03089654361368104,
            -0.32157649298313645,
            -0.002146347699661911
        ],
        [
            0.024882283831591866,
            0.02351858368686585,
            0.00761072203521227,
