{
    "opt_E": -2.206881989027935,
    "HF_E": -2.1758389861403487,
    "B3LYP_E": -2.1779319972013313,
    "sto-3G_E": -2.159324344042979,
    "proj": [
        [
            0.5959584883468207,
            0.36520901725530985,
            -0.018964633075912934,
            -0.17454375485725257,
            0.0139853378562859,
            -0.03697233281474917,
            0.15600123212643982,
            -0.04846689665662312,
            -0.20539946046244065,
            0.02765512086432143,
            0.033325602916903875,
            0.021613157830790198,
            -0.011685608761905934,
            0.04882222344073531,
            0.003937828841001658,
            -0.0010906552271802246,
            -0.02374425014432079,
            -0.01298849572819906,
            -0.022945436305450876,
            0.0037261327756098615
        ],
        [
            0.36520901725530985,
            0.25276310014003206,
            -0.0031780995475442974,
            -0.04436207620670278,
            0.0029004785826569654,
            0.10324448077021035,
            0.14435317096968409,
            -0.01860203199214625,
            -0.13177711883263732,
            0.011904770252095801,
            0.013233242978949199,
            0.025280568446527554,
            0.00822499955985734,
            -0.03366126596281651,
            -0.002733032388844013,
            -0.030500503441194485,
            -0.03112695233020023,
            -0.003728536720788489,
            -0.014930698452691977,
            0.0010633931359586425
        ],
        [
            -0.018964633075912934,
            -0.0031780995475442974,
            0.003332256431182163,
            0.025483231852769444,
            -0.002273268105813384,
            0.04066053179519946,
            0.010155667182406864,
            0.0060754604622157956,
            0.0017561937431590903,
            -0.002791351319768819,
            -0.008122873903908765,
            0.004885128242279983,
            0.008179386317549742,
            -0.016005797608754264,
            -0.0025823113436093245,
            0.0016619635071927713,
            0.001405027282789344,
            0.004133419943428963,
            0.007059791590117893,
            -0.001168190916275789
        ],
        [
            -0.17454375485725257,
            -0.04436207620670278,
            0.025483231852769444,
            0.1970868084154512,
            -0.017448924524079184,
            0.301680431332832,
            0.0670204110996585,
            0.04534308890218013,
            0.031092189511742113,
            -0.021432836626084466,
            -0.049215936622525616,
            0.03614068961022591,
            0.057301272506636546,
            -0.12547452895229216,
            -0.018222769447748383,
            0.004291961247332238,
            0.00879080480437017,
            0.027378772361468025,
            0.043338820538976044,
            -0.007749023755992159
        ],
        [
            0.0139853378562859,
            0.0029004785826569654,
            -0.002273268105813384,
            -0.017448924524079184,
            0.001553230754782821,
            -0.02730075553844095,
            -0.006429715052927124,
            -0.004190673152482505,
            -0.0015713916482971075,
            0.0019355988889319625,
            0.005663199772000836,
            -0.0030997998883411505,
            -0.005472882135759115,
            0.010931129565571731,
            0.0017293776170644653,
            -0.0008522170763540567,
            -0.0008129988329295298,
            -0.002799651783628102,
            -0.0047715620987460496,
            0.0007915502652405279
        ],
        [
            -0.03697233281474917,
            0.10324448077021035,
            0.04066053179519946,
            0.301680431332832,
            -0.02730075553844095,
            0.592640391900525,
            0.23001772529171333,
            0.0536206302179972,
            -0.012072034744381956,
            -0.02443614296240872,
            -0.0033164651161117003,
            0.11152440272981501,
            0.09936880340328304,
            -0.23032243198514865,
            -0.03184049501613328,
            0.017926149484678657,
            0.022526678031214713,
            0.031684891188651254,
            0.03402318257876929,
            -0.008950208037467117
        ],
        [
            0.15600123212643982,
            0.14435317096968409,
            0.010155667182406864,
            0.0670204110996585,
            -0.006429715052927124,
            0.23001772529171333,
            0.14975589689916524,
            -0.004037291814253166,
            -0.03170937806686482,
            0.002168965622442994,
            0.08569456624042458,
            0.08360925230664464,
            0.030490376401597526,
            -0.07180053650038364,
            -0.009937073555553677,
            0.03662062704656766,
            0.03130213143594083,
            -0.0051919995173951485,
            -0.02676004065983099,
            0.0014990389628906577
        ],
        [
            -0.04846689665662312,
            -0.01860203199214625,
            0.0060754604622157956,
            0.04534308890218013,
            -0.004190673152482505,
            0.0536206302179972,
            -0.004037291814253166,
            0.02326191402487985,
            -0.026143756559551343,
            -0.009308989479425192,
            -0.09390361212112541,
            -0.01789258345986734,
            0.025183830372905436,
            -0.013707712942305194,
            -0.00751138436687347,
            0.007190022518142772,
            -0.006213250552823413,
            0.025292806865673416,
            0.05878856456713088,
            -0.007136190664859187
        ],
        [
            -0.20539946046244065,
            -0.13177711883263732,
            0.0017561937431590903,
            0.031092189511742113,
            -0.0015713916482971075,
            -0.012072034744381956,
            -0.03170937806686482,
            -0.026143756559551343,
            0.18254189726507367,
            0.005309269030039101,
            0.2356386542246758,
            0.056795495528717745,
            -0.04360892763892893,
            -0.035332030640447654,
            0.01232562974634257,
            -0.018950116863564022,
            0.032219543913514316,
            -0.05578839859042702,
            -0.14149775534606368,
            0.015701685606926995
        ],
        [
            0.02765512086432143,
            0.011904770252095801,
            -0.002791351319768819,
            -0.021432836626084466,
            0.0019355988889319625,
            -0.02443614296240872,
            0.002168965622442994,
            -0.009308989479425192,
            0.005309269030039101,
            0.0039062345787974524,
            0.03290044865951135,
            0.005976200828697514,
            -0.009457763039858732,
            0.008363619395813864,
            0.002853737411443279,
            -0.0011448517569545423,
            0.0024062505252277835,
            -0.009034397773197173,
            -0.020394579928829374,
            0.002551307396375866
        ],
        [
            0.033325602916903875,
            0.013233242978949199,
            -0.008122873903908765,
            -0.049215936622525616,
            0.005663199772000836,
            -0.0033164651161117003,
            0.08569456624042458,
            -0.09390361212112541,
            0.2356386542246758,
            0.03290044865951135,
            0.5679112841564128,
            0.1856600629009107,
            -0.08238354382326563,
            -0.019169228261933183,
            0.023480583259319558,
            0.047421604619931265,
            0.10942865963852831,
            -0.12532070841584475,
            -0.30894186868483436,
            0.035388106389116145
        ],
        [
            0.021613157830790198,
            0.025280568446527554,
            0.004885128242279983,
