{
    "opt_E": -2.195057227951815,
    "HF_E": -2.162093219378623,
    "B3LYP_E": -2.165480680971347,
    "sto-3G_E": -2.1438378484534275,
    "proj": [
        [
            0.5895067966717978,
            0.36952847749763024,
            -0.01235730574089695,
            -0.16998966289669631,
            0.017848135539041056,
            -0.02323931696542069,
            0.15820152504596077,
            -0.012305155483011842,
            -0.2005300991010185,
            0.012791328095110095,
            0.05320450801041348,
            0.020038537387771276,
            -0.0012660721387440165,
            0.06988338484057321,
            -0.011158405885985871,
            -0.0022689371423329717,
            -0.02952508720027402,
            0.012814757279384163,
            -0.02627730753454039,
            0.0008321307010146645
        ],
        [
            0.36952847749763024,
            0.25458131423509,
            -0.0039552761368099225,
            -0.050460657222633175,
            0.005788630444546035,
            0.09325219527788682,
            0.13637618655376327,
            -0.00786019606403315,
            -0.1401033948316487,
            0.012794294724809275,
            0.01868309597713413,
            0.01847494278773785,
            -0.005362985496086489,
            -0.023314714121458083,
            0.005392964230780444,
            -0.024926958326440634,
            -0.03862680747527881,
            0.003140785157551215,
            -0.007677206760520047,
            0.00027898177110595733
        ],
        [
            -0.01235730574089695,
            -0.0039552761368099225,
            0.000920510196766697,
            0.01340299665546855,
            -0.0013180812186355739,
            0.019188719078565217,
            0.003047334627486015,
            0.00013891514598571715,
            0.0006825751949079946,
            0.0007457779667154822,
            -0.004961058345516725,
            0.0013516588123735692,
            -0.0015161642495468372,
            -0.011889779346401227,
            0.002367835905836456,
            0.000575260671961258,
            -0.00011061688597265571,
            -0.0016371737781028866,
            0.003554948688866988,
            -0.00017581849926970054
        ],
        [
            -0.16998966289669631,
            -0.050460657222633175,
            0.01340299665546855,
            0.1968833254325895,
            -0.019330325366548013,
            0.29171078702403486,
            0.05613862832384365,
            0.0028575677576655966,
            0.01691382585109305,
            0.009159330773886734,
            -0.04733006569397847,
            0.03517231859481679,
            -0.022637405403537196,
            -0.1712803336937378,
            0.03437040969475387,
            0.020974965867792822,
            0.01076923640329611,
            -0.020973359988764054,
            0.04462249219580996,
            -0.002102306374091049
        ],
        [
            0.017848135539041056,
            0.005788630444546035,
            -0.0013180812186355739,
            -0.019330325366548013,
            0.001901180583710033,
            -0.028068553069793813,
            -0.004997288286180017,
            -0.00031651611486957574,
            -0.0022565783631761298,
            -0.0008252053213256585,
            0.004518368024136758,
            -0.0032864244121303477,
            0.002103849698051011,
            0.016717875345494147,
            -0.0033276452086163414,
            -0.001641354261436321,
            -0.0008949792645183245,
            0.0019948190203361096,
            -0.004206985625627728,
            0.00019282324537164965
        ],
        [
            -0.02323931696542069,
            0.09325219527788682,
            0.019188719078565217,
            0.29171078702403486,
            -0.028068553069793813,
            0.5640715914590565,
            0.20962348337539943,
            0.0033087679809329193,
            -0.02577716854462587,
            0.01548007699304569,
            0.024976202736972642,
            0.11341533490877764,
            -0.03655808656601568,
            -0.2907756506455826,
            0.058156849968133584,
            0.03078652795987144,
            0.01745839274714524,
            -0.01912279543425641,
            0.03428192171977227,
            -0.0009662011382757118
        ],
        [
            0.15820152504596077,
            0.13637618655376327,
            0.003047334627486015,
            0.05613862832384365,
            -0.004997288286180017,
            0.20962348337539943,
            0.14122348346318972,
            0.002040422291280224,
            -0.01863829437601045,
            -0.00010358602939136091,
            0.1193970617193367,
            0.08908426604841824,
            -0.0076290044519774555,
            -0.07494081389235081,
            0.014815097229107,
            0.01944409817776252,
            0.022689023031605,
            0.011385407821962226,
            -0.03255692101853834,
            0.0024352146838955667
        ],
        [
            -0.012305155483011842,
            -0.00786019606403315,
            0.00013891514598571715,
            0.0028575677576655966,
            -0.00031651611486957574,
            0.0033087679809329193,
            0.002040422291280224,
            0.0015369738400397611,
            0.018242151512749355,
            -0.003006923831287654,
            0.02568178500257477,
            0.008903930773146596,
            0.003002459591172353,
            -0.0009808293730167155,
            -0.0005493213624224453,
            -0.006526868089520589,
            0.0016113949548933102,
            0.0044834085041163055,
            -0.011876624833480592,
            0.0008564549583146182
        ],
        [
            -0.2005300991010185,
            -0.1401033948316487,
            0.0006825751949079946,
            0.01691382585109305,
            -0.0022565783631761298,
            -0.02577716854462587,
            -0.01863829437601045,
            0.018242151512749355,
            0.23010017958107123,
            -0.03701743375446385,
            0.2804547846127608,
            0.08600259145768811,
            0.037628930750456764,
            0.0163534318256934,
            -0.011787881618588647,
            -0.07273405265765731,
            0.022039603501012136,
            0.051032683010704204,
            -0.13401570920633013,
            0.00959508769439998
        ],
        [
            0.012791328095110095,
            0.012794294724809275,
            0.0007457779667154822,
            0.009159330773886734,
            -0.0008252053213256585,
            0.01548007699304569,
            -0.00010358602939136091,
            -0.003006923831287654,
            -0.03701743375446385,
            0.007030911681843851,
            -0.057972130511668225,
            -0.01688609463306518,
            -0.007707240510628826,
            -0.011986507939565549,
            0.0038555540926289715,
            0.012648490501439054,
            -0.004389187713387791,
            -0.010916796418324904,
            0.028001319161677397,
            -0.001925871671633918
        ],
        [
            0.05320450801041348,
            0.01868309597713413,
            -0.004961058345516725,
            -0.04733006569397847,
            0.004518368024136758,
            0.024976202736972642,
            0.1193970617193367,
            0.02568178500257477,
            0.2804547846127608,
            -0.057972130511668225,
            0.582385278130012,
            0.22275744514885104,
            0.053072073876937395,
            0.06341179957587884,
            -0.02290286702410875,
            -0.04830667973641023,
            0.08075249072703179,
            0.09863222127325404,
            -0.2536240479726352,
            0.01737680018182887
        ],
        [
            0.020038537387771276,
            0.01847494278773785,
            0.0013516588123735692,
