{
    "opt_E": -2.174598029108621,
    "HF_E": -2.142817055444831,
    "B3LYP_E": -2.146052170926364,
    "sto-3G_E": -2.122361443850309,
    "proj": [
        [
            0.587041604144487,
            0.37922864821741853,
            0.04431175681987037,
            -0.16121241583208148,
            -0.007917133776829864,
            -0.018760490610381042,
            0.15898424203664077,
            0.07497056846462016,
            -0.17098125916774004,
            -0.010746596109737811,
            0.04072755309579563,
            0.024571755493186305,
            -0.001016552279535407,
            0.07740707608443259,
            -0.000484440668085628,
            -0.002030178944197395,
            -0.030833900483849045,
            -0.004307560417307604,
            -0.02762562072864719,
            0.001707262506163863
        ],
        [
            0.37922864821741853,
            0.26335558048687463,
            0.014576063947228771,
            -0.05890922811898593,
            -0.0028006440371529783,
            0.07861296411084194,
            0.13556824360505543,
            0.04199838841168562,
            -0.12313396253637414,
            -0.006274512492993696,
            0.02872547442952632,
            0.022214747069350928,
            -0.0016880178922222433,
            -0.018315006893606725,
            -0.0006291452135840388,
            -0.03348362224056388,
            -0.04274533611950415,
            -0.0021429493217366867,
            -0.018945639275301282,
            0.001147275595462515
        ],
        [
            0.04431175681987037,
            0.014576063947228771,
            0.016677839670966883,
            -0.05451504361215988,
            -0.002768222678271905,
            -0.08344195241946867,
            -0.016384867256965755,
            0.011105493076005753,
            0.010660270989959256,
            -0.0011734119890975242,
            0.013397657175027437,
            -0.010007222412443648,
            -0.002369778217315259,
            0.05456726419077823,
            0.002401290900157488,
            -0.01036052687709244,
            -0.004888738489490055,
            -0.0033892947059406,
            -0.01900388271644279,
            0.0015113148948094541
        ],
        [
            -0.16121241583208148,
            -0.05890922811898593,
            -0.05451504361215988,
            0.1791544260506338,
            0.009067421124061973,
            0.2691596691454063,
            0.04985131743205291,
            -0.03790574567753944,
            -0.0194397080574698,
            0.004282794390292415,
            -0.030147730946427746,
            0.03542355167353902,
            0.006686887265177941,
            -0.17727717393107473,
            -0.007096018656535181,
            0.029590241352670382,
            0.01672429618054579,
            0.009762084977592914,
            0.053153956224435785,
            -0.0041465713101822115
        ],
        [
            -0.007917133776829864,
            -0.0028006440371529783,
            -0.002768222678271905,
            0.009067421124061973,
            0.00046044492366692334,
            0.013587730977225553,
            0.002446108890007378,
            -0.001904793137416924,
            -0.001558285384629086,
            0.00020358559780566066,
            -0.002345061356871482,
            0.0014507741342479493,
            0.0003665835962517202,
            -0.00913327901584426,
            -0.00037591958221460916,
            0.001295330004408636,
            0.0005590387839264756,
            0.0005507867116756318,
            0.003077139621954893,
            -0.00024535006761554107
        ],
        [
            -0.018760490610381042,
            0.07861296411084194,
            -0.08344195241946867,
            0.2691596691454063,
            0.013587730977225553,
            0.5370609646488312,
            0.2007117664898093,
            -0.035771952083379466,
            -0.06322499170498362,
            0.004194904292400028,
            0.06296309931962675,
            0.118556669585215,
            0.007244283824955938,
            -0.3067514276895136,
            -0.011039691877851598,
            0.04972399198372143,
            0.02960743275378406,
            0.009012211124754664,
            0.034553747774925314,
            -0.0023429364579135217
        ],
        [
            0.15898424203664077,
            0.13556824360505543,
            -0.016384867256965755,
            0.04985131743205291,
            0.002446108890007378,
            0.2007117664898093,
            0.13452263314904353,
            0.009135382774527847,
            -0.02256479899543594,
            -0.0005784516715692499,
            0.11580438715324372,
            0.08251529199586873,
            -0.0010869399526262109,
            -0.08032188126481718,
            -0.0021838932444031523,
            0.02560334870439651,
            0.021145993237930642,
            -0.0038882049595949596,
            -0.036440695964772486,
            0.0033271879869172997
        ],
        [
            0.07497056846462016,
            0.04199838841168562,
            0.011105493076005753,
            -0.03790574567753944,
            -0.001904793137416924,
            -0.035771952083379466,
            0.009135382774527847,
            0.011969036751163968,
            -0.012334422539405044,
            -0.001529632745955169,
            0.010887985911281761,
            0.0014386321392905552,
            -0.0004962365564361987,
            0.033664830542988626,
            0.0005409653054620458,
            0.005308556064372016,
            0.001555621122493771,
            -0.0015474954171655617,
            -0.008488815600699117,
            0.0006509841373247764
        ],
        [
            -0.17098125916774004,
            -0.12313396253637414,
            0.010660270989959256,
            -0.0194397080574698,
            -0.001558285384629086,
            -0.06322499170498362,
            -0.02256479899543594,
            -0.012334422539405044,
            0.2754484079622366,
            0.006421056488766702,
            0.31017363386669633,
            0.07532903757649152,
            -0.021837276766987986,
            0.0426251766798543,
            0.014962302399991273,
            -0.07436179631110812,
            0.018442074083519718,
            -0.028838623332596607,
            -0.19643615528552372,
            0.017254078061653844
        ],
        [
            -0.010746596109737811,
            -0.006274512492993696,
            -0.0011734119890975242,
            0.004282794390292415,
            0.00020358559780566066,
            0.004194904292400028,
            -0.0005784516715692499,
            -0.001529632745955169,
            0.006421056488766702,
            0.0002908204596896554,
            0.005400055403422883,
            0.0019586480524190785,
            -0.000326940833186081,
            -0.0033374499797702226,
            0.0001821390413347284,
            -0.0012758981192505295,
            0.0006801107145379406,
            -0.00037432625896742516,
            -0.002835408806217179,
            0.0002629425204095752
        ],
        [
            0.04072755309579563,
            0.02872547442952632,
            0.013397657175027437,
            -0.030147730946427746,
            -0.002345061356871482,
            0.06296309931962675,
            0.11580438715324372,
            0.010887985911281761,
            0.31017363386669633,
            0.005400055403422883,
            0.5289655161664834,
            0.19511283075716418,
            -0.026184512590146633,
            0.04666070577532629,
            0.015397639754693146,
            -0.006172245629194404,
            0.08368958187144196,
            -0.04106867010769989,
            -0.2851612115344117,
            0.02526422570212243
        ],
        [
            0.024571755493186305,
            0.022214747069350928,
