{
    "opt_E": -2.211025322332044,
    "HF_E": -2.178302796449357,
    "B3LYP_E": -2.181320318922199,
    "sto-3G_E": -2.165337389164391,
    "proj": [
        [
            0.5968356387518342,
            0.3699893659038437,
            0.02586762269606681,
            -0.15594018367735737,
            0.04194205495827171,
            -0.038007180992231174,
            0.15530924603678548,
            0.0376881935650455,
            -0.19391262286925798,
            0.07832356325761934,
            0.037024905722290016,
            0.018867998352550718,
            -0.0021248746606764898,
            0.057088321342498104,
            0.005128221053339058,
            -0.001993994167563121,
            -0.023243101370238075,
            -0.010321626176429455,
            -0.024003240285246714,
            -0.004345047659743195
        ],
        [
            0.3699893659038437,
            0.2547500769874384,
            0.0069287232436985036,
            -0.042700993474916946,
            0.009960397523405004,
            0.09505286192310082,
            0.14219867586045223,
            0.020765505765138994,
            -0.12940876864587736,
            0.03709420912238557,
            0.013877932815246128,
            0.0218139594373982,
            0.003482581018212926,
            -0.02723515437533391,
            -0.0036228123325908385,
            -0.024591748883374315,
            -0.032325487319968225,
            -0.002960515140019879,
            -0.009247738234334968,
            -0.0009988384020739095
        ],
        [
            0.02586762269606681,
            0.0069287232436985036,
            0.004638642632365663,
            -0.027636936666625693,
            0.00810079400320225,
            -0.04668324096895638,
            -0.010137956084923289,
            0.0023537303010037194,
            -0.0018544541828942377,
            0.00804791181684072,
            0.009831953407897371,
            -0.004412696819088898,
            -0.00411378541301592,
            0.022082292891692737,
            0.0016936663778124672,
            -0.002789463252582168,
            -0.0005082461733542071,
            -0.0034382067810853466,
            -0.008232556378633911,
            -0.001875112461326701
        ],
        [
            -0.15594018367735737,
            -0.042700993474916946,
            -0.027636936666625693,
            0.16489775885083824,
            -0.04824106182712297,
            0.2790652791764709,
            0.061987985841648253,
            -0.01446542524285769,
            0.015883672213356195,
            -0.04748451297012411,
            -0.04860524375174302,
            0.031761108127481855,
            0.024402834952636447,
            -0.12971998648133307,
            -0.00999990633859144,
            0.022130159814368486,
            0.00846041046880202,
            0.019288047596297937,
            0.04583337132379744,
            0.010509740798479689
        ],
        [
            0.04194205495827171,
            0.009960397523405004,
            0.00810079400320225,
            -0.04824106182712297,
            0.014200517204241968,
            -0.08268240383014962,
            -0.018698262806551548,
            0.003807733095334859,
            -0.000536581418395858,
            0.013948136639355329,
            0.0198110947453448,
            -0.007934214979420177,
            -0.00806426852530452,
            0.037642543812108915,
            0.0026066920831389257,
            -0.008392107631243317,
            -0.0024018780100134953,
            -0.006735490263529952,
            -0.016513409245980437,
            -0.003725089398013544
        ],
        [
            -0.038007180992231174,
            0.09505286192310082,
            -0.04668324096895638,
            0.2790652791764709,
            -0.08268240383014962,
            0.5975548182624344,
            0.23019944703183381,
            -0.015647314333308418,
            -0.02496620500582757,
            -0.05858585805711557,
            -0.005090501105983916,
            0.10848068085122181,
            0.042907547850107815,
            -0.25927895711709537,
            -0.02308451246385896,
            0.03588233567814256,
            0.015257747975729262,
            0.022558485714363575,
            0.04734440557555871,
            0.01240451179943959
        ],
        [
            0.15530924603678548,
            0.14219867586045223,
            -0.010137956084923289,
            0.061987985841648253,
            -0.018698262806551548,
            0.23019944703183381,
            0.15277905650398427,
            0.0011839965394125592,
            -0.021931010681962525,
            0.0058621008345741705,
            0.1034611092650974,
            0.08749328197403139,
            0.008489422849462622,
            -0.08247539114555175,
            -0.010215963062841275,
            0.02114213139229881,
            0.02225429302604257,
            -0.009079398842194174,
            -0.030090095528449417,
            -0.004976174019000828
        ],
        [
            0.0376881935650455,
            0.020765505765138994,
            0.0023537303010037194,
            -0.01446542524285769,
            0.003807733095334859,
            -0.015647314333308418,
            0.0011839965394125592,
            0.003457251067393748,
            -0.0215224403764503,
            0.004610797804201443,
            -0.018476221270894346,
            -0.007660999502282067,
            0.0018055974303566634,
            0.010733176237781542,
            0.001954582893004293,
            0.004744939253869086,
            -0.0022459558772044423,
            0.002768053586391259,
            0.008548918795014272,
            0.0017439924805353023
        ],
        [
            -0.19391262286925798,
            -0.12940876864587736,
            -0.0018544541828942377,
            0.015883672213356195,
            -0.000536581418395858,
            -0.02496620500582757,
            -0.021931010681962525,
            -0.0215224403764503,
            0.1967661356331344,
            -0.0018615626662340614,
            0.26296939003015185,
            0.0777617270111356,
            -0.036640154454262164,
            -0.01289288304691457,
            -0.013137747079388562,
            -0.053314154203367055,
            0.027178991468453043,
            -0.04770031206074422,
            -0.1354031896120872,
            -0.028318813118105617
        ],
        [
            0.07832356325761934,
            0.03709420912238557,
            0.00804791181684072,
            -0.04748451297012411,
            0.013948136639355329,
            -0.05858585805711557,
            0.0058621008345741705,
            0.004610797804201443,
            -0.0018615626662340614,
            0.01836699809679429,
            0.048823618010254935,
            0.009661315447828734,
            -0.008231531428896856,
            0.032391512128607636,
            0.0014546012637733237,
            -0.002276255997930192,
            0.00485609188133494,
            -0.010504164659821034,
            -0.02729022409380774,
            -0.005794206663792849
        ],
        [
            0.037024905722290016,
            0.013877932815246128,
            0.009831953407897371,
            -0.04860524375174302,
            0.0198110947453448,
            -0.005090501105983916,
            0.1034611092650974,
            -0.018476221270894346,
            0.26296939003015185,
            0.048823618010254935,
            0.5906464488342843,
            0.2200890084760865,
            -0.0609991036427017,
            0.0162521680423586,
            -0.019689219949532984,
            -0.020746749849074674,
            0.09869612897701802,
            -0.10014955467189571,
            -0.28001460133940737,
            -0.05778156177289258
        ],
        [
            0.018867998352550718,
            0.0218139594373982,
            -0.004412696819088898,
