{
    "opt_E": -2.1580664702211045,
    "HF_E": -2.1282544764931,
    "B3LYP_E": -2.129619727574406,
    "sto-3G_E": -2.105989924172425,
    "proj": [
        [
            0.5092824615526357,
            0.3307803549697595,
            -0.027898579447845556,
            -0.17516450541864398,
            0.013433136880881841,
            0.08372542005967423,
            0.18497013622626393,
            -0.06645844373699701,
            -0.23944311983619374,
            0.018615469255831147,
            0.04223211290244647,
            0.035430812758351395,
            0.008016310274183884,
            0.02150333517129928,
            0.005729522092170171,
            0.0019110367007182897,
            -0.03769948608723012,
            -0.007923003780966586,
            -0.020734609128979144,
            -0.004546012517797449
        ],
        [
            0.3307803549697595,
            0.22082983136229617,
            -0.012050788348866233,
            -0.08629824855884574,
            0.006702123768811856,
            0.0948341649423798,
            0.13113665240801659,
            -0.04087772100086993,
            -0.14227824757064658,
            0.010436803116200368,
            0.04448960497280494,
            0.024915775013992537,
            0.003419116243058633,
            -0.02203352666951023,
            0.0012477517955554092,
            -0.030614381671222518,
            -0.0413954578195796,
            -0.009344951358258944,
            -0.030484828244566574,
            -0.005582959432522928
        ],
        [
            -0.027898579447845556,
            -0.012050788348866233,
            0.01382766630587674,
            0.06571200324960519,
            -0.005090878135833777,
            0.07160092273622806,
            0.006472033130305038,
            0.01218450524200681,
            0.010568281260135443,
            -0.0026741159047163825,
            -0.00766408991618696,
            0.010367240312069856,
            0.009741910378191885,
            -0.04852115156778613,
            0.0031320158547402522,
            0.0033392820595155004,
            0.007890211551110762,
            0.005248115700984816,
            0.013947994100643346,
            0.0035091857407139053
        ],
        [
            -0.17516450541864398,
            -0.08629824855884574,
            0.06571200324960519,
            0.3162969604149946,
            -0.024498258842715292,
            0.31863243744036496,
            0.01198388526928476,
            0.06196052284680262,
            0.06976450141415108,
            -0.013893211589771014,
            -0.04017717498131451,
            0.04438483795709929,
            0.04419599845070515,
            -0.2224089687038518,
            0.014058734679226382,
            0.01766340310860252,
            0.04111460829696378,
            0.02514776398406107,
            0.06722911841971321,
            0.01673434620580238
        ],
        [
            0.013433136880881841,
            0.006702123768811856,
            -0.005090878135833777,
            -0.024498258842715292,
            0.0019146762799599523,
            -0.024313068412210263,
            -0.0003480400017535689,
            -0.00508925824300888,
            -0.0036782550267569956,
            0.0009969269050637648,
            0.006106491055055786,
            -0.0024513797376858617,
            -0.0036820823461208795,
            0.017454724132793264,
            -0.0012462552129342784,
            -0.0011355918853834005,
            -0.0026754681302121807,
            -0.002470632520622433,
            -0.006900718294985419,
            -0.0016254627562714218
        ],
        [
            0.08372542005967423,
            0.0948341649423798,
            0.07160092273622806,
            0.31863243744036496,
            -0.024313068412210263,
            0.4970525044421692,
            0.1497084371147045,
            0.03423945761959068,
            -0.012366276265168008,
            -0.00913413739140332,
            0.05101362634271089,
            0.10767508615510171,
            0.05785300231464461,
            -0.284848717141722,
            0.018274768658426248,
            0.02697487493121854,
            0.04234796045522912,
            0.015037239831586221,
            0.032230124788325404,
            0.010961289857579576
        ],
        [
            0.18497013622626393,
            0.13113665240801659,
            0.006472033130305038,
            0.01198388526928476,
            -0.0003480400017535689,
            0.1497084371147045,
            0.11420012601184276,
            -0.02385646459585938,
            -0.030624046694781085,
            0.0019120526806253356,
            0.11980559737000733,
            0.0728178137377479,
            0.010233795656158874,
            -0.04088957139710389,
            0.002780476011143954,
            0.03356685085247311,
            0.025694103347481925,
            -0.014035768854552082,
            -0.04632148274140242,
            -0.008306047794055105
        ],
        [
            -0.06645844373699701,
            -0.04087772100086993,
            0.01218450524200681,
            0.06196052284680262,
            -0.00508925824300888,
            0.03423945761959068,
            -0.02385646459585938,
            0.01991150140005624,
            0.00027171271751301815,
            -0.0022515276022174054,
            -0.062003228493260544,
            -0.013691725670220208,
            0.010434501230348765,
            -0.039177760516458944,
            0.004354599915269963,
            -0.0018733492823373283,
            0.00020083767942431587,
            0.013558289699574533,
            0.04136038087921938,
            0.008635794655262697
        ],
        [
            -0.23944311983619374,
            -0.14227824757064658,
            0.010568281260135443,
            0.06976450141415108,
            -0.0036782550267569956,
            -0.012366276265168008,
            -0.030624046694781085,
            0.00027171271751301815,
            0.2804667603753925,
            -0.016316463249534473,
            0.2726955876572271,
            0.05989281808408654,
            -0.0389671011248184,
            -0.00465348019232012,
            -0.023719549689596515,
            -0.038772104265852744,
            0.025892951149487822,
            -0.05329710208110113,
            -0.17792880140377393,
            -0.03397038711250358
        ],
        [
            0.018615469255831147,
            0.010436803116200368,
            -0.0026741159047163825,
            -0.013893211589771014,
            0.0009969269050637648,
            -0.00913413739140332,
            0.0019120526806253356,
            -0.0022515276022174054,
            -0.016316463249534473,
            0.0012899513740393794,
            -0.011018090243623421,
            -0.0031284010392811446,
            0.0008337429055509482,
            0.008437668640669624,
            0.0009178544947796127,
            0.004029560099546667,
            -0.0007935048366200276,
            0.0018610905905244752,
            0.006903067423814634,
            0.0011721569394898231
        ],
        [
            0.04223211290244647,
            0.04448960497280494,
            -0.00766408991618696,
            -0.04017717498131451,
            0.006106491055055786,
            0.05101362634271089,
            0.11980559737000733,
            -0.062003228493260544,
            0.2726955876572271,
            -0.011018090243623421,
            0.5310674171227712,
            0.17054944254070406,
            -0.048778623410156596,
            0.053972927499561,
            -0.028679768152192885,
            0.03088094013461833,
            0.07647512686646611,
            -0.09481196615373434,
            -0.3061252420688036,
            -0.05975893456778111
        ],
        [
            0.035430812758351395,
            0.024915775013992537,
            0.010367240312069856,
