{
    "opt_E": -2.1975531255319485,
    "HF_E": -2.1634256542839654,
    "B3LYP_E": -2.1672410289532826,
    "sto-3G_E": -2.142824874489738,
    "proj": [
        [
            0.6102640852433255,
            0.3898894447992588,
            -0.04285005672641349,
            -0.13629890156114105,
            0.0371049131823608,
            -0.05997017297461725,
            0.1413181421443044,
            -0.08283897392957831,
            -0.15368562692991017,
            0.056308472859633384,
            0.029409050212321212,
            0.017157737559174702,
            -0.011029553221628366,
            0.06835664158736628,
            0.0006509720528164205,
            -0.0018555308883853425,
            -0.021541152186520716,
            -0.002258450396892351,
            -0.01744866996896124,
            -0.00934360081645887
        ],
        [
            0.3898894447992588,
            0.27611710812184065,
            -0.010074461400620918,
            -0.03972318665993197,
            0.010036788613133089,
            0.08313945752853662,
            0.14052455632025643,
            -0.04164084284097169,
            -0.11715923277405281,
            0.0318889344738787,
            0.009597256619868605,
            0.021101138683669727,
            0.0031765439817610826,
            -0.02285550017302986,
            0.004762171501130724,
            -0.02495275943186535,
            -0.03457942232804792,
            -0.0008912319210679637,
            -0.0056189157607344385,
            -0.001669392101392244
        ],
        [
            -0.04285005672641349,
            -0.010074461400620918,
            0.015138386392609234,
            0.04229085090768953,
            -0.01211604908394941,
            0.08664935648467756,
            0.023217278014958438,
            0.014167824568011373,
            -0.008327805007217977,
            -0.006085115543281824,
            -0.017719317466964972,
            0.008401569371862342,
            0.008391264498907458,
            -0.04297420382912457,
            0.007687264614596303,
            0.008361529282077127,
            0.0012327231357882494,
            0.0006351156700008847,
            0.014060458827688338,
            0.007185597971569515
        ],
        [
            -0.13629890156114105,
            -0.03972318665993197,
            0.04229085090768953,
            0.11924653922549401,
            -0.03397187709712053,
            0.23962032993099658,
            0.06199062832589814,
            0.039859728448541965,
            -0.009117232993784332,
            -0.019060729548244223,
            -0.032021430520176024,
            0.027898262906483746,
            0.022694705580189937,
            -0.12038441886169686,
            0.018358756094587668,
            0.01666240060609238,
            0.0034735330450664324,
            0.0016256915526406475,
            0.030421669082606014,
            0.01633685515920182
        ],
        [
            0.0371049131823608,
            0.010036788613133089,
            -0.01211604908394941,
            -0.03397187709712053,
            0.009717778770347027,
            -0.06844632696433466,
            -0.01751223542394937,
            -0.011560348074660172,
            0.0053001948196516385,
            0.005139379317187666,
            0.013526466182421346,
            -0.006310854854756459,
            -0.006615100551404201,
            0.0346229459847595,
            -0.005731521309328031,
            -0.004993699113045057,
            -0.00017678654723783768,
            -0.0005057405128160735,
            -0.010577529591891127,
            -0.005473674762472396
        ],
        [
            -0.05997017297461725,
            0.08313945752853662,
            0.08664935648467756,
            0.23962032993099658,
            -0.06844632696433466,
            0.5942655629711908,
            0.2425442737759646,
            0.05597550971818478,
            -0.05549178663182072,
            -0.025180914767044257,
            0.015855977108384888,
            0.11254296367695443,
            0.05076678785102214,
            -0.2750154792270358,
            0.038225245172521634,
            0.03277821799605845,
            0.009513788079659281,
            0.002235375192260292,
            0.03292996589172888,
            0.02182925173621028
        ],
        [
            0.1413181421443044,
            0.14052455632025643,
            0.023217278014958438,
            0.06199062832589814,
            -0.01751223542394937,
            0.2425442737759646,
            0.1588919106295192,
            -0.006716988868024783,
            -0.021998270747103317,
            0.001727281451841818,
            0.10603253892907646,
            0.09210863701113314,
            0.0161999979100967,
            -0.09036228775877099,
            0.008879427996666498,
            0.01972517777810442,
            0.020432388354037868,
            -0.0006117612520171882,
            -0.02749452713904964,
            -0.009087282231981055
        ],
        [
            -0.08283897392957831,
            -0.04164084284097169,
            0.014167824568011373,
            0.039859728448541965,
            -0.011560348074660172,
            0.05597550971818478,
            -0.006716988868024783,
            0.02002826148361977,
            -0.011114192099891933,
            -0.00758171107935713,
            -0.055881630390748234,
            -0.0146701746137821,
            0.007286358576729897,
            -0.036340940200120846,
            0.008208228005082653,
            0.0026591548993926237,
            -0.007397197499146397,
            0.0010373983913949886,
            0.027328356961213905,
            0.012630091673647639
        ],
        [
            -0.15368562692991017,
            -0.11715923277405281,
            -0.008327805007217977,
            -0.009117232993784332,
            0.0053001948196516385,
            -0.05549178663182072,
            -0.021998270747103317,
            -0.011114192099891933,
            0.19426308046630797,
            -0.021754344986303836,
            0.2814099274365505,
            0.08317733100202432,
            -0.013659947659995697,
            0.023434965259876435,
            -0.04286265661227195,
            -0.06430164324002727,
            0.023866133076337358,
            -0.002768698920983205,
            -0.13460499886624147,
            -0.057665336718805756
        ],
        [
            0.056308472859633384,
            0.0318889344738787,
            -0.006085115543281824,
            -0.019060729548244223,
            0.005139379317187666,
            -0.025180914767044257,
            0.001727281451841818,
            -0.00758171107935713,
            -0.021754344986303836,
            0.006580969322499786,
            -0.016781678757771725,
            -0.0071924520440994925,
            -0.0019072155245997953,
            0.016653385835978387,
            0.002198653951064992,
            0.008658803240386816,
            0.0003732029267892484,
            -7.440114014876113e-05,
            0.007371466703815438,
            0.0026347064543268636
        ],
        [
            0.029409050212321212,
            0.009597256619868605,
            -0.017719317466964972,
            -0.032021430520176024,
            0.013526466182421346,
            0.015855977108384888,
            0.10603253892907646,
            -0.055881630390748234,
            0.2814099274365505,
            -0.016781678757771725,
            0.5884108564797197,
            0.2296593323259204,
            -0.018851834321473714,
            0.03755724289381035,
            -0.06290699280450997,
            -0.04211822157735671,
            0.08955068287780991,
            -0.006274908193564896,
            -0.2556170664374191,
            -0.10942853420640603
        ],
        [
            0.017157737559174702,
            0.021101138683669727,
            0.008401569371862342,
