{
    "opt_E": -2.14703526956149,
    "HF_E": -2.1165774052248736,
    "B3LYP_E": -2.118863491986561,
    "sto-3G_E": -2.094152285292255,
    "proj": [
        [
            0.545987787672003,
            0.35931147839979466,
            -0.002504571277321892,
            -0.1781754688390234,
            0.027462354841369507,
            0.038312603866860834,
            0.1709066880745866,
            -0.012106527571041458,
            -0.20889360029913653,
            0.04397724419343732,
            0.05142747974729497,
            0.030427592957958813,
            -0.00525751330140805,
            0.05845571238222667,
            0.006787684303849533,
            0.0023237403643018417,
            -0.03964642787672837,
            0.004423922289847959,
            -0.0327460168954529,
            -0.012200788406924835
        ],
        [
            0.35931147839979466,
            0.2460813082526024,
            -0.000796377624422744,
            -0.08247441986792366,
            0.012301926818472876,
            0.08123065733776272,
            0.12981778657597762,
            -0.0062574292078898235,
            -0.13376493067990736,
            0.025327807163499277,
            0.04496371633210659,
            0.021726668364608223,
            0.0014513861268037626,
            -0.0131577002475593,
            -0.0005877728832218371,
            -0.03533288784423146,
            -0.04755892216800675,
            0.004296112734874228,
            -0.03360186541253347,
            -0.010705308739446704
        ],
        [
            -0.002504571277321892,
            -0.000796377624422744,
            0.0001550244657450077,
            0.006076785113632693,
            -0.001029912766374562,
            0.007502404558541041,
            0.0012230329560609279,
            0.0005267436091322842,
            -0.001696252470686736,
            -0.0006619040862282246,
            -0.0022570358647108725,
            0.0007539945510862389,
            0.00034967226300101385,
            -0.005832038772633809,
            0.0004905101573454169,
            0.0006724753481783577,
            0.0006379538958583428,
            -0.0003824495521991492,
            0.0025964366284673556,
            0.0009722879951836919
        ],
        [
            -0.1781754688390234,
            -0.08247441986792366,
            0.006076785113632693,
            0.25946919877948404,
            -0.04294563819657037,
            0.29447655920005483,
            0.034840255021936856,
            0.01854345640905684,
            0.01015455036188129,
            -0.03237060204836867,
            -0.027621380297811235,
            0.045193085629322616,
            0.015194470231260315,
            -0.2283487398076387,
            0.011754514878945792,
            0.024347492722956735,
            0.03723675129607296,
            -0.00990910940980155,
            0.06494220856573124,
            0.026027541893238398
        ],
        [
            0.027462354841369507,
            0.012301926818472876,
            -0.001029912766374562,
            -0.04294563819657037,
            0.007161004786541269,
            -0.04899045577184447,
            -0.005725897312472683,
            -0.003309183400267667,
            0.002230410281062464,
            0.005232248485512169,
            0.009036074517086745,
            -0.0061325541548492195,
            -0.0025069242329091635,
            0.038780196721462976,
            -0.002333161085746473,
            -0.003542157806799514,
            -0.005191802599926213,
            0.001997801764680502,
            -0.01332207788064142,
            -0.005177247931205012
        ],
        [
            0.038312603866860834,
            0.08123065733776272,
            0.007502404558541041,
            0.29447655920005483,
            -0.04899045577184447,
            0.48978458445129414,
            0.17029984929434613,
            0.01639233791290354,
            -0.039922616842917764,
            -0.024954820334924285,
            0.08398114827714803,
            0.11734206322251496,
            0.02152708455649022,
            -0.3086652732436685,
            0.01340409345064871,
            0.03929245019683166,
            0.04579163107288738,
            -0.0048397403283257515,
            0.023863895119687735,
            0.014009342019512863
        ],
        [
            0.1709066880745866,
            0.12981778657597762,
            0.0012230329560609279,
            0.034840255021936856,
            -0.005725897312472683,
            0.17029984929434613,
            0.11630026835932988,
            -0.0025154146236977706,
            -0.026343141785449407,
            0.0052494927041790455,
            0.11488881875693119,
            0.07327103891056834,
            0.004736172244623021,
            -0.06149528295971848,
            0.0024180526908666924,
            0.03223096243944494,
            0.02356388684424174,
            0.005030477001440976,
            -0.039885595647627406,
            -0.012102097045353687
        ],
        [
            -0.012106527571041458,
            -0.0062574292078898235,
            0.0005267436091322842,
            0.01854345640905684,
            -0.003309183400267667,
            0.01639233791290354,
            -0.0025154146236977706,
            0.0026459929738966827,
            -0.01625340758796525,
            -0.002129020399863235,
            -0.027435638768943768,
            -0.004783082178510623,
            0.0007201950524670921,
            -0.01799835730950992,
            0.003118258691485305,
            0.0018830127411022224,
            -0.0001705349692386382,
            -0.0027688294556218063,
            0.019664048441696773,
            0.006837179685792604
        ],
        [
            -0.20889360029913653,
            -0.13376493067990736,
            -0.001696252470686736,
            0.01015455036188129,
            0.002230410281062464,
            -0.039922616842917764,
            -0.026343141785449407,
            -0.01625340758796525,
            0.3113311977893626,
            -0.014010937960860021,
            0.30284168264984823,
            0.0605943107654818,
            0.005474226288331636,
            0.03898715548186319,
            -0.04192881973489706,
            -0.055509289164806144,
            0.013096642371841757,
            0.028513098601452114,
            -0.20637402989333375,
            -0.0683116410773664
        ],
        [
            0.04397724419343732,
            0.025327807163499277,
            -0.0006619040862282246,
            -0.03237060204836867,
            0.005232248485512169,
            -0.024954820334924285,
            0.0052494927041790455,
            -0.002129020399863235,
            -0.014010937960860021,
            0.005225682351586136,
            0.002521760254175094,
            -0.0017446818740794604,
            -0.0019803954789537463,
            0.02540695043641178,
            0.0003511808559159454,
            0.0033273055412879416,
            -0.0021130733488705926,
            0.0006699686582356979,
            -0.004168883175423404,
            -0.0019346607843416337
        ],
        [
            0.05142747974729497,
            0.04496371633210659,
            -0.0022570358647108725,
            -0.027621380297811235,
            0.009036074517086745,
            0.08398114827714803,
            0.11488881875693119,
            -0.027435638768943768,
            0.30284168264984823,
            0.002521760254175094,
            0.5008043809884609,
            0.16758991669157652,
            0.003962967121229529,
            0.06058950642903813,
            -0.038467828928865855,
            0.0321765276180711,
            0.07294980315906009,
            0.03926575013640528,
            -0.28548956484793253,
            -0.09540792865037119
        ],
        [
            0.030427592957958813,
            0.021726668364608223,
            0.0007539945510862389,
