{
    "opt_E": -2.2198730685115113,
    "HF_E": -2.1895426384788594,
    "B3LYP_E": -2.191190252751225,
    "sto-3G_E": -2.182811774296588,
    "proj": [
        [
            0.5487496424872429,
            0.33269755438803816,
            -0.010986189692683411,
            -0.1735178670450307,
            0.034557529041537124,
            0.03532925634515228,
            0.1800811161636439,
            -0.021977908947751718,
            -0.2527653791542532,
            0.06835606782960484,
            0.02183975557783394,
            0.029802226060258723,
            0.0016707373350130304,
            0.022028490532547525,
            0.004415008702103017,
            -0.004500298391874196,
            -0.02605681354889468,
            -0.005839227902883275,
            -0.013244151362858626,
            0.0027853455789938063
        ],
        [
            0.33269755438803816,
            0.21846558004731942,
            -0.0024322593535378834,
            -0.05009264293886303,
            0.007994409301760168,
            0.11584656069569188,
            0.14072056359448504,
            -0.010897842942577464,
            -0.1388286627229247,
            0.03184961342092958,
            0.019239164476460912,
            0.029037045134221947,
            0.003047563134288183,
            -0.032946466747419634,
            -0.00868424601663288,
            -0.024520180690658075,
            -0.025876451004955666,
            -0.003863859492680093,
            -0.013113550265574358,
            0.0010741423532867273
        ],
        [
            -0.010986189692683411,
            -0.0024322593535378834,
            0.0015373309003588317,
            0.019818216027743266,
            -0.004692735908670526,
            0.026431830306511066,
            0.004378381610096952,
            0.001607213979791515,
            0.005607260947714303,
            -0.00527458020633892,
            -0.00681991637041051,
            0.002435755667224817,
            0.002864570196377307,
            -0.008898706884941683,
            -0.004125686705180561,
            0.0028206575418295177,
            0.0015745749554745816,
            0.0023974534416298207,
            0.006363155258065838,
            -0.0006189465791659878
        ],
        [
            -0.1735178670450307,
            -0.05009264293886303,
            0.019818216027743266,
            0.2599667985745916,
            -0.06062545730896592,
            0.33243786350678817,
            0.04853915561782457,
            0.02005888915190389,
            0.09929578556984746,
            -0.06686564890332938,
            -0.05771472893283991,
            0.033190205959551106,
            0.029651641054380024,
            -0.12614819794442111,
            -0.05009479921466553,
            0.015467863511941718,
            0.014543671829406605,
            0.02320253984471861,
            0.057662256741679484,
            -0.006737835334196696
        ],
        [
            0.034557529041537124,
            0.007994409301760168,
            -0.004692735908670526,
            -0.06062545730896592,
            0.01434139159126928,
            -0.08022166716713369,
            -0.012677518703354103,
            -0.004961405065017047,
            -0.017435596683682632,
            0.016283671998424364,
            0.02165924798203475,
            -0.006218725806703868,
            -0.008354951298492166,
            0.028255607227398914,
            0.012499632262840357,
            -0.005842069825269065,
            -0.003056934420081966,
            -0.007187455634614428,
            -0.018952710162977664,
            0.001882984618573632
        ],
        [
            0.03532925634515228,
            0.11584656069569188,
            0.026431830306511066,
            0.33243786350678817,
            -0.08022166716713369,
            0.5837561099230409,
            0.19994972043969927,
            0.017729258906866354,
            0.03808835139431745,
            -0.06411626464772273,
            -0.025969978674292443,
            0.09418027538592538,
            0.0449195872027833,
            -0.20546885673077203,
            -0.07879129769030646,
            0.02359671901489199,
            0.019192255250869546,
            0.025071295243402646,
            0.05665789280347714,
            -0.007740715993411854
        ],
        [
            0.1800811161636439,
            0.14072056359448504,
            0.004378381610096952,
            0.04853915561782457,
            -0.012677518703354103,
            0.19994972043969927,
            0.1374566051917769,
            -0.006037944913776607,
            -0.030289889187529367,
            0.013795548137329946,
            0.09747259039155834,
            0.08017192646480605,
            0.007950071800426678,
            -0.05864656018967542,
            -0.019267094700175975,
            0.028129753556811122,
            0.028363226540900212,
            -0.00961718600529557,
            -0.03432315098289129,
            0.0014519724512333649
        ],
        [
            -0.021977908947751718,
            -0.010897842942577464,
            0.001607213979791515,
            0.02005888915190389,
            -0.004961405065017047,
            0.017729258906866354,
            -0.006037944913776607,
            0.003087250384975326,
            0.0006716779170455375,
            -0.009155513586949946,
            -0.031992521415135804,
            -0.008046838477654578,
            0.004905962944593978,
            -0.00424459339725477,
            -0.004558172135324805,
            0.0025838072880510123,
            -0.002530270003344756,
            0.006751535378504493,
            0.019987480514616043,
            -0.001419918194735671
        ],
        [
            -0.2527653791542532,
            -0.1388286627229247,
            0.005607260947714303,
            0.09929578556984746,
            -0.017435596683682632,
            0.03808835139431745,
            -0.030289889187529367,
            0.0006716779170455375,
            0.2021317130995568,
            -0.008390672345722782,
            0.2011181786387619,
            0.06005319526345097,
            -0.023928939983744218,
            -0.061332176738004215,
            0.003709827461322991,
            -0.023375309505003692,
            0.03442993213958192,
            -0.03672041805715111,
            -0.11816204860561179,
            0.005587057201504053
        ],
        [
            0.06835606782960484,
            0.03184961342092958,
            -0.00527458020633892,
            -0.06686564890332938,
            0.016283671998424364,
            -0.06411626464772273,
            0.013795548137329946,
            -0.009155513586949946,
            -0.008390672345722782,
            0.027637695082881893,
            0.08632762815310056,
            0.02091064089093299,
            -0.013421937063468439,
            0.020670707889078856,
            0.014392410057228805,
            -0.001736097614017431,
            0.00916462847303689,
            -0.018245557634302783,
            -0.0531726608598941,
            0.003993805938182764
        ],
        [
            0.02183975557783394,
            0.019239164476460912,
            -0.00681991637041051,
            -0.05771472893283991,
            0.02165924798203475,
            -0.025969978674292443,
            0.09747259039155834,
            -0.031992521415135804,
            0.2011181786387619,
            0.08632762815310056,
            0.5873316247047029,
            0.20567560448463143,
            -0.06039411466873425,
            -0.02939690206539694,
            0.036316515129648945,
            0.025789295411937616,
            0.11525035002318687,
            -0.1056282643751081,
            -0.3239436449938733,
            0.02005187479224225
        ],
        [
            0.029802226060258723,
            0.029037045134221947,
            0.002435755667224817,
            0.033190205959551106,
