{
    "opt_E": -2.203115108406716,
    "HF_E": -2.1728952905858874,
    "B3LYP_E": -2.1752008184292295,
    "sto-3G_E": -2.1626779835978542,
    "proj": [
        [
            0.5710379133452825,
            0.35736978874066955,
            -0.010439943555064975,
            -0.1759604635314996,
            0.0019614081800213537,
            -0.004736318204369336,
            0.17012624622886105,
            -0.019856171898018273,
            -0.22187128669015768,
            -0.00041975182918197915,
            0.046457955125354264,
            0.0224035114330552,
            -0.0011621574992878127,
            0.05411447634026128,
            -0.0027201875151588954,
            0.0019045134283585158,
            -0.029452494109902496,
            -0.0007290445194636341,
            -0.0332945398915672,
            0.0011492361569642568
        ],
        [
            0.35736978874066955,
            0.2428787734291623,
            -0.0030983475524162148,
            -0.05715458091755358,
            0.0007240411510822675,
            0.09353000076318027,
            0.1401830077126736,
            -0.009628838113181427,
            -0.13830431521438483,
            0.0010008558090303069,
            0.030189984551646405,
            0.022362237833955353,
            0.0016659600512718574,
            -0.029817206463835958,
            0.0017911934085398844,
            -0.03127509566713656,
            -0.037842655281450845,
            -0.0004878814387208776,
            -0.023667712552487893,
            0.0008068659354220294
        ],
        [
            -0.010439943555064975,
            -0.0030983475524162148,
            0.0010314516022397475,
            0.015452215842414907,
            -0.0001288225072471227,
            0.02134136225609729,
            0.003508978955229267,
            0.0011497290151507304,
            0.0003698107345509698,
            0.0005062198343967365,
            -0.005961360914471362,
            0.0027617337340501064,
            0.0007477219048965373,
            -0.009933054109140898,
            0.0006793411656738019,
            0.003265130056169457,
            0.0018922431325014057,
            7.464036458561528e-05,
            0.00680869640712921,
            -0.00026393128894934223
        ],
        [
            -0.1759604635314996,
            -0.05715458091755358,
            0.015452215842414907,
            0.2344289841885332,
            -0.002047906751390019,
            0.31916043752097484,
            0.051081706322880394,
            0.016971764852307735,
            0.029822561008177824,
            0.0065543016371540615,
            -0.06263177834611253,
            0.043598326246295005,
            0.010558699435700675,
            -0.1604064236848595,
            0.01043517186360198,
            0.02868175002641774,
            0.021270230830225917,
            0.0008601983770784607,
            0.07904276672199718,
            -0.0030840833162919215
        ],
        [
            0.0019614081800213537,
            0.0007240411510822675,
            -0.0001288225072471227,
            -0.002047906751390019,
            2.088577356099715e-05,
            -0.0027282044201634476,
            -0.00046300067722089214,
            -0.0001284663506983959,
            -0.0010158132861578693,
            -1.993474913352267e-05,
            -0.00043123569515263313,
            -0.0004901263529020204,
            -6.85304723478262e-05,
            0.001729906150945153,
            -9.653323245693224e-05,
            0.0003857585149753366,
            2.7994819068832645e-05,
            1.9078920594708754e-06,
            0.00012176370950895181,
            -3.7364971265636827e-06
        ],
        [
            -0.004736318204369336,
            0.09353000076318027,
            0.02134136225609729,
            0.31916043752097484,
            -0.0027282044201634476,
            0.5741648093904075,
            0.20065409372824583,
            0.016888165158261283,
            -0.021116152964918943,
            0.008577184756101083,
            0.0012873666996543896,
            0.11792635895693572,
            0.017011364578685868,
            -0.26398357584492227,
            0.017030528825975975,
            0.04798437712229979,
            0.03305703853282023,
            0.00039503064371404424,
            0.06897436871030725,
            -0.0028887838945050076
        ],
        [
            0.17012624622886105,
            0.1401830077126736,
            0.003508978955229267,
            0.051081706322880394,
            -0.00046300067722089214,
            0.20065409372824583,
            0.13786682616204826,
            -0.003098914546859516,
            -0.026079987288726767,
            -0.00027460987824672603,
            0.10878698201836035,
            0.0809161793696137,
            0.00428017109417835,
            -0.07373777358187446,
            0.004592429765059843,
            0.02673912981714405,
            0.023140771965675683,
            -0.0008535642325480482,
            -0.039748530537176925,
            0.0013098148055953984
        ],
        [
            -0.019856171898018273,
            -0.009628838113181427,
            0.0011497290151507304,
            0.016971764852307735,
            -0.0001284663506983959,
            0.016888165158261283,
            -0.003098914546859516,
            0.0017651467369177382,
            -0.0022468114797828606,
            0.0008739562338403755,
            -0.019639691953445733,
            -0.003359379531171573,
            0.000804726605835612,
            -0.009721893949905665,
            0.0006888407053458219,
            0.00037093606227564914,
            -0.0014166921311660266,
            0.0001866024704430856,
            0.013782602681084312,
            -0.000514357635512297
        ],
        [
            -0.22187128669015768,
            -0.13830431521438483,
            0.0003698107345509698,
            0.029822561008177824,
            -0.0010158132861578693,
            -0.021116152964918943,
            -0.026079987288726767,
            -0.0022468114797828606,
            0.23996211934024858,
            -0.01005010642063654,
            0.26832572483919387,
            0.06554968482689667,
            -0.005123436396908616,
            -0.03495976150774724,
            -0.00029720152166882275,
            -0.04405073655126429,
            0.02896590581945959,
            -0.0022341370922177163,
            -0.17756761891181244,
            0.006630575494036475
        ],
        [
            -0.00041975182918197915,
            0.0010008558090303069,
            0.0005062198343967365,
            0.0065543016371540615,
            -1.993474913352267e-05,
            0.008577184756101083,
            -0.00027460987824672603,
            0.0008739562338403755,
            -0.01005010642063654,
            0.000769759500097146,
            -0.018783742162250358,
            -0.0038653606847647458,
            0.0005588751501377297,
            -0.0030892600437159115,
            0.0003238377729715689,
            0.0019265166632161737,
            -0.0016511290741317794,
            0.00016699114328990583,
            0.012842710311765097,
            -0.00047966909635086766
        ],
        [
            0.046457955125354264,
            0.030189984551646405,
            -0.005961360914471362,
            -0.06263177834611253,
            -0.00043123569515263313,
            0.0012873666996543896,
            0.10878698201836035,
            -0.019639691953445733,
            0.26832572483919387,
            -0.018783742162250358,
            0.5597455819686864,
            0.18568794144227438,
            -0.008387253731730784,
            0.005891656929145087,
            -0.0031203988859422344,
            0.024036652150958498,
            0.09858783415486011,
            -0.004682989175364094,
            -0.33131006497947374,
            0.01217793125639463
        ],
        [
