{
    "opt_E": -2.2010231422569446,
    "HF_E": -2.172629550250411,
    "B3LYP_E": -2.1740704131339967,
    "sto-3G_E": -2.169390078687072,
    "proj": [
        [
            0.5255346567136964,
            0.3267463571547328,
            0.027205824904199524,
            -0.16414867223396853,
            -0.05684854972838642,
            0.059593511051149815,
            0.18670313380419662,
            0.04076479650690454,
            -0.2439818173999998,
            -0.09538487536803368,
            0.02876253177649107,
            0.029122634567432908,
            -0.002004414421037185,
            0.017431424662916202,
            0.001334505279297445,
            0.006273790577179233,
            -0.022765421840230293,
            0.0018367636651091552,
            -0.02060350100846173,
            -0.0009561301164831504
        ],
        [
            0.3267463571547328,
            0.21533143306106067,
            0.009839440337245858,
            -0.05940190746753758,
            -0.01996674794411043,
            0.1086298872757164,
            0.1393591683495482,
            0.02258603558380805,
            -0.13617053511829788,
            -0.05101839487374214,
            0.031268377861873926,
            0.025739192264429635,
            0.005630846629562496,
            -0.0382392612976443,
            -0.0004573043097490258,
            -0.0251809313286383,
            -0.027597041385857717,
            0.0027375444610274113,
            -0.02760511079491762,
            -0.000340545317376168
        ],
        [
            0.027205824904199524,
            0.009839440337245858,
            0.0075221244337588655,
            -0.045564220282880284,
            -0.016595177467573462,
            -0.054865697584422224,
            -0.0053599828239300025,
            0.0024750189616102257,
            -0.013363285045167206,
            -0.011264514370013608,
            0.011743301618745521,
            -0.006893877909333603,
            -0.004100592853703004,
            0.021173510697211993,
            0.002451734203085584,
            -0.003475375262269797,
            -0.0035791531731886096,
            0.0014783230651719853,
            -0.015576999280150727,
            0.00046357408360622195
        ],
        [
            -0.16414867223396853,
            -0.05940190746753758,
            -0.045564220282880284,
            0.27601794835119337,
            0.1005485862637682,
            0.3326017824170626,
            0.032675315877115245,
            -0.014871713250560107,
            0.08019186405302417,
            0.06809755628379285,
            -0.0715605005688979,
            0.04258691330641283,
            0.024685870963267676,
            -0.1265248754565909,
            -0.014935856147209605,
            0.024000493640850544,
            0.023333862054066942,
            -0.009116517000261384,
            0.09593974859223284,
            -0.0028536512171576283
        ],
        [
            -0.05684854972838642,
            -0.01996674794411043,
            -0.016595177467573462,
            0.1005485862637682,
            0.036686672617242795,
            0.12228506897318936,
            0.012382731129787198,
            -0.004880811753901963,
            0.025879989191805102,
            0.02433620680620325,
            -0.03023780311654962,
            0.01497088344525196,
            0.008953965822568546,
            -0.0448184565205935,
            -0.0056420260844194095,
            0.010105100422636383,
            0.008584483642586554,
            -0.003676819372993043,
            0.038500744856456874,
            -0.0011453429846398795
        ],
        [
            0.059593511051149815,
            0.1086298872757164,
            -0.054865697584422224,
            0.3326017824170626,
            0.12228506897318936,
            0.5671530891505482,
            0.1808418462035904,
            -0.0043848213042660235,
            0.013932274194829737,
            0.05047284638047807,
            -0.01828740779989321,
            0.10656187978093619,
            0.03869538122444179,
            -0.20786122831298304,
            -0.020114522543675215,
            0.03631136065552588,
            0.030602988943805826,
            -0.007732338454162771,
            0.08342810344517874,
            -0.003605967179092737
        ],
        [
            0.18670313380419662,
            0.1393591683495482,
            -0.0053599828239300025,
            0.032675315877115245,
            0.012382731129787198,
            0.1808418462035904,
            0.13066414733713497,
            0.00499715320829628,
            -0.03129903123731053,
            -0.016508180884924697,
            0.10551999088851774,
            0.07382638850161725,
            0.009770041566456025,
            -0.0615303539716216,
            -0.0020511158585904375,
            0.02828205719497285,
            0.024699000743905398,
            0.004722983062409418,
            -0.04667493234734703,
            0.0003705905866721382
        ],
        [
            0.04076479650690454,
            0.02258603558380805,
            0.0024750189616102257,
            -0.014871713250560107,
            -0.004880811753901963,
            -0.0043848213042660235,
            0.00499715320829628,
            0.005963782450943734,
            -0.03632808736805524,
            -0.008452718496389051,
            -0.03480199591396292,
            -0.009627094509212189,
            -0.0009810434827429986,
            0.012097926081228226,
            -0.0009340848393343308,
            0.0017081664698639476,
            -0.006366890968853551,
            -0.0024027290732047393,
            0.023832719008946082,
            -0.0007377363124718869
        ],
        [
            -0.2439818173999998,
            -0.13617053511829788,
            -0.013363285045167206,
            0.08019186405302417,
            0.025879989191805102,
            0.013932274194829737,
            -0.03129903123731053,
            -0.03632808736805524,
            0.2217573235400854,
            0.04928128864597098,
            0.22022742865884423,
            0.05810847590678376,
            0.005146742788038016,
            -0.07078085342843475,
            0.006480803456067831,
            -0.012799553483947887,
            0.03788866085505139,
            0.015429638591571876,
            -0.15328187554434447,
            0.004727714895554967
        ],
        [
            -0.09538487536803368,
            -0.05101839487374214,
            -0.011264514370013608,
            0.06809755628379285,
            0.02433620680620325,
            0.05047284638047807,
            -0.016508180884924697,
            -0.008452718496389051,
            0.04928128864597098,
            0.024101231673610817,
            -0.007919707657370878,
            0.003901900476242253,
            0.004985891147929816,
            -0.02989759090019026,
            -0.0023273031490237267,
            -0.0038573299064752764,
            0.003802327843160786,
            -0.0009325888065115933,
            0.010505168176230513,
            -0.0001369116852512877
        ],
        [
            0.02876253177649107,
            0.031268377861873926,
            0.011743301618745521,
            -0.0715605005688979,
            -0.03023780311654962,
            -0.01828740779989321,
            0.10551999088851774,
            -0.03480199591396292,
            0.22022742865884423,
            -0.007919707657370878,
            0.5487068912549011,
            0.17845973499149193,
            -0.004408513060819427,
            -0.03866041454633603,
            0.018534456727313738,
            0.07613831625090607,
            0.11808918679112901,
            0.034888685566257155,
            -0.3516445827229398,
            0.009375086298902224
        ],
        [
            0.029122634567432908,
            0.025739192264429635,
            -0.006893877909333603,
