{
    "opt_E": -2.2153999139067606,
    "HF_E": -2.1839208725547907,
    "B3LYP_E": -2.186498461023958,
    "sto-3G_E": -2.1743935447531175,
    "proj": [
        [
            0.5828414607049697,
            0.3599906598483501,
            -0.049942015407336164,
            -0.16184286791220168,
            -0.0007583776869465085,
            -0.01937491349871766,
            0.16614978013486978,
            -0.08722223018760837,
            -0.20918923481212956,
            0.00128041950607267,
            0.03594816101579169,
            0.0218333535514583,
            0.0005865376004344085,
            0.05047167050420578,
            0.0018157782682944551,
            -0.000956558480483957,
            -0.023820477517737637,
            0.0008068447249931656,
            -0.024829640921318424,
            -7.253957133690978e-05
        ],
        [
            0.3599906598483501,
            0.24432385963873007,
            -0.013144981739595173,
            -0.047087516745206046,
            -0.0003444892356860034,
            0.09682621313944022,
            0.1423782378852682,
            -0.044114188268289375,
            -0.13104492256483105,
            -0.000211310533992122,
            0.020102000098294853,
            0.023727612416566915,
            0.0026262779010948617,
            -0.029705903599037548,
            -0.00116798169218553,
            -0.026955579119585703,
            -0.03327422298120076,
            8.951439719209325e-05,
            -0.013746046287455712,
            -7.260494977281715e-05
        ],
        [
            -0.049942015407336164,
            -0.013144981739595173,
            0.021229951036581533,
            0.0635102689975524,
            0.00012909070515248637,
            0.10052190076507798,
            0.018713748306738838,
            0.01683241559646824,
            0.004491625435346368,
            -0.0015009895389095412,
            -0.024067407087701713,
            0.010607032005223777,
            0.0003752164291021543,
            -0.04296329178269128,
            -0.0021964196253025604,
            0.012633192131640044,
            0.003677397311689236,
            -0.0018509460070923473,
            0.02447219245164302,
            0.00025562550437456527
        ],
        [
            -0.16184286791220168,
            -0.047087516745206046,
            0.0635102689975524,
            0.19082518785203453,
            0.00042259246241372044,
            0.29816496125465247,
            0.05421870258770135,
            0.0513321336579936,
            0.026244832650394182,
            -0.004127646278747575,
            -0.05633065756692461,
            0.034690976313384636,
            0.0016967604459908257,
            -0.13199625438624518,
            -0.006484708339956376,
            0.030204122855558024,
            0.01016273585283507,
            -0.0048082548315470895,
            0.06245314374392858,
            0.0006268391934595454
        ],
        [
            -0.0007583776869465085,
            -0.0003444892356860034,
            0.00012909070515248637,
            0.00042259246241372044,
            2.4423024830896615e-06,
            0.0005512947306909417,
            8.256831846497394e-05,
            0.00013750348941350864,
            0.0005691803526341962,
            6.895796482189902e-06,
            0.0005510861506318314,
            0.0001657614064215476,
            3.3426786355619605e-05,
            -0.0004990987352140676,
            -1.1012457788692236e-05,
            -0.00040992687961364523,
            -0.0001120069516395103,
            2.373360020609266e-05,
            -0.0003699830738771008,
            -5.138373535201699e-06
        ],
        [
            -0.01937491349871766,
            0.09682621313944022,
            0.10052190076507798,
            0.29816496125465247,
            0.0005512947306909417,
            0.5994619427515704,
            0.21405445181509233,
            0.055035699814419706,
            -0.019636783304543347,
            -0.006033774110351446,
            -0.015139209665473538,
            0.1094789353821798,
            0.0059822756746113065,
            -0.24928761450311293,
            -0.011855701685150575,
            0.05083141835033409,
            0.017607472805822887,
            -0.0064083374374089164,
            0.06788369208769089,
            0.0006787009327562394
        ],
        [
            0.16614978013486978,
            0.1423782378852682,
            0.018713748306738838,
            0.05421870258770135,
            8.256831846497394e-05,
            0.21405445181509233,
            0.14626555596752058,
            -0.010113000802270334,
            -0.021405084100664395,
            0.0003350201323565367,
            0.10836236928026223,
            0.08527595411242059,
            0.004664816930541559,
            -0.07750021392590392,
            -0.003185193285522856,
            0.020634369492552297,
            0.021090389486979187,
            0.001390675903309656,
            -0.0374112429360626,
            -0.0004286959498067889
        ],
        [
            -0.08722223018760837,
            -0.044114188268289375,
            0.01683241559646824,
            0.0513321336579936,
            0.00013750348941350864,
            0.055035699814419706,
            -0.010113000802270334,
            0.018658144866141205,
            0.017980531833347253,
            -0.001216077089275713,
            -0.030970810766592187,
            -0.003939564991521448,
            2.6090748016083918e-05,
            -0.030678495305531954,
            -0.0014627970607812148,
            -6.241251281389008e-05,
            -0.002592883223788511,
            -0.0014184922263555265,
            0.021333517583021898,
            0.0002076576435191202
        ],
        [
            -0.20918923481212956,
            -0.13104492256483105,
            0.004491625435346368,
            0.026244832650394182,
            0.0005691803526341962,
            -0.019636783304543347,
            -0.021405084100664395,
            0.017980531833347253,
            0.20653644089760823,
            0.005616320337016372,
            0.25891371785112993,
            0.07372803852681467,
            0.00732045899703774,
            -0.0340618649393517,
            0.0012812197000904668,
            -0.049857653844654064,
            0.03196761202247604,
            0.010305442055322724,
            -0.1540552361947341,
            -0.001951505739127305
        ],
        [
            0.00128041950607267,
            -0.000211310533992122,
            -0.0015009895389095412,
            -0.004127646278747575,
            6.895796482189902e-06,
            -0.006033774110351446,
            0.0003350201323565367,
            -0.001216077089275713,
            0.005616320337016372,
            0.00032288969537467915,
            0.01244032591228986,
            0.0030596506142234452,
            0.00026712595836419286,
            0.0017223942301193755,
            0.00018877659881829425,
            -0.0018905230467410987,
            0.001344347841643605,
            0.000514194865941021,
            -0.007708394833109294,
            -9.144983829682696e-05
        ],
        [
            0.03594816101579169,
            0.020102000098294853,
            -0.024067407087701713,
            -0.05633065756692461,
            0.0005510861506318314,
            -0.015139209665473538,
            0.10836236928026223,
            -0.030970810766592187,
            0.25891371785112993,
            0.01244032591228986,
            0.5827748991502391,
            0.21058672541797027,
            0.01343830400822099,
            -0.005886850256978359,
            0.0038039891643555823,
            -0.007745084972695675,
            0.10841874261605887,
            0.020274576050861325,
            -0.31742858334029245,
            -0.0037878003907117173
        ],
        [
            0.0218333535514583,
