{
    "opt_E": -2.205203423923517,
    "HF_E": -2.1734643678335175,
    "B3LYP_E": -2.175824018155237,
    "sto-3G_E": -2.1598976987063425,
    "proj": [
        [
            0.553505223165628,
            0.3387647216851053,
            0.0014819860506627086,
            -0.1808881633927586,
            0.012801496311646824,
            0.029055350135040365,
            0.17567586974717417,
            -0.016161478107795415,
            -0.2476232673897194,
            0.011150912784000275,
            0.04678792962652295,
            0.02531176396171891,
            -0.0005500439349181533,
            0.0405484033655892,
            -0.004236594650521221,
            -0.003137976754631049,
            -0.03117202600148733,
            -0.00935478571308609,
            -0.02277513782513517,
            0.00016658282480754694
        ],
        [
            0.3387647216851053,
            0.22444819197340451,
            0.002163267840892055,
            -0.053470407375268786,
            0.004333437729908579,
            0.11113694064004884,
            0.13560366874975915,
            -0.005090868482203623,
            -0.14720011070837719,
            0.008352834926479912,
            0.022300053442587214,
            0.022568504749492475,
            0.01019837064935079,
            -0.02932529191736152,
            0.004834154305397847,
            -0.02510629144990373,
            -0.03442682904275525,
            -0.0032519394326963554,
            -0.01018054935260685,
            0.00024114154574600132
        ],
        [
            0.0014819860506627086,
            0.002163267840892055,
            0.00011339177143653638,
            0.004238004169725728,
            -0.00025403554132436554,
            0.007812183831236412,
            0.0029731238259037467,
            0.00034459643032940483,
            -0.00039553544807495515,
            0.0001585629494700367,
            -7.448509383952136e-05,
            0.0017223710191952893,
            0.0012259252982281554,
            -0.003184429649206228,
            0.0005602670671386345,
            0.00134894424601545,
            0.0008077079944650417,
            0.00032438642586016475,
            0.0008946749417832557,
            -2.155185475347797e-05
        ],
        [
            -0.1808881633927586,
            -0.053470407375268786,
            0.004238004169725728,
            0.2684422840937914,
            -0.016984036051983224,
            0.32832364083162213,
            0.04348563437511782,
            0.026764863558864732,
            0.07806344126572795,
            0.004447697828669657,
            -0.06388020769437194,
            0.03775097148678388,
            0.053406156545319564,
            -0.1738496046236002,
            0.027875425243805346,
            0.02134529971676962,
            0.01659208907566192,
            0.021424752254090827,
            0.05854198247176231,
            -0.0012953521090147265
        ],
        [
            0.012801496311646824,
            0.004333437729908579,
            -0.00025403554132436554,
            -0.016984036051983224,
            0.0010789176900444502,
            -0.01995795719515474,
            -0.002057305631756623,
            -0.0017122396170400282,
            -0.005461179886430617,
            -0.0002510510793791506,
            0.004270207693056407,
            -0.002122427549254953,
            -0.0032785925288089704,
            0.01078533918570578,
            -0.0017226107667385993,
            -0.0012455658113894816,
            -0.0010267780216770045,
            -0.0013637157822364236,
            -0.0037351036816831566,
            8.297399887558174e-05
        ],
        [
            0.029055350135040365,
            0.11113694064004884,
            0.007812183831236412,
            0.32832364083162213,
            -0.01995795719515474,
            0.5565059775329995,
            0.18830976274212438,
            0.02491518128896207,
            0.016240528972490287,
            0.008491157937155528,
            -0.000278370391028612,
            0.10424662335728288,
            0.07850886113444931,
            -0.25826216093433985,
            0.04120877958532899,
            0.027317015536639785,
            0.01969180046455194,
            0.019017897284056243,
            0.04487743336123597,
            -0.0005052623733657629
        ],
        [
            0.17567586974717417,
            0.13560366874975915,
            0.0029731238259037467,
            0.04348563437511782,
            -0.002057305631756623,
            0.18830976274212438,
            0.1323030104528962,
            -0.009400702313999608,
            -0.02524880757579211,
            -0.0009702437988886887,
            0.11751422347177026,
            0.084691829551132,
            0.01599206058716352,
            -0.05816558456917078,
            0.00897117662709681,
            0.02339356527364472,
            0.026531517089797313,
            -0.009654948802752346,
            -0.03752619098676647,
            0.0016511879611467294
        ],
        [
            -0.016161478107795415,
            -0.005090868482203623,
            0.00034459643032940483,
            0.026764863558864732,
            -0.0017122396170400282,
            0.02491518128896207,
            -0.009400702313999608,
            0.010798778063615733,
            -0.02407925802179929,
            0.005212536625067299,
            -0.07507290906308899,
            -0.020926828197672488,
            0.012613762443743747,
            -0.015199923786069353,
            0.0040005526196318685,
            0.010813751765539845,
            -0.0059684432189279065,
            0.011577833035338245,
            0.039881766478812065,
            -0.0015300527275490593
        ],
        [
            -0.2476232673897194,
            -0.14720011070837719,
            -0.00039553544807495515,
            0.07806344126572795,
            -0.005461179886430617,
            0.016240528972490287,
            -0.02524880757579211,
            -0.02407925802179929,
            0.2300725627556794,
            -0.023125184809255694,
            0.24047717315794098,
            0.0762635620839037,
            -0.030143777620512915,
            -0.0331382682058481,
            -0.0026249795473557666,
            -0.05352864303465563,
            0.028425035519692377,
            -0.03306039130389554,
            -0.12473394395237171,
            0.0055109782840051915
        ],
        [
            0.011150912784000275,
            0.008352834926479912,
            0.0001585629494700367,
            0.004447697828669657,
            -0.0002510510793791506,
            0.008491157937155528,
            -0.0009702437988886887,
            0.005212536625067299,
            -0.023125184809255694,
            0.0032689979835574413,
            -0.040666110173303065,
            -0.011735032474450423,
            0.006327001182541276,
            -0.0034952922432278616,
            0.0015940912167834254,
            0.007028746434531278,
            -0.0038956367176487664,
            0.006042725658008323,
            0.02147700860242012,
            -0.0008686545978515734
        ],
        [
            0.04678792962652295,
            0.022300053442587214,
            -7.448509383952136e-05,
            -0.06388020769437194,
            0.004270207693056407,
            -0.000278370391028612,
            0.11751422347177026,
            -0.07507290906308899,
            0.24047717315794098,
            -0.040666110173303065,
            0.6001273432244885,
            0.21648676519792145,
            -0.06778735528100577,
            0.035881126072528136,
            -0.016850833570501846,
            -0.033341644853007224,
            0.08895690537030412,
            -0.08264108937115193,
            -0.29195407231596854,
            0.011653278447497632
        ],
        [
            0.02531176396171891,
            0.022568504749492475,
