{
    "opt_E": -2.1793435762570366,
    "HF_E": -2.147564958713598,
    "B3LYP_E": -2.150402368058384,
    "sto-3G_E": -2.1290770007956907,
    "proj": [
        [
            0.5662343400307284,
            0.35987837946823586,
            -0.004956273032347742,
            -0.16739990168245242,
            -0.057067568356560364,
            0.011062111445909548,
            0.16804174838311864,
            0.010041369258339412,
            -0.19931321542956748,
            -0.0883113512542169,
            0.048455673760629196,
            0.02714877657300736,
            0.009036764426193002,
            0.060462170838474646,
            -0.002118262721444164,
            -0.002350255367781328,
            -0.03304299728618298,
            -0.0002621652426280124,
            -0.029301688177488808,
            0.005275436165994427
        ],
        [
            0.35987837946823586,
            0.24375916474823756,
            -0.002732195466024865,
            -0.060957964451224984,
            -0.01986913257839045,
            0.08979583336315884,
            0.13326826978980502,
            0.001425126147921219,
            -0.1332089330120035,
            -0.049961147644698,
            0.03009121233130541,
            0.022035330011787643,
            -0.004624062799009665,
            -0.02109527488245284,
            -0.005065766053222821,
            -0.029145062214902442,
            -0.04005610860154847,
            -0.000431153713126023,
            -0.01733195727051207,
            0.0024442907184827017
        ],
        [
            -0.004956273032347742,
            -0.002732195466024865,
            6.0983982837463225e-05,
            0.002642377284695194,
            0.0009053736935220705,
            0.0023445950693271344,
            -0.00039664700560539107,
            -1.3656369634505214e-05,
            0.0025945166579766634,
            0.0010303106391589302,
            0.0013559904506422133,
            0.0005298728113287264,
            -0.00028983437987372193,
            -0.002048676430270568,
            6.483410452033643e-05,
            -0.0009106707559325068,
            -2.3511547049162513e-05,
            -5.688126333415817e-05,
            -0.0006696075215372188,
            0.0001221902568747618
        ],
        [
            -0.16739990168245242,
            -0.060957964451224984,
            0.002642377284695194,
            0.21021255380845758,
            0.0751403518227815,
            0.2850297126214482,
            0.04228416135090519,
            -0.023906639356758633,
            0.013194074364167783,
            0.04474254708740762,
            -0.03646080987359195,
            0.035565721567962075,
            -0.03851495657912808,
            -0.18362362333786353,
            -0.02493764520323267,
            0.02788338416645619,
            0.019928533756864184,
            0.001973581406810341,
            0.05577081102586342,
            -0.012167363930975197
        ],
        [
            -0.057067568356560364,
            -0.01986913257839045,
            0.0009053736935220705,
            0.0751403518227815,
            0.026936812036354514,
            0.10246827406930405,
            0.015167838758671984,
            -0.00924183866654912,
            0.00030916432198730244,
            0.01535245708637049,
            -0.01860444028656621,
            0.010945476023293202,
            -0.014092428803575413,
            -0.0663684542400037,
            -0.009479380012448035,
            0.01046960215042616,
            0.006242877664479111,
            0.0008739275657509854,
            0.022991208321631353,
            -0.004972076922799946
        ],
        [
            0.011062111445909548,
            0.08979583336315884,
            0.0023445950693271344,
            0.2850297126214482,
            0.10246827406930405,
            0.531986802164076,
            0.18744220286779367,
            -0.027394227163836493,
            -0.03589459856120958,
            0.03647156103556159,
            0.04988547478845623,
            0.11105624081466292,
            -0.0612399202672444,
            -0.2942087124619885,
            -0.03906042621296656,
            0.04033669707068866,
            0.027926121763311502,
            0.0008575801547119052,
            0.037208320696534534,
            -0.009560784941929216
        ],
        [
            0.16804174838311864,
            0.13326826978980502,
            -0.00039664700560539107,
            0.04228416135090519,
            0.015167838758671984,
            0.18744220286779367,
            0.1283691858616512,
            0.004024864841780959,
            -0.02083652178273367,
            -0.009562010818267125,
            0.11927248460273866,
            0.08135284952596547,
            -0.013772603109923046,
            -0.06702438446480082,
            -0.007951504705305278,
            0.023659208715246967,
            0.022649229581668213,
            -0.001992107517971213,
            -0.03849252848314292,
            0.007053694015652517
        ],
        [
            0.010041369258339412,
            0.001425126147921219,
            -1.3656369634505214e-05,
            -0.023906639356758633,
            -0.00924183866654912,
            -0.027394227163836493,
            0.004024864841780959,
            0.009703384608112245,
            0.036616900473958304,
            -0.0007188373944482661,
            0.06405069996272222,
            0.01633606482271217,
            0.006767823377514494,
            0.02335623342614189,
            0.008092920316128188,
            -0.010974028792090564,
            0.004037884385154226,
            -0.0020096604609728124,
            -0.038882132523088815,
            0.007918834448842667
        ],
        [
            -0.19931321542956748,
            -0.1332089330120035,
            0.0025945166579766634,
            0.013194074364167783,
            0.00030916432198730244,
            -0.03589459856120958,
            -0.02083652178273367,
            0.036616900473958304,
            0.256352073494929,
            0.04258609224579245,
            0.2903456652761783,
            0.07833850074998225,
            0.016381133652591855,
            0.01968702613405016,
            0.03430726710158242,
            -0.07005667911020633,
            0.0214119477217333,
            -0.009708289722662935,
            -0.17084636556578914,
            0.034465454682068596
        ],
        [
            -0.0883113512542169,
            -0.049961147644698,
            0.0010303106391589302,
            0.04474254708740762,
            0.01535245708637049,
            0.03647156103556159,
            -0.009562010818267125,
            -0.0007188373944482661,
            0.04258609224579245,
            0.017603616571095937,
            0.018297628762266895,
            0.008949650878691099,
            -0.004739311851289641,
            -0.031018793746841983,
            0.0002782068269317619,
            -0.007307982927018639,
            0.004371770472640131,
            -0.0007031163165201991,
            -0.0070749263593650165,
            0.0013011414527438236
        ],
        [
            0.048455673760629196,
            0.03009121233130541,
            0.0013559904506422133,
            -0.03646080987359195,
            -0.01860444028656621,
            0.04988547478845623,
            0.11927248460273866,
            0.06405069996272222,
            0.2903456652761783,
            0.018297628762266895,
            0.5465780855662282,
            0.20276251367763487,
            0.02364484633661712,
            0.05269540870928255,
            0.04181411482839791,
            -0.01964905283788197,
            0.08164664848921581,
            -0.015078134048420412,
            -0.28404244971454845,
            0.05736411100656375
        ],
        [
            0.02714877657300736,
            0.022035330011787643,
            0.0005298728113287264,
