{
    "opt_E": -2.175301661654509,
    "HF_E": -2.144751010765019,
    "B3LYP_E": -2.1469118885953695,
    "sto-3G_E": -2.1285857169844404,
    "proj": [
        [
            0.5699280412154626,
            0.36714956387265996,
            0.041690276994215444,
            -0.17252872581192166,
            0.010434547218720544,
            -0.0034190913638417406,
            0.16828816510105393,
            0.0704193960982341,
            -0.19313585244906306,
            0.011965502590234598,
            0.04069594201615229,
            0.026525846161644266,
            0.002617726612749628,
            0.0600777323273539,
            -0.00035402785292288063,
            -0.0003971973552720583,
            -0.029534544385644904,
            -0.004731698523253985,
            -0.032110184966302385,
            -0.007748277908393388
        ],
        [
            0.36714956387265996,
            0.25326155689184643,
            0.014861106397385864,
            -0.06542018176962153,
            0.004005787971518553,
            0.08280676878041997,
            0.13843962761997317,
            0.03811768914893662,
            -0.12703428950066534,
            0.006821051660271387,
            0.03379177047545261,
            0.023586355976648734,
            -0.002966651812894931,
            -0.02592216413854193,
            -0.0008429945738265565,
            -0.03521871793990707,
            -0.03948065262715475,
            -0.003963847570355637,
            -0.03024562978120374,
            -0.005974267731489435
        ],
        [
            0.041690276994215444,
            0.014861106397385864,
            0.015239501128235603,
            -0.057577075339026465,
            0.003409071911681108,
            -0.07927650575303787,
            -0.012998245176959617,
            0.012482502747019422,
            0.005955033866129967,
            0.0009281341324567133,
            0.016038316208361138,
            -0.010216005643465,
            -9.361617340449532e-05,
            0.04490400751715005,
            -0.006038339369889936,
            -0.008868063500207642,
            -0.0061769795879605075,
            -0.004176845915096389,
            -0.022343990918089293,
            -0.005272385200063932
        ],
        [
            -0.17252872581192166,
            -0.06542018176962153,
            -0.057577075339026465,
            0.2189103921153296,
            -0.012934998066557254,
            0.2978248827962488,
            0.04717796124882211,
            -0.04791627732146262,
            -0.0035309714102473963,
            -0.004396734411586276,
            -0.04094643533468221,
            0.041797042283400324,
            -0.0012466794439024438,
            -0.17268183748314117,
            0.020248241668178884,
            0.027528211343697945,
            0.023069233641354308,
            0.013255521087788259,
            0.06930844037274055,
            0.01683808562715052
        ],
        [
            0.010434547218720544,
            0.004005787971518553,
            0.003409071911681108,
            -0.012934998066557254,
            0.0007684000942220005,
            -0.017269401560900947,
            -0.0024152248115413997,
            0.002896953483379243,
            0.0006743430474994876,
            0.00023806714329453724,
            0.003583674050743603,
            -0.0017963342610266724,
            9.758161763704962e-05,
            0.010538238168746357,
            -0.0011651879453954048,
            -0.0006541765521812304,
            -0.0006241446621370866,
            -0.0008427474422387223,
            -0.004449787635651052,
            -0.001076466010346853
        ],
        [
            -0.0034190913638417406,
            0.08280676878041997,
            -0.07927650575303787,
            0.2978248827962488,
            -0.017269401560900947,
            0.5459211261028106,
            0.19412459102306387,
            -0.04474174398684078,
            -0.053674187054347,
            -0.004025278473376185,
            0.042335450659079586,
            0.11876623541206864,
            -0.005581857255367125,
            -0.2823359288842716,
            0.028877347949431826,
            0.05070390773008142,
            0.03860997699763798,
            0.011475472466076083,
            0.04792719086011514,
            0.013783217535511084
        ],
        [
            0.16828816510105393,
            0.13843962761997317,
            -0.012998245176959617,
            0.04717796124882211,
            -0.0024152248115413997,
            0.19412459102306387,
            0.13170602077776483,
            0.008879111966816691,
            -0.02942553994524682,
            0.00010949146026688582,
            0.10589449102037544,
            0.07677079378609765,
            -0.0039375645364614995,
            -0.07466171492201698,
            0.005064021488771196,
            0.03184259161461358,
            0.0237233752472519,
            -0.004988721627891975,
            -0.03832152313419678,
            -0.007099029674595153
        ],
        [
            0.0704193960982341,
            0.03811768914893662,
            0.012482502747019422,
            -0.04791627732146262,
            0.002896953483379243,
            -0.04474174398684078,
            0.008879111966816691,
            0.01357226216110356,
            -0.004773390081107108,
            0.0011771930291259551,
            0.026552202493919326,
            0.0028284347158337546,
            0.00015846805973447346,
            0.03435172959470724,
            -0.0036918992478288813,
            0.003063103004962526,
            0.0009279178842982893,
            -0.00378246059616802,
            -0.021337988066081944,
            -0.004962024560725351
        ],
        [
            -0.19313585244906306,
            -0.12703428950066534,
            0.005955033866129967,
            -0.0035309714102473963,
            0.0006743430474994876,
            -0.053674187054347,
            -0.02942553994524682,
            -0.004773390081107108,
            0.26793901888096033,
            -0.012087739181378626,
            0.2915101850446852,
            0.05728261526165422,
            -0.018884628047959415,
            -0.0025280840911803084,
            -0.03361899212266009,
            -0.040456001872587535,
            0.024023604743888326,
            -0.03523475122650421,
            -0.20895375960607818,
            -0.04329829586222779
        ],
        [
            0.011965502590234598,
            0.006821051660271387,
            0.0009281341324567133,
            -0.004396734411586276,
            0.00023806714329453724,
            -0.004025278473376185,
            0.00010949146026688582,
            0.0011771930291259551,
            -0.012087739181378626,
            0.0006407114881662782,
            -0.012657292294428558,
            -0.0035738523167825197,
            0.0009069087646175336,
            0.0038629783841449615,
            0.0011258848648402907,
            0.0013700877811554696,
            -0.0015172190616346936,
            0.001353879170501482,
            0.008240035164900041,
            0.0016538095589128088
        ],
        [
            0.04069594201615229,
            0.03379177047545261,
            0.016038316208361138,
            -0.04094643533468221,
            0.003583674050743603,
            0.042335450659079586,
            0.10589449102037544,
            0.026552202493919326,
            0.2915101850446852,
            -0.012657292294428558,
            0.5137930879444874,
            0.17023643510201564,
            -0.021293851869757286,
            0.01709787850776597,
            -0.03571847987449038,
            0.05321700132845242,
            0.09681264514645994,
            -0.051446970472704134,
            -0.31005864717833453,
            -0.0650058930628336
        ],
        [
            0.026525846161644266,
            0.023586355976648734,
