{
    "opt_E": -2.204333303569427,
    "HF_E": -2.1730699759684686,
    "B3LYP_E": -2.1751473912564343,
    "sto-3G_E": -2.1577194368462056,
    "proj": [
        [
            0.5826045778713629,
            0.3661505851885736,
            -8.938078221433169e-05,
            -0.1778751053151609,
            0.008652611221845016,
            -0.026086194651516816,
            0.16215024803198694,
            0.0028333460958139527,
            -0.20803207547024793,
            0.030050633914581456,
            0.03905168615008191,
            0.023993167763432247,
            0.002269933291261347,
            0.05009796439630817,
            0.011069479065152231,
            -0.002123667749877881,
            -0.024971418648193962,
            0.00021569429401885923,
            -0.02497112325881487,
            0.015630580047704113
        ],
        [
            0.3661505851885736,
            0.2540656488265718,
            -0.00014702013253151111,
            -0.05235608122219012,
            0.0015751926938628229,
            0.09661650817127794,
            0.14309317636392654,
            0.00030900520809404704,
            -0.1363633023119399,
            0.010979130984817778,
            0.018332126929212756,
            0.024280101723137656,
            -0.0012736658509872243,
            -0.030411789597498122,
            -0.005677010953848597,
            -0.030367851337517404,
            -0.03259925250231783,
            -0.000119169886122118,
            -0.016578181466944623,
            0.0060251303993820405
        ],
        [
            -8.938078221433169e-05,
            -0.00014702013253151111,
            1.2617399767309383e-06,
            -0.0002902540738819289,
            2.2669181548205298e-05,
            -0.0005180359217285137,
            -0.0001482787626951522,
            2.1643762297089658e-05,
            0.00035835448510198063,
            0.0001258779944788261,
            0.0005831158141755139,
            1.907307623444441e-05,
            1.3824844157200833e-05,
            7.229582396021032e-05,
            0.0002419407638637305,
            -0.0002707897132682121,
            -7.258376673829764e-05,
            -4.384726499112627e-06,
            -0.0004356459586215199,
            0.00019887351652605255
        ],
        [
            -0.1778751053151609,
            -0.05235608122219012,
            -0.0002902540738819289,
            0.21619581676819302,
            -0.013605607754345932,
            0.31246217639282853,
            0.061056214367554394,
            -0.005696865781147098,
            0.029501839423521945,
            -0.03634688288213566,
            -0.053136927579043695,
            0.034339221667646615,
            -0.007731757078860469,
            -0.14182064357704263,
            -0.06058205015819412,
            0.009770177368259823,
            0.010347588449671506,
            -0.00016620341261377122,
            0.04762395254971854,
            -0.03144077419174795
        ],
        [
            0.008652611221845016,
            0.0015751926938628229,
            2.2669181548205298e-05,
            -0.013605607754345932,
            0.0008843001617600033,
            -0.020814363755281985,
            -0.004888737163861834,
            0.0004074371273323138,
            3.5233622375988656e-05,
            0.002532207981451424,
            0.004726331351535325,
            -0.002629615744151109,
            0.0005045390166132773,
            0.008166698336527738,
            0.004727284802451727,
            -0.0028847100936692776,
            -0.001675111031050533,
            -9.837921732723032e-06,
            -0.004558075955806185,
            0.002624088418404559
        ],
        [
            -0.026086194651516816,
            0.09661650817127794,
            -0.0005180359217285137,
            0.31246217639282853,
            -0.020814363755281985,
            0.5862309716745726,
            0.21762930078664383,
            -0.007320233902323141,
            -0.016717951201522554,
            -0.041226711019848955,
            0.0028791678201530385,
            0.10804438309412795,
            -0.013067161051447802,
            -0.24555977009850022,
            -0.09744217608105665,
            0.025182649544418626,
            0.02388481866428625,
            -0.0006921061000448713,
            0.034153371261021054,
            -0.03269316431052414
        ],
        [
            0.16215024803198694,
            0.14309317636392654,
            -0.0001482787626951522,
            0.061056214367554394,
            -0.004888737163861834,
            0.21762930078664383,
            0.14447158358267237,
            2.898870823877669e-05,
            -0.030700126956992122,
            0.004708275713272221,
            0.09510488175971343,
            0.08228266906868531,
            -0.003722404725284121,
            -0.0717598104145898,
            -0.025303964577785394,
            0.03438807458838273,
            0.029721094491577605,
            -0.0005954581092571777,
            -0.031449493688954715,
            0.008827294259368132
        ],
        [
            0.0028333460958139527,
            0.00030900520809404704,
            2.1643762297089658e-05,
            -0.005696865781147098,
            0.0004074371273323138,
            -0.007320233902323141,
            2.898870823877669e-05,
            0.00045567953347525406,
            0.006010639321993448,
            0.0027367951093706477,
            0.014087752971236593,
            0.0030781972126896168,
            0.00025501773078333095,
            0.0023510765698095113,
            0.0038132699079987745,
            -0.0009520281791999933,
            0.0013897796900042014,
            -8.143947388499876e-05,
            -0.008448447305154252,
            0.003902417332971644
        ],
        [
            -0.20803207547024793,
            -0.1363633023119399,
            0.00035835448510198063,
            0.029501839423521945,
            3.5233622375988656e-05,
            -0.016717951201522554,
            -0.030700126956992122,
            0.006010639321993448,
            0.20297381795029681,
            0.03100148794640857,
            0.24868615918518225,
            0.06317474276196529,
            0.0012889654925176477,
            -0.030769509893673275,
            0.05212036392825596,
            -0.028005443920430823,
            0.03226703868518995,
            -0.001836113948702426,
            -0.14693490659538821,
            0.06240145393411509
        ],
        [
            0.030050633914581456,
            0.010979130984817778,
            0.0001258779944788261,
            -0.03634688288213566,
            0.002532207981451424,
            -0.041226711019848955,
            0.004708275713272221,
            0.0027367951093706477,
            0.03100148794640857,
            0.016787633246571773,
            0.08409707517586033,
            0.01789451870579161,
            0.0014795077051659694,
            0.01186782352915613,
            0.02334300149449096,
            -0.010197060450797496,
            0.004970804094566377,
            -0.0005019103437283576,
            -0.051842126762871046,
            0.02381810891721232
        ],
        [
            0.03905168615008191,
            0.018332126929212756,
            0.0005831158141755139,
            -0.053136927579043695,
            0.004726331351535325,
            0.0028791678201530385,
            0.09510488175971343,
            0.014087752971236593,
            0.24868615918518225,
            0.08409707517586033,
            0.5606822411151178,
            0.19233020677497395,
            0.0037118043673913447,
            -0.005742187922965921,
            0.0890584001798587,
            0.03753013908053287,
            0.10757085377210233,
            -0.0033144394973896527,
            -0.29740983950286276,
            0.1304947551941117
        ],
        [
            0.023993167763432247,
