{
    "opt_E": -2.1715745075739057,
    "HF_E": -2.1407111376361074,
    "B3LYP_E": -2.1425055018679116,
    "sto-3G_E": -2.121998005312305,
    "proj": [
        [
            0.5421838853254777,
            0.34637269047687635,
            0.027886215435566204,
            -0.17689751300390305,
            -0.013772726662941303,
            0.04117864394709007,
            0.1774725064725942,
            0.0617905125851892,
            -0.22565149864540432,
            -0.03630317423372735,
            0.04229994972544346,
            0.03333660448789195,
            0.0055068188855005975,
            0.04368955098953531,
            -0.0021585696309575323,
            -0.0008646729455654913,
            -0.035835236549615124,
            0.00029749540667280285,
            -0.024079616417263812,
            -0.005518824082114503
        ],
        [
            0.34637269047687635,
            0.23233311925858385,
            0.009884688964162433,
            -0.07260392438057751,
            -0.004599962124987952,
            0.09203074179217664,
            0.13301751664669756,
            0.03353493787702992,
            -0.1384981161908646,
            -0.01968080276156483,
            0.0373063555419119,
            0.025623382830966383,
            -0.0028421970115777104,
            -0.024756351321400943,
            0.001964791875641345,
            -0.03272230005537643,
            -0.041433498359980066,
            -0.00030967744586753474,
            -0.025592334012715955,
            -0.004189005652478167
        ],
        [
            0.027886215435566204,
            0.009884688964162433,
            0.009805988501307369,
            -0.050552002311349334,
            -0.005255789112252421,
            -0.06199431313506016,
            -0.00778590550977201,
            0.010934547603790175,
            -0.002039528807242422,
            -0.007232004678014894,
            0.011057512421347832,
            -0.007728606038016151,
            0.006619770975157829,
            0.03921189000612981,
            -0.007824008615326295,
            -0.006606346718799959,
            -0.00566753312312671,
            -0.0007240083256377035,
            -0.016216285522053953,
            -0.002747376705727463
        ],
        [
            -0.17689751300390305,
            -0.07260392438057751,
            -0.050552002311349334,
            0.26385183271226736,
            0.02697860905148452,
            0.3086541072161895,
            0.030548300755209017,
            -0.05685831445815906,
            0.03832934832318185,
            0.03677639690983868,
            -0.03722683735616455,
            0.04169339140704064,
            -0.03305248732115157,
            -0.199851384028702,
            0.03735981451087557,
            0.028516383948070385,
            0.030767144085529923,
            0.0029550391890108777,
            0.06827708384250789,
            0.012177751750666141
        ],
        [
            -0.013772726662941303,
            -0.004599962124987952,
            -0.005255789112252421,
            0.02697860905148452,
            0.002823329656784692,
            0.03364284329971005,
            0.004588298454566728,
            -0.005818910645499248,
            0.0001251332357627085,
            0.003878109127828406,
            -0.006390437771952273,
            0.004466775108206408,
            -0.0035694544706575356,
            -0.020627649543643774,
            0.004364833028693208,
            0.004813854732308007,
            0.0037114040417306404,
            0.00042966292832715466,
            0.009464022632366566,
            0.001565607468271342
        ],
        [
            0.04117864394709007,
            0.09203074179217664,
            -0.06199431313506016,
            0.3086541072161895,
            0.03364284329971005,
            0.5191953210482052,
            0.1692171658416001,
            -0.04522573165557821,
            -0.025833594413892023,
            0.02938414538605041,
            0.048325111025461165,
            0.11187009686471514,
            -0.04720795858841348,
            -0.2860692889032012,
            0.051752203472903026,
            0.04430328259616537,
            0.0386618060777611,
            0.002662849333443053,
            0.04327641303239258,
            0.009103819013741759
        ],
        [
            0.1774725064725942,
            0.13301751664669756,
            -0.00778590550977201,
            0.030548300755209017,
            0.004588298454566728,
            0.1692171658416001,
            0.1206501448807058,
            0.014762679689111323,
            -0.026901402939038137,
            -0.010520083160337373,
            0.11650148051453577,
            0.07618830070551932,
            -0.009722172445344276,
            -0.05668481102799583,
            0.008996722123670186,
            0.030165746494502894,
            0.024043198495653412,
            -0.0011905066263093922,
            -0.043726686539037225,
            -0.005878132210682418
        ],
        [
            0.0617905125851892,
            0.03353493787702992,
            0.010934547603790175,
            -0.05685831445815906,
            -0.005818910645499248,
            -0.04522573165557821,
            0.014762679689111323,
            0.017902874282165932,
            0.007201942148638069,
            -0.012528014273999877,
            0.056533393859552764,
            0.011298180154139104,
            0.006939732810555897,
            0.03992777314637274,
            -0.009618014487550763,
            -0.0014041191117200875,
            0.001565107866709465,
            -0.0016806671367214422,
            -0.040947153000716295,
            -0.006229407259563908
        ],
        [
            -0.22565149864540432,
            -0.1384981161908646,
            -0.002039528807242422,
            0.03832934832318185,
            0.0001251332357627085,
            -0.025833594413892023,
            -0.026901402939038137,
            0.007201942148638069,
            0.2724187415605237,
            -0.013888993494189381,
            0.2809506218685824,
            0.0618234161953639,
            0.006871959105573659,
            -0.0042130511013812495,
            -0.028188942315748453,
            -0.04961752163323293,
            0.023631116978866443,
            -0.009186070857648707,
            -0.19399033002216606,
            -0.02540394292150092
        ],
        [
            -0.03630317423372735,
            -0.01968080276156483,
            -0.007232004678014894,
            0.03677639690983868,
            0.003878109127828406,
            0.02938414538605041,
            -0.010520083160337373,
            -0.012528014273999877,
            -0.013888993494189381,
            0.009074688356592685,
            -0.049174860699157774,
            -0.01036438100539309,
            -0.004794423737734534,
            -0.0257119872314039,
            0.007428606449801566,
            0.003305213902353201,
            -0.001479624662820984,
            0.0014820239260420413,
            0.035159817553129705,
            0.0051861657967965415
        ],
        [
            0.04229994972544346,
            0.0373063555419119,
            0.011057512421347832,
            -0.03722683735616455,
            -0.006390437771952273,
            0.048325111025461165,
            0.11650148051453577,
            0.056533393859552764,
            0.2809506218685824,
            -0.049174860699157774,
            0.5286936018323557,
            0.1775069394276216,
            0.01201706859788219,
            0.038756496979983346,
            -0.036802456362888314,
            0.02218175215361045,
            0.08450409793452919,
            -0.013492081846224191,
            -0.3158736590725553,
            -0.04348035206694855
        ],
        [
            0.03333660448789195,
            0.025623382830966383,
            -0.007728606038016151,
            0.04169339140704064,
