{
    "opt_E": -2.136738607678735,
    "HF_E": -2.1068353475886785,
    "B3LYP_E": -2.108344921315233,
    "sto-3G_E": -2.0848537595668,
    "proj": [
        [
            0.5365489145849393,
            0.3578017974426473,
            0.014813343617435712,
            -0.1806148408815425,
            -0.015693052776575872,
            0.04206666733487273,
            0.17756080390849413,
            0.029281940830564106,
            -0.21078257159334257,
            -0.040901635191632715,
            0.042219005617867594,
            0.03371321228749782,
            -0.0020517975658180523,
            0.047349937420595414,
            -0.009420377797494937,
            0.002455131495422334,
            -0.034488275116209166,
            0.005314047176031758,
            -0.02822961470763141,
            0.004785057707455008
        ],
        [
            0.3578017974426473,
            0.24837197270742198,
            0.007197098157153186,
            -0.09135568551876296,
            -0.007446350709553675,
            0.07606951189007198,
            0.13419090996679253,
            0.01828105127338293,
            -0.12767008955950074,
            -0.02493012074735596,
            0.048158819979478094,
            0.022995052784067126,
            0.0017516591540674643,
            -0.01901254204328329,
            0.003514182580432794,
            -0.03982449325102123,
            -0.04678022912072363,
            0.006844500943323367,
            -0.045180625759053294,
            0.008456733078708291
        ],
        [
            0.014813343617435712,
            0.007197098157153186,
            0.0026355176488849948,
            -0.02711663400956265,
            -0.003137779561601886,
            -0.030994886418068666,
            -0.0036123796537558626,
            0.0021080260027908342,
            0.0020558408751927093,
            -0.005298958456065697,
            0.003982419646913133,
            -0.005193322926983598,
            0.001792731366041562,
            0.020282456945742915,
            -0.0031623754309364443,
            -0.004685160100517817,
            -0.004603437968244191,
            0.0014876471775415393,
            -0.009200220860511593,
            0.0020680859951307594
        ],
        [
            -0.1806148408815425,
            -0.09135568551876296,
            -0.02711663400956265,
            0.28169659660025154,
            0.03204482291303386,
            0.3096485526339067,
            0.02771578048853103,
            -0.02256275197796585,
            0.0030229788919162136,
            0.053828388748748464,
            -0.029986567077779604,
            0.04858876051932173,
            -0.015713051405299213,
            -0.21395631263837833,
            0.03424889415983587,
            0.031108759407794208,
            0.03916838140946433,
            -0.013050134322043955,
            0.07813145873282815,
            -0.017713190124844513
        ],
        [
            -0.015693052776575872,
            -0.007446350709553675,
            -0.003137779561601886,
            0.03204482291303386,
            0.0037807620578864023,
            0.03680014946999197,
            0.004199667635320105,
            -0.002533190557456079,
            -0.006092791356017814,
            0.006721118094949029,
            -0.008792907796219027,
            0.005174739849201843,
            -0.002365962407979346,
            -0.02429125471542688,
            0.003682507400427554,
            0.005270541020796484,
            0.004803186297374511,
            -0.002182597970734413,
            0.013753534483015339,
            -0.0030563403955364836
        ],
        [
            0.04206666733487273,
            0.07606951189007198,
            -0.030994886418068666,
            0.3096485526339067,
            0.03680014946999197,
            0.4979343848407577,
            0.163193191289525,
            -0.01388568612422924,
            -0.05218405071444751,
            0.04427195979066273,
            0.07686339901534317,
            0.11901475622188486,
            -0.019646253838915644,
            -0.2883413538534517,
            0.04738971518054369,
            0.05479284451188744,
            0.05109362850452053,
            -0.006556113019313112,
            0.033760784630467854,
            -0.009685427295381573
        ],
        [
            0.17756080390849413,
            0.13419090996679253,
            -0.0036123796537558626,
            0.02771578048853103,
            0.004199667635320105,
            0.163193191289525,
            0.11598358528501043,
            0.007302828490314582,
            -0.030799364276679817,
            -0.009538968519417624,
            0.11074089189639438,
            0.06960024336274473,
            -0.003635710429077826,
            -0.05715196976942813,
            0.010338685024229095,
            0.03652992860709202,
            0.023266637888193206,
            0.006647475359505615,
            -0.044603729627828964,
            0.008301438878301787
        ],
        [
            0.029281940830564106,
            0.01828105127338293,
            0.0021080260027908342,
            -0.02256275197796585,
            -0.002533190557456079,
            -0.01388568612422924,
            0.007302828490314582,
            0.002639722316496935,
            -1.2153362053933961e-05,
            -0.005917273700939373,
            0.015243588184509584,
            0.0026538590470739946,
            0.0011815507507565628,
            0.014989262032173212,
            -0.0022442263236886295,
            0.001702025434506131,
            -0.0002353405618320375,
            0.0019906680457508993,
            -0.012472255665016026,
            0.0026525627608741348
        ],
        [
            -0.21078257159334257,
            -0.12767008955950074,
            0.0020558408751927093,
            0.0030229788919162136,
            -0.006092791356017814,
            -0.05218405071444751,
            -0.030799364276679817,
            -1.2153362053933961e-05,
            0.3130600716495043,
            -0.03214088237606782,
            0.2936355587578865,
            0.044060717804000366,
            0.024624093468597955,
            0.011813800239746363,
            0.007540930498967891,
            -0.03508942272986715,
            0.015992831439288997,
            0.034179020001325,
            -0.23541518624285238,
            0.05027623903176361
        ],
        [
            -0.040901635191632715,
            -0.02493012074735596,
            -0.005298958456065697,
            0.053828388748748464,
            0.006721118094949029,
            0.04427195979066273,
            -0.009538968519417624,
            -0.005917273700939373,
            -0.03214088237606782,
            0.01671597870301568,
            -0.06059753801257992,
            -0.008079071287704912,
            -0.005298344597093857,
            -0.03903640521085117,
            0.005014581795928352,
            0.00018469372388754896,
            -0.0005898630070425612,
            -0.007767852416296972,
            0.05059556903790578,
            -0.010829489793231107
        ],
        [
            0.042219005617867594,
            0.048158819979478094,
            0.003982419646913133,
            -0.029986567077779604,
            -0.008792907796219027,
            0.07686339901534317,
            0.11074089189639438,
            0.015243588184509584,
            0.2936355587578865,
            -0.06059753801257992,
            0.4759194199275787,
            0.14961366132774148,
            0.019527614641474417,
            0.030338892406949224,
            0.005088366364462472,
            0.07756432828421017,
            0.08743045276032209,
            0.04543316182540099,
            -0.30417230038872084,
            0.06380484399053762
        ],
        [
            0.03371321228749782,
            0.022995052784067126,
            -0.005193322926983598,
