{
    "opt_E": -2.185566537618974,
    "HF_E": -2.156479412692067,
    "B3LYP_E": -2.157849817374492,
    "sto-3G_E": -2.148049144464088,
    "proj": [
        [
            0.5376369553878192,
            0.3436739176989049,
            0.0065546067023100115,
            -0.1817441876235345,
            0.009894995971555198,
            0.03402806776680736,
            0.18325423048647604,
            0.016117846458206547,
            -0.23908086809309076,
            0.005579436536823575,
            0.03934237157251381,
            0.02841602581751771,
            0.0011133570701138211,
            0.03272725446177486,
            -0.002501244905908802,
            0.003672844995433977,
            -0.027399554356725836,
            0.00043074129408069437,
            -0.030080223791941745,
            -0.002486544184359663
        ],
        [
            0.3436739176989049,
            0.23281852627414543,
            0.0022512759597535107,
            -0.07146793946176098,
            0.0042607623630390576,
            0.09438977607692174,
            0.14066442375620075,
            0.008328866329021621,
            -0.14141773464443502,
            0.004076733381424669,
            0.03682991646109872,
            0.02397823837322862,
            -0.0030153681869377388,
            -0.0345698513328888,
            0.004109309993141691,
            -0.03141916077840112,
            -0.03434349294974916,
            -0.000268327478286217,
            -0.03562454479618132,
            -0.0015042540781653642
        ],
        [
            0.0065546067023100115,
            0.0022512759597535107,
            0.0006077100811007454,
            -0.013298365497123781,
            0.0005774182355260768,
            -0.016223087000301315,
            -0.0020748653667285325,
            0.001051154137979716,
            -0.0009072271099764134,
            -0.0008211052493967096,
            0.004256463010182077,
            -0.002354134806038399,
            0.000821885864775292,
            0.006397583677443844,
            -0.0019592035346169662,
            -0.0022477383113040073,
            -0.001748689036281528,
            -0.00010641639074699335,
            -0.00589432754882827,
            -0.00025837957534026354
        ],
        [
            -0.1817441876235345,
            -0.07146793946176098,
            -0.013298365497123781,
            0.2969847692019627,
            -0.013195216094162122,
            0.3470334895465652,
            0.03558347488874486,
            -0.02223902059790768,
            0.054777941216079845,
            0.014270973154910903,
            -0.0674241201119806,
            0.04856243397428936,
            -0.01778693216408152,
            -0.1575972712431093,
            0.040299289899385984,
            0.024771985316177077,
            0.028864228556739,
            0.001514076264492137,
            0.098702917782922,
            0.004997264584526244
        ],
        [
            0.009894995971555198,
            0.0042607623630390576,
            0.0005774182355260768,
            -0.013195216094162122,
            0.0006023172059526472,
            -0.014527057073202683,
            -0.0008677489751247679,
            0.0009581641781254225,
            -0.0039013804414818267,
            -0.0004838452475201129,
            0.0022802363338218857,
            -0.001585509294654003,
            0.0007682417152985965,
            0.007931513562749508,
            -0.0016256380894205493,
            0.0007468623844090864,
            -0.00035034015299283285,
            -2.6940949133699928e-05,
            -0.0029507672990088823,
            -0.0001936362498561113
        ],
        [
            0.03402806776680736,
            0.09438977607692174,
            -0.016223087000301315,
            0.3470334895465652,
            -0.014527057073202683,
            0.5618131591284273,
            0.1789641533118975,
            -0.020383766716300055,
            -0.011014868831635593,
            0.01719758582075798,
            0.0034929928643769527,
            0.11555010731663347,
            -0.02628204783918321,
            -0.2364288876920212,
            0.05688131198451819,
            0.043449472884691184,
            0.04028922134643122,
            0.0012823776579941432,
            0.07498797818145378,
            0.004447536100378182
        ],
        [
            0.18325423048647604,
            0.14066442375620075,
            -0.0020748653667285325,
            0.03558347488874486,
            -0.0008677489751247679,
            0.1789641533118975,
            0.12901459226479103,
            0.004245903006622221,
            -0.03357276508871233,
            -0.0019358476194435551,
            0.10645306192544841,
            0.0732935433025453,
            -0.006443894296341319,
            -0.06173038017231542,
            0.011693940753723528,
            0.032467706612935306,
            0.02489436710679579,
            -0.0007220266085057589,
            -0.046726953596651494,
            -0.001413413118744487
        ],
        [
            0.016117846458206547,
            0.008328866329021621,
            0.001051154137979716,
            -0.02223902059790768,
            0.0009581641781254225,
            -0.020383766716300055,
            0.004245903006622221,
            0.002927522029651685,
            0.0076523310749431,
            -0.0032970550252663707,
            0.0302005143745242,
            0.00490273459165919,
            0.0013422997642774466,
            0.007936115236782948,
            -0.0037479864685267847,
            0.0013191138480052299,
            0.002639230231333741,
            -0.00046293232318996594,
            -0.023782668690966832,
            -0.0008780826093455192
        ],
        [
            -0.23908086809309076,
            -0.14141773464443502,
            -0.0009072271099764134,
            0.054777941216079845,
            -0.0039013804414818267,
            -0.011014868831635593,
            -0.03357276508871233,
            0.0076523310749431,
            0.2479665437022896,
            -0.028633145397464612,
            0.24726602365079245,
            0.0518446462544931,
            0.0016065928114667907,
            -0.060890552496901375,
            -0.013213918445836392,
            -0.01776036980319334,
            0.03316521326541692,
            -0.004643358366086669,
            -0.1870916502454433,
            -0.00485278869622913
        ],
        [
            0.005579436536823575,
            0.004076733381424669,
            -0.0008211052493967096,
            0.014270973154910903,
            -0.0004838452475201129,
            0.01719758582075798,
            -0.0019358476194435551,
            -0.0032970550252663707,
            -0.028633145397464612,
            0.005480811358567408,
            -0.049729803601859045,
            -0.009738594204686434,
            -0.001265063825655155,
            -0.001082247922669166,
            0.004359689644911087,
            -0.00015105080860844424,
            -0.005699072608347068,
            0.0008265747687363048,
            0.037998409026241305,
            0.0012183877286317012
        ],
        [
            0.03934237157251381,
            0.03682991646109872,
            0.004256463010182077,
            -0.0674241201119806,
            0.0022802363338218857,
            0.0034929928643769527,
            0.10645306192544841,
            0.0302005143745242,
            0.24726602365079245,
            -0.049729803601859045,
            0.5247057882048319,
            0.16361741249244202,
            0.005804247681646277,
            -0.016760683041968105,
            -0.02592571666314324,
            0.08625881748115982,
            0.10977812371971293,
            -0.007191936195157142,
            -0.3444113866941387,
            -0.011216343457076594
        ],
        [
            0.02841602581751771,
            0.02397823837322862,
