{
    "opt_E": -2.1568472118534476,
    "HF_E": -2.127534502245174,
    "B3LYP_E": -2.128832494390844,
    "sto-3G_E": -2.11189560746626,
    "proj": [
        [
            0.5233340580640574,
            0.33744928762314613,
            0.017766763460437845,
            -0.18014544004624156,
            0.0017424518125852117,
            0.0641968502332643,
            0.18287956513157788,
            0.038130868772313066,
            -0.2374552277791231,
            -0.0037679166954753688,
            0.04992324275114882,
            0.031457147447806894,
            -0.0039031750047156203,
            0.03699197632340333,
            -0.0033479919013066437,
            0.00403038646385568,
            -0.03760130851810615,
            0.006016914872853335,
            -0.032109179230847405,
            0.00436720175322384
        ],
        [
            0.33744928762314613,
            0.22661012955736815,
            0.0073820806298208605,
            -0.0821087191299064,
            0.0010747153421762415,
            0.09262750376244996,
            0.133022593940394,
            0.022357916231766455,
            -0.14050862564471253,
            -0.001799891004899678,
            0.04712230581469413,
            0.0219972903853888,
            -0.0010165191242342102,
            -0.025357808414009076,
            0.0031996547865683076,
            -0.03342966706132017,
            -0.0437928089384541,
            0.006153847327455345,
            -0.04010192579460653,
            0.005266991178723505
        ],
        [
            0.017766763460437845,
            0.0073820806298208605,
            0.004368810362818874,
            -0.0366456860619684,
            6.610467233442052e-05,
            -0.040291038245880234,
            -0.004204694651545745,
            0.0036997785844657084,
            -0.0036843279948923944,
            -0.0018355216635651435,
            0.006023696669329642,
            -0.007236533941361123,
            0.0024452332121361613,
            0.02587479277048894,
            -0.0017741839712144892,
            -0.004344257204091189,
            -0.006132880005222204,
            0.0017457492599658167,
            -0.011625219951980865,
            0.001737493074791778
        ],
        [
            -0.18014544004624156,
            -0.0821087191299064,
            -0.0366456860619684,
            0.3097650675772019,
            -0.0006615594889373832,
            0.3231090806435684,
            0.021917409041079368,
            -0.03261758568745197,
            0.04911656184949503,
            0.014964811775964662,
            -0.049774855586651845,
            0.054063091158887244,
            -0.018609072959488167,
            -0.21776072260300208,
            0.015431957047804359,
            0.02481866050997504,
            0.04597054394649541,
            -0.013819877749678975,
            0.09046456480187212,
            -0.013577652189803795
        ],
        [
            0.0017424518125852117,
            0.0010747153421762415,
            6.610467233442052e-05,
            -0.0006615594889373832,
            7.90569814967864e-06,
            -4.609078200122418e-05,
            0.000368246267846172,
            9.390632850194554e-05,
            -0.0013862540399157187,
            3.811445243049747e-05,
            -0.0008490419489882682,
            -0.00022929257513062436,
            -4.759431410463412e-05,
            0.00016822087396760715,
            -3.2584901287281974e-05,
            -0.00013137047312217312,
            -0.00031085619199034596,
            -6.925488092392026e-05,
            0.0005233180383702647,
            -7.16385176424536e-05
        ],
        [
            0.0641968502332643,
            0.09262750376244996,
            -0.040291038245880234,
            0.3231090806435684,
            -4.609078200122418e-05,
            0.5033788791376376,
            0.15885022693722053,
            -0.019361813140472514,
            -0.023689847952674436,
            0.014058662511747191,
            0.04581504875323837,
            0.1190978970113928,
            -0.02456466957984889,
            -0.28320261933233354,
            0.021343754291256643,
            0.04336995304523738,
            0.05282347180369994,
            -0.007703502605827763,
            0.050470749748944804,
            -0.008577484119240248
        ],
        [
            0.18287956513157788,
            0.133022593940394,
            -0.004204694651545745,
            0.021917409041079368,
            0.000368246267846172,
            0.15885022693722053,
            0.11622671804276785,
            0.010695252315302512,
            -0.03192911146812749,
            -0.0022702625137126387,
            0.11390426616390867,
            0.06963034272863278,
            -0.004824218625023265,
            -0.051903622957430985,
            0.0049127601393158925,
            0.03444695839618618,
            0.023019238285800634,
            0.00729366234716072,
            -0.04832339561021782,
            0.006224296071400231
        ],
        [
            0.038130868772313066,
            0.022357916231766455,
            0.0036997785844657084,
            -0.03261758568745197,
            9.390632850194554e-05,
            -0.019361813140472514,
            0.010695252315302512,
            0.005022232261544905,
            -0.0042068747803348135,
            -0.0023149151400280077,
            0.02480357826655408,
            0.004013606611145572,
            0.00172781340666569,
            0.020612487362608404,
            -0.0012847762783383093,
            0.004095154477163573,
            6.36451144293622e-05,
            0.0028692985429925526,
            -0.018976822195136314,
            0.002697551912583495
        ],
        [
            -0.2374552277791231,
            -0.14050862564471253,
            -0.0036843279948923944,
            0.04911656184949503,
            -0.0013862540399157187,
            -0.023689847952674436,
            -0.03192911146812749,
            -0.0042068747803348135,
            0.2948302309186457,
            -0.01603008449921239,
            0.27691616122924956,
            0.04872990833944268,
            0.021136250619444543,
            -0.02026148264560742,
            0.009454664981085248,
            -0.029763592321428518,
            0.022080636419559915,
            0.02868425092059705,
            -0.21083600423136256,
            0.029027212314637132
        ],
        [
            -0.0037679166954753688,
            -0.001799891004899678,
            -0.0018355216635651435,
            0.014964811775964662,
            3.811445243049747e-05,
            0.014058662511747191,
            -0.0022702625137126387,
            -0.0023149151400280077,
            -0.01603008449921239,
            0.0021923844115449022,
            -0.028626902775871512,
            -0.004107827991732284,
            -0.0022966868059913696,
            -0.01051916325605878,
            0.00017389709404837548,
            0.0002672063539714696,
            -0.0009199055537007909,
            -0.0031995060753883552,
            0.022457424329690306,
            -0.003143303690777397
        ],
        [
            0.04992324275114882,
            0.04712230581469413,
            0.006023696669329642,
            -0.049774855586651845,
            -0.0008490419489882682,
            0.04581504875323837,
            0.11390426616390867,
            0.02480357826655408,
            0.27691616122924956,
            -0.028626902775871512,
            0.5104894059414515,
            0.151523936290927,
            0.021294551950065937,
            0.03556958808384004,
            0.006257975947682975,
            0.06888520698723546,
            0.08173703801213922,
            0.0470911278478708,
            -0.3302181381851087,
            0.045465186617600926
        ],
        [
            0.031457147447806894,
            0.0219972903853888,
