{
    "opt_E": -2.1679415717247017,
    "HF_E": -2.1377853751964175,
    "B3LYP_E": -2.13978901029035,
    "sto-3G_E": -2.1209941784568316,
    "proj": [
        [
            0.5744676931318732,
            0.3724787205811218,
            0.034245512472467585,
            -0.16236921666926624,
            -0.060830685705888295,
            -0.012676393652838475,
            0.1659860717839394,
            0.05550810634897927,
            -0.16953187393126457,
            -0.0869289735441219,
            0.036066321445349214,
            0.02580098266375941,
            0.0009503541319085259,
            0.060151449926214365,
            0.005435070659132467,
            -0.0005995770814670167,
            -0.02718556246227058,
            0.003372571197408888,
            -0.031923306890759916,
            -0.0011659543793667857
        ],
        [
            0.3724787205811218,
            0.2594473739252282,
            0.012591513299928383,
            -0.06271268132439249,
            -0.022683155911833796,
            0.07856789180081,
            0.13986555065628573,
            0.03119556580181173,
            -0.11342639363802631,
            -0.05044801158397404,
            0.03371825914104986,
            0.023956226589527434,
            0.0007545279455452848,
            -0.028797578977612513,
            -0.001183916319949594,
            -0.037190539900850805,
            -0.03880680746036857,
            0.0027460170998039137,
            -0.035055955880589684,
            -0.001195092808033904
        ],
        [
            0.034245512472467585,
            0.012591513299928383,
            0.010032565990367665,
            -0.043370013385172324,
            -0.017286577780200825,
            -0.06512585044752078,
            -0.011577050067490192,
            0.007051600547385048,
            0.009041966743730007,
            -0.007770055550012447,
            0.012371164234798998,
            -0.009418142203041439,
            0.0017127402780990743,
            0.032781897782732675,
            0.004912332246915715,
            -0.008375833225549863,
            -0.005536309289341153,
            0.0012936622826734345,
            -0.020188634253172858,
            0.0002091183543639049
        ],
        [
            -0.16236921666926624,
            -0.06271268132439249,
            -0.043370013385172324,
            0.18879940911624354,
            0.07490182300224939,
            0.2800791588235917,
            0.04783261286605575,
            -0.03141511346823436,
            -0.021749298354774523,
            0.03676142965687433,
            -0.036775881003486686,
            0.04146039340654075,
            -0.0066189661206713405,
            -0.14888431740083627,
            -0.020391177748746606,
            0.026308344663070915,
            0.020612010292181807,
            -0.004723553032971587,
            0.07060486985835492,
            -0.0008637330379820949
        ],
        [
            -0.060830685705888295,
            -0.022683155911833796,
            -0.017286577780200825,
            0.07490182300224939,
            0.029810199050862095,
            0.1119754941702947,
            0.019577240917688466,
            -0.0122824249939494,
            -0.01351385332763209,
            0.013793742094785448,
            -0.019618564706805244,
            0.01594003827933468,
            -0.0028253202525643107,
            -0.05785887204489684,
            -0.008364692235021676,
            0.01225377135745204,
            0.008508057554652674,
            -0.002115829555785995,
            0.032562191263561135,
            -0.00035733370265655446
        ],
        [
            -0.012676393652838475,
            0.07856789180081,
            -0.06512585044752078,
            0.2800791588235917,
            0.1119754941702947,
            0.5534997531705572,
            0.2001996916428829,
            -0.030351701608444286,
            -0.07413617129864623,
            0.03068406344778378,
            0.041903614707094715,
            0.12314144940030913,
            -0.010723372250360805,
            -0.26806901870446903,
            -0.033611147748465534,
            0.057364974499220275,
            0.04064128342102348,
            -0.0037783972366291583,
            0.05616055333417948,
            -0.0022263132746732418
        ],
        [
            0.1659860717839394,
            0.13986555065628573,
            -0.011577050067490192,
            0.04783261286605575,
            0.019577240917688466,
            0.2001996916428829,
            0.13412299791337665,
            0.00717374894017757,
            -0.03191316213183804,
            -0.011444378251509034,
            0.09979737923934028,
            0.07617976621327603,
            -0.00253267418691148,
            -0.07714777098204674,
            -0.007608189267279499,
            0.03546299908746165,
            0.024252921185068006,
            0.002328802056245683,
            -0.03609604770480072,
            -0.0010416969548885633
        ],
        [
            0.05550810634897927,
            0.03119556580181173,
            0.007051600547385048,
            -0.03141511346823436,
            -0.0122824249939494,
            -0.030351701608444286,
            0.00717374894017757,
            0.007230194229509277,
            -0.005011671897258086,
            -0.009477278949041532,
            0.01358290063052142,
            0.0006926368183360165,
            0.0007356066109458227,
            0.022123839065529522,
            0.0027943334926095642,
            0.002265576881197476,
            -5.311932745359872e-05,
            0.000913792066341605,
            -0.012638372219218666,
            3.263516452024617e-05
        ],
        [
            -0.16953187393126457,
            -0.11342639363802631,
            0.009041966743730007,
            -0.021749298354774523,
            -0.01351385332763209,
            -0.07413617129864623,
            -0.03191316213183804,
            -0.005011671897258086,
            0.2642468327104008,
            0.03669607290936385,
            0.29200883353311147,
            0.04838611991991879,
            0.009105040713614204,
            -0.010646830487474088,
            0.01705760946977928,
            -0.02938313810171306,
            0.025031896343147463,
            0.01270323526717414,
            -0.2333240457750596,
            0.0010226542724021605
        ],
        [
            -0.0869289735441219,
            -0.05044801158397404,
            -0.007770055550012447,
            0.03676142965687433,
            0.013793742094785448,
            0.03068406344778378,
            -0.011444378251509034,
            -0.009477278949041532,
            0.03669607290936385,
            0.015915322016336192,
            0.01784289916723957,
            0.005043723730565035,
            0.00016809945588479674,
            -0.029953688904130648,
            -0.001538247554048383,
            -0.007118393021136115,
            0.002431352610206536,
            0.0003856967826149078,
            -0.012217362599280997,
            6.677436621563613e-05
        ],
        [
            0.036066321445349214,
            0.03371825914104986,
            0.012371164234798998,
            -0.036775881003486686,
            -0.019618564706805244,
            0.041903614707094715,
            0.09979737923934028,
            0.01358290063052142,
            0.29200883353311147,
            0.01784289916723957,
            0.4976329927141395,
            0.15992029195421814,
            0.00760176345271717,
            -0.00312204606971385,
            0.019062456364450694,
            0.080862406980741,
            0.10489642642729799,
            0.01853780286592629,
            -0.3229357423155926,
            0.0005483196212070823
        ],
        [
            0.02580098266375941,
            0.023956226589527434,
            -0.009418142203041439,
            0.04146039340654075,
