{"energy": -412.43336602000005, "atomic_charge": [-0.32416000000000006, 0.026517, -0.135628, -0.0039769999999999806, -0.060471, -0.12361399999999995, -0.15428999999999998, -0.22311899999999998, 0.0014200000000000046, 0.16066599999999998, 0.154271, 0.14842000000000005, 0.16450599999999999, 0.17343199999999998, 0.19602799999999995], "bond_order": [[0, 1, 0.9826000000000001], [0, 9, 0.9232], [0, 10, 0.9308], [1, 2, 0.9307], [1, 4, 0.9223000000000001], [1, 11, 0.8946999999999999], [2, 3, 2.8967000000000005], [4, 5, 1.6426], [4, 8, 1.2130999999999998], [5, 6, 1.2633], [6, 7, 1.4500000000000002], [6, 12, 0.9001], [7, 8, 1.1544999999999999], [7, 13, 0.8854], [8, 14, 0.8815000000000001]], "x": -2.3202499999999993, "y": 0.26153, "z": 2.4958200000000006, "xx": 302.00394000000006, "yy": 164.49687, "zz": 713.0718299999999, "xy": -105.20270000000002, "xz": 59.585879999999996, "yz": -215.11882999999997, "E_nn": 408.4061189374, "Ee": [54539.6, 57164.9, 59840.1], "T": [[0.19176, 0.1866, 0.93959], [0.05844, 0.15265, 0.00715], [0.04821, 0.09595, 0.59793]], "alpha": [[69.18626, -9.16996, -0.29009], [-9.16996, 47.33384, -10.03435], [-0.29009, -10.03435, 85.02851]], "name": "15"}