{"energy": -422.47629888000006, "atomic_charge": [-0.315592, 0.008771999999999947, -0.228388, -0.06276799999999999, -0.23576800000000003, 0.055295999999999984, -0.288527, 0.12204800000000005, -0.18157300000000004, 0.102453, 0.12192900000000001, 0.107317, 0.10582899999999998, 0.12174800000000002, 0.115615, 0.073924, 0.12424199999999999, 0.127243, 0.126199], "bond_order": [[0, 1, 0.9035999999999998], [0, 9, 0.9187000000000001], [0, 10, 0.9176000000000001], [0, 11, 0.9209999999999999], [1, 2, 0.8963], [1, 5, 0.8757], [1, 7, 0.8081999999999999], [2, 3, 0.8893], [2, 12, 0.923], [2, 13, 0.9143999999999999], [3, 4, 0.9788], [3, 14, 0.9218000000000001], [3, 15, 0.9144], [4, 5, 1.025], [5, 6, 0.8579], [5, 16, 0.9258], [6, 7, 0.8807], [6, 17, 0.9075], [6, 18, 0.9075], [7, 8, 2.0788]], "x": -2.8552700000000004, "y": 2.4964500000000003, "z": 1.6737300000000002, "xx": 336.70797, "yy": 338.69502, "zz": 354.76523000000003, "xy": 14.113809999999999, "xz": -87.37678000000001, "yz": -93.96143, "E_nn": 473.9115930887, "Ee": [33945.9, 54969.1, 63087.2], "T": [[0.01434, 0.0366, 0.00114], [0.01974, 0.03919, 0.11615], [0.13604, 0.08114, 0.02214]], "alpha": [[76.00906, -0.07661, -1.47671], [-0.07661, 71.98261, -1.78653], [-1.47671, -1.78653, 70.95616]], "name": "17"}