{"energy": -475.63051151999997, "atomic_charge": [-0.337445, 0.041998999999999995, -0.15904800000000008, -0.00010500000000002174, -0.24330000000000002, 0.048763, -0.336903, -0.003397000000000011, -0.322037, 0.098105, 0.11589300000000001, 0.11264500000000001, 0.115855, 0.153334, 0.122643, 0.221237, 0.143535, 0.228226], "bond_order": [[0, 1, 0.8977], [0, 9, 0.9154], [0, 10, 0.9216], [0, 11, 0.9097], [1, 2, 0.9041], [1, 7, 0.8599], [1, 12, 0.9251999999999999], [2, 3, 1.159], [3, 4, 1.9980999999999998], [3, 5, 0.8482000000000001], [4, 13, 0.8976999999999999], [5, 6, 0.9752000000000001], [5, 7, 0.9038], [5, 14, 0.9279000000000001], [6, 15, 0.9228999999999999], [7, 8, 1.058], [7, 16, 0.9324], [8, 17, 0.9138999999999999]], "x": 0.007959999999999995, "y": 3.9678999999999993, "z": 0.42830999999999997, "xx": 234.78629, "yy": 414.02625, "zz": 420.65644, "xy": -87.67097000000001, "xz": 40.487719999999996, "yz": 129.68990000000002, "E_nn": 497.915088296, "Ee": [54270.7, 63402.5, 64830.5], "T": [[0.14097, 0.15933, 0.05164], [0.29941, 0.78358, 0.60473], [0.03668, 0.03633, 0.08675]], "alpha": [[59.56337, -6.20966, -1.16963], [-6.20966, 71.32531, 9.84112], [-1.16963, 9.84112, 66.93162]], "name": "2"}