{"energy": -380.25308939000007, "atomic_charge": [-0.020136999999999988, -0.12994399999999998, 0.0034529999999999977, -0.280768, 0.004178000000000015, -0.146953, -0.30740100000000004, -0.046817, -0.17362299999999997, 0.14103500000000002, 0.139465, 0.128832, 0.11833600000000001, 0.155445, 0.13503800000000002, 0.130854, 0.149004], "bond_order": [[0, 1, 2.8803], [1, 2, 0.9406], [2, 3, 0.8946000000000001], [2, 8, 0.8983], [2, 9, 0.9073000000000001], [3, 4, 0.8808000000000001], [3, 10, 0.9197], [3, 11, 0.9133], [4, 5, 0.9234], [4, 8, 0.8862000000000001], [4, 12, 0.9148], [5, 6, 0.861], [5, 7, 0.7921999999999999], [5, 13, 0.904], [6, 7, 0.8612000000000001], [6, 14, 0.9198999999999999], [6, 15, 0.9106], [7, 8, 0.9587], [7, 16, 0.9115]], "x": 1.71636, "y": 2.0408600000000003, "z": 3.832, "xx": 377.39136, "yy": 359.88678, "zz": 231.84865, "xy": 75.46593, "xz": 120.41760000000001, "yz": 102.87069000000002, "E_nn": 428.0451122187, "Ee": [53927.7, 59300.4, 61653.8], "T": [[0.05716, 0.2315, 0.04896], [0.22728, 0.16905, 0.03132], [0.00266, 0.14469, 0.14411]], "alpha": [[73.6077, 0.34917, 6.17135], [0.34917, 79.44475, 6.50148], [6.17135, 6.50148, 64.15862]], "name": "20"}