{"energy": -422.43365358, "atomic_charge": [-0.058614, -0.2632810000000001, 0.06098899999999999, -0.251796, 0.10014299999999998, -0.22643000000000002, 0.00167299999999998, -0.21211000000000002, -0.23564399999999996, 0.088035, 0.086012, 0.115283, 0.116934, 0.11911299999999998, 0.11161199999999999, 0.10758000000000001, 0.12413099999999999, 0.10768300000000001, 0.108685], "bond_order": [[0, 1, 0.9795], [0, 4, 0.9268], [0, 9, 0.9189], [0, 10, 0.9122], [1, 2, 0.9457000000000001], [2, 3, 0.8884000000000001], [2, 8, 0.8771], [2, 11, 0.9261], [3, 4, 0.8606000000000001], [3, 12, 0.9198], [3, 13, 0.9275], [4, 5, 1.0253999999999999], [4, 6, 0.8564], [5, 6, 0.9119], [6, 7, 0.9003], [6, 14, 0.9287], [7, 8, 0.8815], [7, 15, 0.9182999999999999], [7, 16, 0.9284], [8, 17, 0.9181], [8, 18, 0.9193]], "x": 4.03886, "y": -0.3888899999999999, "z": -1.11836, "xx": 357.33671, "yy": 317.00698000000006, "zz": 247.03763999999998, "xy": 31.767059999999994, "xz": -35.25519999999999, "yz": 93.92883999999998, "E_nn": 492.6787099428, "Ee": [67019.5, 68050.1, 68713.3], "T": [[0.09121, 0.10001, 0.14707], [0.05291, 0.0426, 0.11592], [0.20071, 0.01612, 0.11437]], "alpha": [[74.1267, -3.06896, -2.0033], [-3.06896, 68.12378, 5.59963], [-2.0033, 5.59963, 73.54243]], "name": "22"}