{"energy": -449.55613805, "atomic_charge": [-0.23623199999999997, 0.161232, -0.29901300000000003, -0.01571800000000001, -0.268506, 0.063502, -0.14558700000000002, -0.04548300000000005, -0.231711, 0.17015000000000002, 0.16717900000000002, 0.152952, 0.189392, 0.15575299999999997, 0.18209199999999998], "bond_order": [[0, 1, 1.169], [0, 9, 0.9066], [0, 10, 0.9137], [1, 2, 1.9316000000000002], [1, 3, 0.8963], [3, 4, 1.2942], [3, 7, 1.1642000000000001], [4, 5, 1.3107], [4, 11, 0.8956999999999999], [5, 6, 1.0069000000000001], [5, 12, 0.9153], [6, 7, 1.6505], [7, 8, 1.1638000000000002], [8, 13, 0.9181999999999999], [8, 14, 0.8885000000000001]], "x": 0.6263600000000001, "y": 1.17821, "z": -0.14251000000000003, "xx": 556.8671700000001, "yy": 508.29379, "zz": 45.09057, "xy": 138.79413, "xz": 5.96156, "yz": 20.784660000000002, "E_nn": 440.7053126118, "Ee": [43411.2, 45071.6, 52456.5], "T": [[0.63862, 0.66976, 0.03595], [0.17447, 0.06669, 0.03093], [0.66252, 0.25834, 0.00634]], "alpha": [[85.32534, -0.06269, -0.06998], [-0.06269, 82.98744, 1.19119], [-0.06998, 1.19119, 30.91863]], "name": "26"}