{"energy": -344.73312629, "atomic_charge": [-0.257832, -0.07570699999999997, -0.255976, 0.115058, -0.33767400000000003, -0.335567, -0.143702, -0.024856000000000017, 0.11263799999999999, 0.116629, 0.06770699999999999, 0.07263899999999998, 0.105874, 0.11388800000000002, 0.10937300000000001, 0.128174, 0.127013, 0.121692, 0.12694, 0.11368999999999999], "bond_order": [[0, 1, 0.9479000000000001], [0, 8, 0.9226], [0, 9, 0.9135], [0, 10, 0.9007999999999999], [1, 2, 0.9463], [1, 3, 0.978], [2, 11, 0.8992], [2, 12, 0.9213], [2, 13, 0.9242000000000001], [3, 4, 0.8884000000000001], [3, 5, 0.9005999999999998], [3, 6, 0.9112], [4, 14, 0.9193], [4, 15, 0.9176], [4, 16, 0.9166], [5, 17, 0.9157], [5, 18, 0.9129], [5, 19, 0.9138999999999999], [6, 7, 2.9145]], "x": 3.5293400000000004, "y": -1.18521, "z": 7.37262, "xx": 379.0074200000001, "yy": 300.93467, "zz": 320.8143299999999, "xy": 39.306569999999994, "xz": 137.58041, "yz": -32.79218, "E_nn": 388.0796577796, "Ee": [57515.7, 61382.0, 64203.9], "T": [[0.04474, 0.05278, 0.2785], [0.0046, 0.08003, 0.08793], [0.15981, 0.10669, 0.0078]], "alpha": [[73.21512, 1.17105, 7.8703], [1.17105, 71.98901, -3.2262], [7.8703, -3.2262, 73.55515]], "name": "27"}