{"energy": -422.41433828000004, "atomic_charge": [-0.32507400000000003, 0.07919200000000004, 0.03496499999999997, -0.20137900000000003, -0.12773999999999996, -0.035954, -0.257647, -0.060358999999999996, -0.259748, 0.21719000000000002, 0.093091, 0.09479699999999999, 0.096235, 0.121363, 0.10493100000000001, 0.10737100000000001, 0.11284, 0.10502099999999998, 0.10090300000000002], "bond_order": [[0, 1, 1.0849], [0, 9, 0.9090999999999999], [1, 2, 0.8375999999999999], [1, 4, 0.8673000000000001], [1, 10, 0.9059], [2, 3, 2.0255], [2, 11, 0.9051], [4, 5, 0.8605], [4, 7, 0.8536999999999999], [4, 12, 0.9132], [5, 6, 0.88], [5, 8, 0.8939], [5, 13, 0.8947999999999999], [6, 7, 0.8761], [6, 14, 0.9276000000000001], [6, 15, 0.9258], [7, 8, 0.8924], [7, 16, 0.8915], [8, 17, 0.9294], [8, 18, 0.9316]], "x": 3.00891, "y": 2.73589, "z": 6.3077000000000005, "xx": 379.70682, "yy": 227.18687999999997, "zz": 682.5114100000002, "xy": 129.82366, "xz": 273.06915, "yz": 180.41900000000004, "E_nn": 454.1820315894, "Ee": [37307.5, 57889.9, 68561.6], "T": [[0.0143, 0.03447, 0.04105], [0.34345, 0.19715, 0.28759], [0.24801, 0.14352, 0.30651]], "alpha": [[72.06107, 3.79695, 6.75363], [3.79695, 70.07833, 8.81622], [6.75363, 8.81622, 82.84927]], "name": "3"}