{"energy": -365.48433988, "atomic_charge": [-0.275861, 0.135955, -0.175216, -0.07799300000000002, -0.254178, 0.035913999999999995, -0.264086, -0.120753, -0.19974500000000006, 0.09382, 0.10697999999999998, 0.094479, 0.12438299999999998, 0.119658, 0.10757099999999999, 0.10479, 0.111495, 0.10905200000000001, 0.10441099999999999, 0.119327], "bond_order": [[0, 1, 0.8957999999999999], [0, 9, 0.9168], [0, 10, 0.9199999999999999], [0, 11, 0.9166], [1, 2, 0.8387], [1, 7, 0.8775999999999999], [1, 8, 0.843], [2, 3, 0.9192999999999999], [2, 8, 0.9184], [2, 12, 0.8991], [3, 4, 0.9125], [3, 7, 0.8912000000000001], [3, 13, 0.9107999999999999], [4, 5, 0.8872], [4, 14, 0.9247000000000001], [4, 15, 0.9206], [5, 6, 0.8876999999999999], [5, 8, 0.913], [5, 16, 0.9192], [6, 7, 0.9118999999999999], [6, 17, 0.9238000000000001], [6, 18, 0.9216], [7, 19, 0.9085]], "x": 0.08981, "y": 1.2210900000000002, "z": 1.84115, "xx": 197.29911, "yy": 486.06991000000005, "zz": 232.74841, "xy": 24.7274, "xz": -27.46955, "yz": -35.723499999999994, "E_nn": 473.1186490749, "Ee": [66785.4, 70179.6, 71915.5], "T": [[0.08854, 0.3932, 0.08653], [0.07782, 0.0943, 0.13575], [0.02698, 0.16776, 0.20652]], "alpha": [[73.81862, 1.7334, -3.67269], [1.7334, 89.22909, 0.06375], [-3.67269, 0.06375, 77.78994]], "name": "31"}