{"energy": -385.33397547, "atomic_charge": [-0.141032, 0.12118400000000001, 0.063576, -0.27635699999999996, -0.24249199999999999, -0.09632099999999999, -0.06601100000000001, -0.2532110000000001, -0.24627299999999996, 0.165689, 0.11568900000000001, 0.11723200000000002, 0.11558300000000002, 0.112433, 0.11236, 0.085124, 0.082313, 0.116974, 0.11354099999999999], "bond_order": [[0, 1, 2.4408000000000003], [0, 9, 0.8907999999999999], [1, 2, 0.9663], [2, 3, 0.9074], [2, 7, 1.0130000000000001], [2, 8, 0.8753], [3, 4, 0.8858], [3, 10, 0.9176], [3, 11, 0.9228], [4, 5, 0.8938], [4, 12, 0.9289], [4, 13, 0.9301], [5, 6, 0.9218000000000001], [5, 8, 0.9063], [5, 14, 0.9154000000000001], [6, 7, 0.9809], [6, 15, 0.9173], [6, 16, 0.9185], [8, 17, 0.923], [8, 18, 0.9225]], "x": -2.8837800000000002, "y": 4.8603, "z": 0.27692, "xx": 229.07733, "yy": 628.89947, "zz": 193.98877000000002, "xy": -29.80937, "xz": -36.50948, "yz": -17.033690000000004, "E_nn": 451.3204667687, "Ee": [58297.8, 62183.1, 63097.3], "T": [[0.00947, 0.07339, 0.04734], [0.1379, 0.03813, 0.02442], [0.04685, 0.15585, 0.03685]], "alpha": [[66.57013, 0.36674, -2.67977], [0.36674, 101.29992, -0.62127], [-2.67977, -0.62127, 67.01595]], "name": "32"}