{"energy": -386.88066807999996, "atomic_charge": [-0.287268, -0.009506000000000014, -0.25444200000000006, -0.039924000000000015, 0.226221, -0.323764, -0.337214, -0.34555099999999994, 0.093333, 0.09855099999999997, 0.10425500000000001, 0.06368, 0.06341100000000001, 0.0729, 0.06639400000000001, 0.087832, 0.11311199999999999, 0.10134200000000002, 0.106128, 0.10766, 0.085659, 0.207187], "bond_order": [[0, 1, 0.9208999999999999], [0, 8, 0.9196], [0, 9, 0.9248000000000001], [0, 10, 0.9233000000000001], [1, 2, 0.9837], [1, 11, 0.9071000000000001], [1, 12, 0.9082999999999999], [2, 3, 0.9776], [3, 4, 0.9090999999999999], [3, 13, 0.9123], [3, 14, 0.9078999999999999], [4, 5, 0.8855000000000002], [4, 6, 0.9029999999999999], [4, 7, 0.9973000000000001], [5, 15, 0.9247000000000001], [5, 16, 0.9225], [5, 17, 0.9258], [6, 18, 0.9142], [6, 19, 0.9259000000000001], [6, 20, 0.9147], [7, 21, 0.9245]], "x": 1.85996, "y": 0.10823000000000002, "z": 2.5036600000000004, "xx": 539.7362700000001, "yy": 659.6533800000001, "zz": 170.68528999999998, "xy": 400.1471000000001, "xz": -34.71086999999999, "yz": -27.4478, "E_nn": 418.7156031211, "Ee": [67890.8, 68748.5, 76393.6], "T": [[0.03024, 0.02465, 0.41925], [0.24555, 0.11408, 0.1818], [0.2113, 0.07906, 0.08572]], "alpha": [[75.00323, 8.30468, -1.75897], [8.30468, 80.79122, -1.13345], [-1.75897, -1.13345, 67.29823]], "name": "34"}