{"energy": -401.6564984, "atomic_charge": [-0.339957, 0.010330000000000006, -0.06496399999999997, -0.057283, -0.317754, -0.080829, -0.228398, -0.21450199999999997, 0.217125, 0.046955, 0.094012, 0.10808499999999999, 0.058799, 0.08827099999999999, 0.20470899999999997, 0.125413, 0.11602299999999999, 0.11154799999999998, 0.12241199999999999], "bond_order": [[0, 1, 1.0249], [0, 8, 0.9083], [1, 2, 0.902], [1, 9, 0.9071], [1, 10, 0.9196], [2, 3, 0.8845], [2, 5, 0.9104000000000001], [2, 11, 0.9012], [3, 4, 0.9766], [3, 12, 0.9115000000000001], [3, 13, 0.9219], [4, 14, 0.9404], [5, 6, 0.8956000000000001], [5, 7, 0.8905000000000001], [5, 15, 0.9199], [6, 7, 0.9048], [6, 16, 0.9205000000000001], [6, 17, 0.9196], [7, 18, 0.942]], "x": -1.46422, "y": -2.2353099999999997, "z": -0.3665999999999999, "xx": 314.80132, "yy": 664.0146399999998, "zz": 145.28329, "xy": 147.51762, "xz": 60.33795, "yz": -72.15693000000002, "E_nn": 404.0223719761, "Ee": [61437.9, 64272.8, 68994.6], "T": [[0.03526, 0.16563, 0.16943], [0.05604, 0.00246, 0.01638], [0.00241, 0.12965, 0.33782]], "alpha": [[64.19586, 5.57467, 3.84317], [5.57467, 70.73203, -2.85266], [3.84317, -2.85266, 59.20294]], "name": "36"}