{"energy": -416.22482656000005, "atomic_charge": [-0.236207, 0.14434600000000003, -0.2578490000000001, -0.24219399999999996, -0.22957400000000003, -0.579026, 0.49312999999999996, 0.114116, -0.11065799999999998, 0.182635, 0.18538900000000003, 0.127361, 0.127332, 0.140662, 0.140536], "bond_order": [[0, 1, 1.2021000000000002], [0, 9, 0.8943], [0, 10, 0.9097], [1, 2, 1.9962], [1, 3, 0.8502], [3, 4, 0.8698], [3, 11, 0.9057999999999999], [3, 12, 0.9058999999999999], [4, 5, 1.1978], [4, 13, 0.898], [4, 14, 0.8981], [5, 6, 2.0302000000000002], [5, 7, 0.0776], [6, 7, 1.1495], [7, 8, 2.6062]], "x": 4.690689999999999, "y": 6.448029999999999, "z": -0.011469999999999998, "xx": 1054.4852199999998, "yy": 1027.74481, "zz": 49.5124, "xy": 868.5252200000001, "xz": -5.011970000000001, "yz": -3.1521000000000003, "E_nn": 357.4042368088, "Ee": [48405.6, 48631.4, 50541.6], "T": [[2e-05, 0.00028, 0.03739], [0.00019, 0.00029, 0.05847], [0.0203, 0.09493, 0.00048]], "alpha": [[97.14326, 27.92035, -0.08972], [27.92035, 81.19336, 0.28517], [-0.08972, 0.28517, 41.00555]], "name": "37"}