{"energy": -438.47074402000004, "atomic_charge": [-0.289912, 0.12059900000000001, -0.23676799999999998, -0.145101, -0.224665, -0.02998500000000004, -0.13010500000000003, 0.10769999999999996, -0.21711999999999998, 0.104921, 0.12082500000000002, 0.09482000000000002, 0.11759600000000002, 0.155572, 0.12271200000000002, 0.125928, 0.139503, 0.063482], "bond_order": [[0, 1, 0.9199], [0, 9, 0.9142], [0, 10, 0.9106000000000001], [0, 11, 0.9184], [1, 2, 0.8346], [1, 3, 0.8014], [1, 5, 0.8773], [2, 3, 0.9141], [2, 12, 0.9246], [3, 4, 0.8955], [3, 13, 0.9043], [4, 5, 0.9141000000000001], [4, 14, 0.9258], [4, 15, 0.9187000000000001], [5, 6, 0.9656], [5, 16, 0.9331], [6, 7, 1.0906], [7, 8, 2.0772], [7, 17, 0.8669]], "x": 1.0854599999999999, "y": 3.5655299999999994, "z": 6.770269999999999, "xx": 224.77611000000002, "yy": 325.44226999999995, "zz": 655.0011400000001, "xy": -14.02723, "xz": 84.61428000000001, "yz": 176.54634000000001, "E_nn": 459.4398168436, "Ee": [46362.8, 59483.1, 65147.6], "T": [[0.04374, 0.06649, 0.03358], [0.07598, 0.08858, 0.22152], [0.44812, 0.09298, 0.68256]], "alpha": [[66.34528, -0.72973, 5.71224], [-0.72973, 67.81265, 4.99347], [5.71224, 4.99347, 78.99844]], "name": "38"}