{"energy": -365.52334571000006, "atomic_charge": [-0.24860200000000002, -0.233443, 3.100000000000325e-05, -0.07332100000000003, -0.26388599999999995, -0.06788899999999999, -0.095055, -0.056963, -0.189095, 0.109543, 0.11099300000000001, 0.109597, 0.11030599999999999, 0.104349, 0.10876399999999999, 0.11043499999999999, 0.11054300000000002, 0.12623800000000002, 0.12385499999999999, 0.1036], "bond_order": [[0, 1, 0.8846999999999999], [0, 7, 0.9017999999999999], [0, 9, 0.9298000000000001], [0, 10, 0.9292], [1, 2, 0.9008999999999999], [1, 11, 0.929], [1, 12, 0.9228999999999999], [2, 3, 0.8861], [2, 8, 0.9306], [2, 13, 0.9280999999999999], [3, 4, 0.9028], [3, 7, 0.8776999999999999], [3, 14, 0.9122], [4, 5, 0.9162999999999999], [4, 15, 0.9216000000000001], [4, 16, 0.9258000000000001], [5, 6, 0.8841], [5, 8, 0.891], [5, 17, 0.9131999999999999], [6, 7, 0.9198], [6, 8, 0.8721], [6, 18, 0.9095], [7, 19, 0.9191999999999999]], "x": -1.32358, "y": 1.6634600000000002, "z": -2.16698, "xx": 234.17599, "yy": 425.44896000000006, "zz": 212.98443999999995, "xy": -68.89106999999998, "xz": 11.151199999999998, "yz": -31.928939999999997, "E_nn": 477.9516068837, "Ee": [65669.2, 71044.4, 71903.9], "T": [[0.16426, 0.13982, 0.05856], [0.20535, 0.12357, 0.07883], [0.09646, 0.07852, 0.31789]], "alpha": [[76.52458, -4.34946, -1.66468], [-4.34946, 86.54947, -1.52245], [-1.66468, -1.52245, 74.16256]], "name": "4"}