{"energy": -386.5621870599999, "atomic_charge": [-0.338861, -0.008709999999999996, -0.05660200000000004, -0.22046699999999997, 0.28668899999999997, -0.299508, -0.290489, -0.19017699999999998, -0.21633999999999998, 0.09802600000000002, 0.104971, 0.10637500000000001, 0.10805399999999998, 0.10636799999999999, 0.060585999999999994, 0.11866399999999998, 0.120849, 0.11845, 0.11247300000000002, 0.14546800000000001, 0.134186], "bond_order": [[0, 1, 0.8890999999999999], [0, 9, 0.9207], [0, 10, 0.9254], [0, 11, 0.9238999999999999], [1, 2, 0.9051], [1, 8, 0.8913000000000001], [1, 12, 0.9034], [2, 3, 0.9815], [2, 13, 0.9257], [2, 14, 0.9065000000000001], [3, 4, 1.0449000000000002], [4, 5, 0.8217], [4, 6, 0.8039], [4, 7, 0.9158000000000001], [5, 6, 0.9047999999999999], [5, 15, 0.9296], [5, 16, 0.9213999999999999], [6, 17, 0.9218999999999999], [6, 18, 0.9228999999999999], [7, 8, 1.6950999999999998], [7, 19, 0.8892], [8, 20, 0.9097]], "x": -0.06148999999999999, "y": 4.23517, "z": 0.33553, "xx": 347.75083, "yy": 672.67677, "zz": 250.04098000000005, "xy": -347.08514, "xz": -6.49362, "yz": 34.95405999999999, "E_nn": 460.3495944225, "Ee": [56382.4, 61641.5, 62512.9], "T": [[0.75961, 0.89636, 0.27398], [0.70096, 0.85157, 0.01346], [0.21452, 0.0158, 0.12873]], "alpha": [[81.21225, -20.80812, 0.01015], [-20.80812, 95.30559, 1.40879], [0.01015, 1.40879, 77.29431]], "name": "45"}