{"energy": -422.41855480000004, "atomic_charge": [-0.322729, -0.117133, -0.11635000000000001, 0.02812199999999998, -0.24986600000000003, -0.04179000000000005, 0.08388100000000001, -0.295197, -0.09478999999999999, 0.09359900000000002, 0.10586199999999998, 0.106428, 0.10439600000000002, 0.10350699999999999, 0.128405, 0.07693, 0.08789899999999999, 0.211287, 0.107538], "bond_order": [[0, 1, 0.8986000000000001], [0, 9, 0.9236], [0, 10, 0.9237000000000001], [0, 11, 0.9238999999999999], [1, 2, 0.8968], [1, 8, 0.9025], [1, 12, 0.9127000000000001], [2, 3, 0.8686999999999999], [2, 6, 0.8711], [2, 13, 0.8876], [3, 4, 0.9920999999999999], [3, 8, 0.8762000000000001], [3, 14, 0.9183], [4, 5, 0.9884999999999999], [5, 6, 0.9521], [5, 15, 0.9062], [5, 16, 0.9156], [6, 7, 1.0531000000000001], [6, 8, 0.8865], [7, 17, 0.9379], [8, 18, 0.8878]], "x": -2.8265299999999995, "y": 4.73029, "z": -0.8302300000000001, "xx": 389.52396, "yy": 525.0073799999999, "zz": 134.93312000000003, "xy": -122.18476000000001, "xz": 60.752010000000006, "yz": -21.81872, "E_nn": 482.0679304795, "Ee": [62293.8, 65292.3, 68814.4], "T": [[0.05036, 0.04022, 0.07652], [0.08243, 0.15591, 0.01342], [0.0758, 0.04319, 0.21181]], "alpha": [[71.01042, -7.55515, 1.35736], [-7.55515, 82.49127, 0.14177], [1.35736, 0.14177, 66.47407]], "name": "46"}