{"energy": -402.56266026, "atomic_charge": [-0.353002, -0.055093, -0.08964499999999999, -0.11806, -0.063253, -0.268725, 0.03389900000000001, -0.157533, -0.16617600000000005, 0.12050799999999998, 0.11008399999999999, 0.11514, 0.112088, 0.115616, 0.131936, 0.104116, 0.095579, 0.110961, 0.113955, 0.10760700000000001], "bond_order": [[0, 1, 0.8892], [0, 9, 0.8978], [0, 10, 0.9207], [0, 11, 0.9208], [1, 2, 0.9031], [1, 8, 0.8941], [1, 12, 0.9265], [2, 3, 0.8947999999999998], [2, 8, 0.8627], [2, 13, 0.9184], [3, 4, 0.9318000000000001], [3, 6, 0.8914], [3, 14, 0.9178], [4, 5, 0.9476], [4, 15, 0.9169], [4, 16, 0.9108999999999999], [5, 6, 0.964], [6, 7, 0.876], [6, 17, 0.926], [7, 8, 0.9477], [7, 18, 0.9246], [7, 19, 0.9168]], "x": -2.49486, "y": 1.6662799999999998, "z": 0.8889100000000001, "xx": 334.40489, "yy": 274.06915, "zz": 362.68812, "xy": 3.9581100000000005, "xz": -95.52009999999999, "yz": -60.36465999999999, "E_nn": 486.0893203747, "Ee": [59702.0, 62421.6, 64702.5], "T": [[0.06114, 0.19204, 0.01462], [0.10454, 0.15397, 0.10692], [0.06485, 0.09377, 0.24801]], "alpha": [[78.24294, -3.36838, -2.34215], [-3.36838, 70.04819, 1.129], [-2.34215, 1.129, 77.72043]], "name": "5"}