{"energy": -437.26390519, "atomic_charge": [-0.311518, -0.044632000000000005, -0.14139400000000002, 0.021178000000000002, -0.32809400000000005, -0.265559, 0.039258000000000015, -0.032060000000000005, -0.07225499999999999, 0.22449200000000002, 0.15963999999999998, 0.157827, 0.11801999999999999, 0.21886799999999998, 0.13184399999999996, 0.12438300000000002], "bond_order": [[0, 1, 1.1065999999999998], [0, 9, 0.8959], [1, 2, 0.9148000000000001], [1, 6, 0.8054], [1, 10, 0.9292000000000001], [2, 3, 0.9109], [2, 6, 0.7424], [2, 11, 0.8993], [3, 4, 0.9741000000000001], [3, 5, 0.8946000000000001], [3, 12, 0.9319], [4, 13, 0.9308], [5, 6, 0.8952], [5, 14, 0.9204], [5, 15, 0.9177], [6, 7, 0.9332999999999999], [7, 8, 2.844]], "x": -0.8308899999999998, "y": 2.17631, "z": 3.2837199999999998, "xx": 210.86356999999995, "yy": 444.32395, "zz": 459.80037999999996, "xy": 90.33747, "xz": -0.60025, "yz": 260.18172, "E_nn": 437.7846165214, "Ee": [58810.9, 61802.5, 64958.3], "T": [[0.2493, 0.23962, 0.225], [0.29386, 0.30167, 0.16619], [0.16084, 0.17152, 0.09266]], "alpha": [[60.15819, 3.16595, 0.22044], [3.16595, 70.43284, 15.11784], [0.22044, 15.11784, 69.96305]], "name": "50"}