{"energy": -363.31842668999997, "atomic_charge": [-0.227269, -0.062149, 0.101664, -0.290621, 0.05961200000000001, -0.117978, -0.15812200000000004, -0.280789, 0.112988, 0.117354, 0.10996499999999998, 0.109729, 0.11875500000000001, 0.108703, 0.106431, 0.10139799999999999, 0.09033], "bond_order": [[0, 1, 0.8945000000000001], [0, 6, 0.9069], [0, 8, 0.9089], [0, 9, 0.9178000000000001], [1, 2, 0.9227], [1, 6, 0.8605], [1, 10, 0.9184], [2, 3, 0.8865999999999999], [2, 7, 0.922], [2, 11, 0.9237000000000001], [3, 4, 0.8993], [3, 12, 0.9227], [3, 13, 0.9146], [4, 5, 0.8935], [4, 7, 0.947], [4, 14, 0.9218999999999999], [5, 6, 0.9277], [5, 15, 0.9238999999999999], [5, 16, 0.9169999999999999]], "x": -2.21323, "y": 2.2831399999999995, "z": 0.76718, "xx": 233.02706999999998, "yy": 193.75198, "zz": 301.34318, "xy": 6.643620000000001, "xz": 70.50197999999997, "yz": -56.86800000000001, "E_nn": 400.2056081326, "Ee": [60797.5, 62597.1, 64751.2], "T": [[0.15059, 0.0605, 0.14617], [0.03584, 0.17671, 0.07831], [0.24816, 0.00993, 0.18188]], "alpha": [[65.10111, 1.61824, 0.60884], [1.61824, 62.53365, -5.28375], [0.60884, -5.28375, 67.05403]], "name": "51"}