{"energy": -354.99477107999996, "atomic_charge": [-0.17129100000000003, 0.08427299999999993, -0.119761, -0.11666499999999999, -0.142167, -0.04890699999999999, -0.05118700000000001, 0.22201200000000001, 0.170366, 0.173324], "bond_order": [[0, 1, 1.2451999999999999], [0, 7, 0.9111], [1, 2, 1.3484], [1, 6, 1.4828000000000001], [2, 3, 1.4687], [3, 4, 1.1999], [3, 8, 0.8956999999999999], [4, 5, 1.4744000000000002], [4, 9, 0.9007999999999999], [5, 6, 1.172]], "x": 0.0022299999999999998, "y": -1.4311100000000003, "z": -1.3722999999999999, "xx": 29.800340000000006, "yy": 357.19082000000003, "zz": 188.95655000000005, "xy": 9.25186, "xz": -4.94489, "yz": 1.72333, "E_nn": 282.2385869203, "Ee": [28444.9, 40185.3, 49286.7], "T": [[0.27549, 0.00778, 0.00871], [0.01631, 0.00057, 0.00037], [0.0146, 0.00014, 0.00109]], "alpha": [[22.97902, 1.27397, -0.89196], [1.27397, 69.11852, 1.98525], [-0.89196, 1.98525, 53.20906]], "name": "55"}