{"energy": -363.38751327, "atomic_charge": [-0.2822970000000001, 0.012778000000000012, 0.05101600000000006, -0.163962, -0.09818900000000003, -0.316215, -0.094949, -0.16536, 0.055411, 0.111088, 0.12928099999999998, 0.14278200000000002, 0.135424, 0.12282300000000002, 0.14119400000000001, 0.11291900000000002, 0.106254], "bond_order": [[0, 1, 1.9758000000000002], [1, 2, 1.1575], [1, 8, 0.8928], [2, 3, 0.9058], [2, 7, 0.9458], [3, 4, 0.9198999999999999], [3, 9, 0.9251999999999999], [3, 10, 0.9117999999999999], [4, 5, 0.8617], [4, 6, 0.8291000000000001], [4, 11, 0.9199999999999999], [5, 6, 0.8594], [5, 12, 0.9236], [5, 13, 0.9198999999999999], [6, 7, 0.9196999999999999], [6, 14, 0.9187], [7, 15, 0.9173], [7, 16, 0.9218999999999999]], "x": 2.95265, "y": 3.34859, "z": 1.6934, "xx": 383.12608000000006, "yy": 351.14434000000006, "zz": 186.51684000000003, "xy": 165.81845999999996, "xz": 124.13702000000002, "yz": 117.08068, "E_nn": 378.5640722207, "Ee": [46726.5, 58071.9, 64613.2], "T": [[0.0151, 0.00484, 0.11132], [0.60091, 0.71539, 0.79758], [0.01052, 0.02212, 0.42571]], "alpha": [[69.3071, 3.49153, 7.7364], [3.49153, 72.51356, 7.25582], [7.7364, 7.25582, 62.34426]], "name": "56"}