{"energy": -381.46568231000003, "atomic_charge": [-0.284624, 0.15190399999999998, -0.132333, -0.084343, -0.14023200000000002, -0.17784, -0.137373, -0.073119, -0.20179799999999998, 0.10460399999999997, 0.100581, 0.103686, 0.12988, 0.127953, 0.098851, 0.10383800000000001, 0.097797, 0.10593499999999997, 0.10663000000000002], "bond_order": [[0, 1, 0.9086000000000001], [0, 9, 0.9121], [0, 10, 0.9185], [0, 11, 0.9180999999999999], [1, 2, 0.9004], [1, 5, 0.8380000000000001], [1, 7, 0.8862], [2, 3, 0.9022], [2, 8, 0.8640000000000001], [2, 12, 0.8935000000000001], [3, 4, 0.9083], [3, 8, 0.8949], [3, 13, 0.9114], [4, 5, 0.9516999999999999], [4, 14, 0.9251], [4, 15, 0.9241999999999999], [5, 6, 0.8952], [6, 7, 0.9272999999999999], [6, 16, 0.9197000000000001], [6, 17, 0.9236000000000001], [7, 8, 0.9175], [7, 18, 0.9134000000000001]], "x": 0.35775999999999997, "y": 2.7695099999999995, "z": 1.65743, "xx": 228.56410000000002, "yy": 380.99459999999993, "zz": 268.32993999999997, "xy": -28.38929, "xz": -20.19274, "yz": 3.8896100000000002, "E_nn": 475.3210111374, "Ee": [55453.0, 59712.1, 64169.5], "T": [[0.12544, 0.13163, 0.08999], [0.03051, 0.00669, 0.10675], [0.30433, 0.06581, 0.0103]], "alpha": [[75.42002, -3.99947, -4.30686], [-3.99947, 80.07582, -3.65443], [-4.30686, -3.65443, 73.05761]], "name": "59"}