{"energy": -364.21853795000004, "atomic_charge": [-0.344086, -0.09873799999999999, -0.098374, -0.09485099999999999, -0.096859, -0.11116899999999999, -0.081397, -0.013894999999999998, -0.20946499999999996, 0.130473, 0.120397, 0.138936, 0.137852, 0.11805199999999999, 0.12751999999999997, 0.12822499999999998, 0.120579, 0.126799], "bond_order": [[0, 1, 0.8637000000000001], [0, 2, 0.8673000000000001], [0, 9, 0.9239], [0, 10, 0.9197], [1, 2, 0.7912], [1, 6, 0.9433999999999999], [1, 11, 0.9122999999999999], [2, 3, 0.9436], [2, 12, 0.9125], [3, 4, 0.9312], [3, 7, 0.8805999999999999], [3, 13, 0.9173], [4, 5, 0.8805999999999999], [4, 8, 0.8838999999999999], [4, 14, 0.9], [5, 6, 0.9296], [5, 8, 0.8849999999999999], [5, 15, 0.9011], [6, 7, 0.8801], [6, 16, 0.9151], [7, 8, 0.8779], [7, 17, 0.9067]], "x": -1.34313, "y": 2.28415, "z": 2.4873499999999997, "xx": 240.92542000000003, "yy": 311.76473999999996, "zz": 296.2712100000001, "xy": -63.23185000000001, "xz": -85.04726, "yz": 143.54388, "E_nn": 451.6314272666, "Ee": [64005.9, 67865.2, 68030.4], "T": [[0.10279, 0.17556, 0.24479], [0.05784, 0.09619, 0.03148], [0.14833, 0.08874, 0.00138]], "alpha": [[74.67336, -2.69436, -2.7423], [-2.69436, 77.86527, 4.74869], [-2.7423, 4.74869, 70.63089]], "name": "6"}