{"energy": -438.48222760000004, "atomic_charge": [-0.337528, 0.027448, -0.114586, -0.11560199999999998, -0.044430000000000025, -0.23826799999999992, -0.029256000000000004, -0.204137, -0.15993200000000002, 0.215524, 0.12450799999999998, 0.09543499999999999, 0.11375000000000002, 0.13803500000000002, 0.099941, 0.129085, 0.15049600000000002, 0.14951599999999998], "bond_order": [[0, 1, 1.0252999999999999], [0, 9, 0.9118999999999999], [1, 2, 0.8746999999999999], [1, 8, 0.8628], [1, 10, 0.9286], [2, 3, 0.9581000000000001], [2, 11, 0.9114], [2, 12, 0.906], [3, 4, 1.9163000000000003], [4, 5, 0.9932], [4, 13, 0.8957999999999999], [5, 6, 0.9062], [6, 7, 0.8809], [6, 14, 0.9333], [6, 15, 0.9178999999999999], [7, 8, 1.7223], [7, 16, 0.8999], [8, 17, 0.9036]], "x": 1.9934200000000004, "y": -1.6772, "z": -0.42115, "xx": 369.05655999999993, "yy": 213.20809, "zz": 411.28474000000006, "xy": 9.67078, "xz": 0.29056000000000004, "yz": -62.30823000000001, "E_nn": 473.904739723, "Ee": [46596.2, 57662.0, 61453.4], "T": [[0.05884, 0.1335, 0.09478], [0.17461, 0.08862, 0.07965], [0.00723, 0.00599, 0.50774]], "alpha": [[65.77595, -2.86118, 1.1114], [-2.86118, 61.67358, -11.61494], [1.1114, -11.61494, 84.14962]], "name": "8"}